
🚀 STARTING UNIFIED POS + INVENTORY SIMULATION
══════════════════════════════════════════════════
Outlets: 10 SG outlets
Interval: 5s
Count: ∞ (infinite)
══════════════════════════════════════════════════

Press Ctrl+C to stop

💰 [8:47:53 AM] TXN-1787881673279-201-716942
   Outlet 201 | Staff: None | 2 items | S$27.14
   🚨 OUT OF STOCK: LMT_MIE_GORENG, BEV_KOPI_O
🛒 [8:48:01 AM] TXN-1787881681102-171-944365
   Outlet 171 | Staff: Ng Jun Hao | 3 items | S$31.27
   ⚠️ LOW STOCK: LMT_PRAWN_CRACKERS
   🚨 OUT OF STOCK: BEV_LATTE, BEV_MILO
💰 [8:48:08 AM] TXN-1787881688664-168-841791
   Outlet 168 | Staff: Sanjay S/O Ramesh | 2 items | S$18.29
   🚨 OUT OF STOCK: BEV_MILO, BEV_LATTE
🛒 [8:48:18 AM] TXN-1787881698909-165-703687
   Outlet 165 | Staff: Ahmad Faiz Bin Hassan | 4 items | S$59.00
   🚨 OUT OF STOCK: MNL_KWAY_TEOW, BEV_KOPI_O, BEV_KOPI_O, BEV_ICED_TEA
💰 [8:48:27 AM] TXN-1787881707404-200-724347
   Outlet 200 | Staff: Syaza Aina | 1 items | S$15.34
   🚨 OUT OF STOCK: MNL_KWAY_TEOW
🛒 [8:48:34 AM] TXN-1787881714572-169-840452
   Outlet 169 | Staff: Ng Jun Hao | 4 items | S$59.00
   🚨 OUT OF STOCK: LMT_MIE_GORENG, BEV_MILO, MNL_KWAY_TEOW, BEV_MILO
💰 [8:48:42 AM] TXN-1787881722902-170-892598
   Outlet 170 | Staff: Rajesh Kumar | 1 items | S$8.26
   🚨 OUT OF STOCK: BEV_MILO
💰 [8:48:51 AM] TXN-1787881731172-164-126544
   Outlet 164 | Staff: Batch Staff 1 | 2 items | S$43.66
   🚨 OUT OF STOCK: MNL_KWAY_TEOW, LMT_NASI_GORENG
🛒 [8:48:58 AM] TXN-1787881738259-170-867620
   Outlet 170 | Staff: Ng Jun Hao | 4 items | S$66.08
   🚨 OUT OF STOCK: LMT_NASI_GORENG, BEV_LATTE, BEV_KOPI_O, BEV_MILO
🛒 [8:49:06 AM] TXN-1787881746354-202-652273
   Outlet 202 | Staff: None | 3 items | S$40.71
   🚨 OUT OF STOCK: LMT_SATE, BEV_KOPI_O, BEV_KOPI_O

📊 STATS:
   Total Sales: 10
   Total Revenue: S$368.75
   Avg Ticket: S$36.87
   Low Stock Alerts: 1
   Out of Stock: 10
──────────────────────────────────────────────────
🛒 [8:49:13 AM] TXN-1787881753309-171-661714
   Outlet 171 | Staff: Ng Jun Hao | 4 items | S$53.69
   🚨 OUT OF STOCK: LMT_SATE, BEV_KOPI_O, BEV_KOPI_O, BEV_ICED_TEA
🛒 [8:49:20 AM] TXN-1787881760647-201-140135
   Outlet 201 | Staff: None | 5 items | S$67.85
   🚨 OUT OF STOCK: LMT_MIE_GORENG, BEV_KOPI_O, BEV_ORANGE_JUICE, BEV_MILO, LMT_NASI_GORENG
💰 [8:49:34 AM] TXN-1787881774196-201-818983
   Outlet 201 | Staff: None | 1 items | S$10.03
   🚨 OUT OF STOCK: BEV_LATTE
🛒 [8:49:42 AM] TXN-1787881782283-171-992227
   Outlet 171 | Staff: Lee Jia En | 3 items | S$43.66
   🚨 OUT OF STOCK: LMT_NASI_GORENG, BEV_MILO, BEV_ICED_TEA
🛒 [8:49:51 AM] TXN-1787881791129-167-443569
   Outlet 167 | Staff: Tan Wei Ming | 5 items | S$59.59
   🚨 OUT OF STOCK: LMT_PRAWN_CRACKERS, BEV_ICED_TEA, LMT_MIE_GORENG, BEV_MILO, BEV_MILO
💰 [8:50:00 AM] TXN-1787881800181-165-517899
   Outlet 165 | Staff: Lee Jia En | 2 items | S$34.22
   🚨 OUT OF STOCK: MNL_CHICKEN_RICE, BEV_ORANGE_JUICE
🛒 [8:50:07 AM] TXN-1787881807588-202-268465
   Outlet 202 | Staff: None | 5 items | S$90.27
   🚨 OUT OF STOCK: LMT_MIE_GORENG, BEV_ORANGE_JUICE, BEV_MILO, MNL_BEEG_HOON, BEV_ICED_TEA
🛒 [8:50:16 AM] TXN-1787881816593-202-825576
   Outlet 202 | Staff: None | 3 items | S$36.58
   🚨 OUT OF STOCK: MNL_CHICKEN_RICE, BEV_LATTE, BEV_LATTE
💰 [8:50:24 AM] TXN-1787881824154-170-682630
   Outlet 170 | Staff: Ng Jun Hao | 1 items | S$12.98
   🚨 OUT OF STOCK: MNL_RICE_BOWL
💰 [8:50:30 AM] TXN-1787881830819-164-741840
   Outlet 164 | Staff: Ahmad Faiz Bin Hassan | 1 items | S$10.03
   🚨 OUT OF STOCK: BEV_LATTE

📊 STATS:
   Total Sales: 20
   Total Revenue: S$787.65
   Avg Ticket: S$39.38
   Low Stock Alerts: 1
   Out of Stock: 20
──────────────────────────────────────────────────
💰 [8:50:39 AM] TXN-1787881839063-201-829655
   Outlet 201 | Staff: None | 2 items | S$12.39
   ⚠️ LOW STOCK: LMT_PRAWN_CRACKERS
   🚨 OUT OF STOCK: BEV_KOPI_O
🛒 [8:50:46 AM] TXN-1787881846021-202-910413
   Outlet 202 | Staff: None | 4 items | S$55.46
   🚨 OUT OF STOCK: LMT_ROTI_CANAI, BEV_MILO, BEV_MILO, BEV_ICED_TEA
🛒 [8:50:53 AM] TXN-1787881853925-201-586241
   Outlet 201 | Staff: None | 3 items | S$24.78
   ⚠️ LOW STOCK: LMT_PRAWN_CRACKERS, LMT_PRAWN_CRACKERS
   🚨 OUT OF STOCK: BEV_KOPI_O
💰 [8:51:00 AM] TXN-1787881860810-201-921597
   Outlet 201 | Staff: None | 2 items | S$12.98
   ⚠️ LOW STOCK: LMT_PRAWN_CRACKERS
   🚨 OUT OF STOCK: BEV_MILO
🛒 [8:51:08 AM] TXN-1787881868022-170-178566
   Outlet 170 | Staff: Muhd Danish Bin Razak | 5 items | S$97.94
   🚨 OUT OF STOCK: MNL_LAKSA, BEV_LATTE, BEV_MILO, BEV_MILO, MNL_LAKSA
🛒 [8:51:16 AM] TXN-1787881876464-164-901726
   Outlet 164 | Staff: Rajesh Kumar | 4 items | S$70.21
   🚨 OUT OF STOCK: MNL_LAKSA, BEV_ORANGE_JUICE, BEV_ORANGE_JUICE, BEV_MILO
💰 [8:51:24 AM] TXN-1787881884117-171-410742
   Outlet 171 | Staff: Priya D/O Mani | 1 items | S$6.49
   🚨 OUT OF STOCK: BEV_ICED_TEA
💰 [8:51:30 AM] TXN-1787881890536-167-405552
   Outlet 167 | Staff: Ng Jun Hao | 1 items | S$4.72
   🚨 OUT OF STOCK: LMT_PRAWN_CRACKERS
💰 [8:51:36 AM] TXN-1787881896980-169-105380
   Outlet 169 | Staff: Tan Wei Ming | 1 items | S$9.44
   🚨 OUT OF STOCK: LMT_ROTI_CANAI
💰 [8:51:43 AM] TXN-1787881903509-200-650067
   Outlet 200 | Staff: Kumar Sanjay | 2 items | S$20.06
   🚨 OUT OF STOCK: LMT_MIE_GORENG, BEV_MILO

📊 STATS:
   Total Sales: 30
   Total Revenue: S$1102.12
   Avg Ticket: S$36.74
   Low Stock Alerts: 4
   Out of Stock: 30
──────────────────────────────────────────────────
🛒 [8:51:51 AM] TXN-1787881911778-200-921369
   Outlet 200 | Staff: Kumar Sanjay | 3 items | S$74.34
   🚨 OUT OF STOCK: LMT_SATE, MNL_LAKSA, BEV_LATTE
🛒 [8:51:59 AM] TXN-1787881919360-169-262190
   Outlet 169 | Staff: Sanjay S/O Ramesh | 5 items | S$42.48
   ⚠️ LOW STOCK: LMT_PRAWN_CRACKERS
   🚨 OUT OF STOCK: BEV_MILO, BEV_KOPI_O, LMT_NASI_GORENG, BEV_KOPI_O
🛒 [8:52:07 AM] TXN-1787881927533-167-156950
   Outlet 167 | Staff: Rajesh Kumar | 3 items | S$34.22
   🚨 OUT OF STOCK: BEV_ORANGE_JUICE, BEV_LATTE, BEV_KOPI_O
🛒 [8:52:14 AM] TXN-1787881934622-165-174253
   Outlet 165 | Staff: Tan Wei Ming | 4 items | S$55.46
   🚨 OUT OF STOCK: LMT_MIE_GORENG, MNL_LAKSA, BEV_ORANGE_JUICE, BEV_MILO
💰 [8:52:22 AM] TXN-1787881942303-167-809864
   Outlet 167 | Staff: Tan Wei Ming | 2 items | S$30.68
   🚨 OUT OF STOCK: MNL_RICE_BOWL, LMT_SATE
💰 [8:52:28 AM] TXN-1787881948711-200-364552
   Outlet 200 | Staff: Priya D/O Mani | 1 items | S$8.85
   🚨 OUT OF STOCK: BEV_ORANGE_JUICE
🛒 [8:52:35 AM] TXN-1787881955289-164-188247
   Outlet 164 | Staff: Nurul Huda Bte Ali | 5 items | S$60.18
   🚨 OUT OF STOCK: BEV_MILO, BEV_KOPI_O, BEV_LATTE, MNL_CHICKEN_RICE, BEV_KOPI_O
🛒 [8:52:42 AM] TXN-1787881962946-169-732510
   Outlet 169 | Staff: Muhd Danish Bin Razak | 5 items | S$64.90
   🚨 OUT OF STOCK: MNL_BEEG_HOON, BEV_ORANGE_JUICE, BEV_ORANGE_JUICE, BEV_LATTE, BEV_MILO
🛒 [8:52:51 AM] TXN-1787881971123-165-237403
   Outlet 165 | Staff: Muhd Danish Bin Razak | 4 items | S$50.74
   🚨 OUT OF STOCK: LMT_SATE, BEV_MILO, BEV_MILO, BEV_MILO
🛒 [8:52:58 AM] TXN-1787881978292-168-937730
   Outlet 168 | Staff: Lee Jia En | 5 items | S$93.81
   🚨 OUT OF STOCK: BEV_LATTE, BEV_ORANGE_JUICE, LMT_NASI_GORENG, BEV_ORANGE_JUICE, BEV_LATTE

📊 STATS:
   Total Sales: 40
   Total Revenue: S$1617.78
   Avg Ticket: S$40.44
   Low Stock Alerts: 5
   Out of Stock: 40
──────────────────────────────────────────────────
💰 [8:53:07 AM] TXN-1787881987852-200-576703
   Outlet 200 | Staff: Priya D/O Mani | 1 items | S$18.88
   🚨 OUT OF STOCK: MNL_BEEG_HOON
💰 [8:53:14 AM] TXN-1787881994224-168-919280
   Outlet 168 | Staff: Lee Jia En | 2 items | S$29.50
   🚨 OUT OF STOCK: LMT_SATE, LMT_MIE_GORENG
💰 [8:53:21 AM] TXN-1787882001290-200-242347
   Outlet 200 | Staff: Kumar Sanjay | 2 items | S$23.01
   🚨 OUT OF STOCK: LMT_NASI_GORENG, BEV_ORANGE_JUICE
🛒 [8:53:27 AM] TXN-1787882007930-168-357178
   Outlet 168 | Staff: Sanjay S/O Ramesh | 4 items | S$69.03
   🚨 OUT OF STOCK: MNL_BEEG_HOON, LMT_SATE, BEV_ICED_TEA, MNL_RICE_BOWL
🛒 [8:53:35 AM] TXN-1787882015169-201-228165
   Outlet 201 | Staff: None | 5 items | S$53.10
   🚨 OUT OF STOCK: LMT_SATE, BEV_KOPI_O, BEV_LATTE, BEV_KOPI_O, BEV_LATTE
🛒 [8:53:42 AM] TXN-1787882022692-169-885091
   Outlet 169 | Staff: Koh Jia Yi | 4 items | S$49.56
   🚨 OUT OF STOCK: LMT_SATE, BEV_ORANGE_JUICE, BEV_MILO, BEV_ICED_TEA
🛒 [8:53:49 AM] TXN-1787882029966-170-733093
   Outlet 170 | Staff: Lee Jia En | 5 items | S$70.21
   ⚠️ LOW STOCK: LMT_PRAWN_CRACKERS
   🚨 OUT OF STOCK: MNL_RICE_BOWL, LMT_NASI_GORENG, BEV_ICED_TEA, BEV_ORANGE_JUICE
🛒 [8:53:57 AM] TXN-1787882037549-171-881490
   Outlet 171 | Staff: Chua Kai Xin | 4 items | S$57.23
   🚨 OUT OF STOCK: MNL_CHICKEN_RICE, BEV_KOPI_O, BEV_ORANGE_JUICE, BEV_KOPI_O
💰 [8:54:04 AM] TXN-1787882044690-165-341397
   Outlet 165 | Staff: Tan Wei Ming | 2 items | S$27.14
   🚨 OUT OF STOCK: BEV_ORANGE_JUICE, MNL_LAKSA
🛒 [8:54:11 AM] TXN-1787882051559-200-725670
   Outlet 200 | Staff: Syaza Aina | 3 items | S$41.89
   🚨 OUT OF STOCK: MNL_BEEG_HOON, BEV_LATTE, BEV_ICED_TEA

📊 STATS:
   Total Sales: 50
   Total Revenue: S$2057.33
   Avg Ticket: S$41.15
   Low Stock Alerts: 6
   Out of Stock: 50
──────────────────────────────────────────────────
🛒 [8:54:18 AM] TXN-1787882058515-200-903743
   Outlet 200 | Staff: Syaza Aina | 3 items | S$46.61
   🚨 OUT OF STOCK: LMT_SATE, BEV_LATTE, BEV_ORANGE_JUICE
💰 [8:54:25 AM] TXN-1787882065598-200-301211
   Outlet 200 | Staff: Kumar Sanjay | 2 items | S$17.11
   🚨 OUT OF STOCK: BEV_KOPI_O, LMT_PRAWN_CRACKERS
💰 [8:54:33 AM] TXN-1787882073174-202-295180
   Outlet 202 | Staff: None | 1 items | S$8.26
   🚨 OUT OF STOCK: BEV_MILO
🛒 [8:54:39 AM] TXN-1787882079340-201-288525
   Outlet 201 | Staff: None | 5 items | S$123.90
   🚨 OUT OF STOCK: LMT_MIE_GORENG, BEV_ORANGE_JUICE, MNL_LAKSA, BEV_LATTE, MNL_BEEG_HOON
💰 [8:54:47 AM] TXN-1787882087928-168-423481
   Outlet 168 | Staff: Nurul Huda Bte Ali | 1 items | S$18.88
   🚨 OUT OF STOCK: MNL_BEEG_HOON
🛒 [8:54:54 AM] TXN-1787882094383-202-254461
   Outlet 202 | Staff: None | 5 items | S$78.47
   🚨 OUT OF STOCK: LMT_SATE, BEV_LATTE, MNL_KWAY_TEOW, BEV_KOPI_O, BEV_LATTE
💰 [8:55:01 AM] TXN-1787882101860-201-543331
   Outlet 201 | Staff: None | 1 items | S$18.29
   🚨 OUT OF STOCK: MNL_LAKSA
💰 [8:55:08 AM] TXN-1787882108216-201-170837
   Outlet 201 | Staff: None | 2 items | S$16.52
   🚨 OUT OF STOCK: BEV_ICED_TEA, BEV_LATTE
💰 [8:55:15 AM] TXN-1787882115250-167-128233
   Outlet 167 | Staff: Tan Wei Ming | 2 items | S$22.42
   🚨 OUT OF STOCK: LMT_NASI_GORENG, BEV_MILO
💰 [8:55:22 AM] TXN-1787882122296-171-651363
   Outlet 171 | Staff: Nurul Huda Bte Ali | 2 items | S$35.40
   🚨 OUT OF STOCK: LMT_SATE, BEV_ORANGE_JUICE

📊 STATS:
   Total Sales: 60
   Total Revenue: S$2443.19
   Avg Ticket: S$40.72
   Low Stock Alerts: 6
   Out of Stock: 60
──────────────────────────────────────────────────
💰 [8:55:28 AM] TXN-1787882128823-202-915438
   Outlet 202 | Staff: None | 1 items | S$18.29
   🚨 OUT OF STOCK: MNL_LAKSA
💰 [8:55:34 AM] TXN-1787882134977-169-620385
   Outlet 169 | Staff: Tan Wei Ming | 2 items | S$20.65
   🚨 OUT OF STOCK: MNL_RICE_BOWL, BEV_KOPI_O
🛒 [8:55:41 AM] TXN-1787882141865-169-281573
   Outlet 169 | Staff: Ng Jun Hao | 5 items | S$57.82
   🚨 OUT OF STOCK: MNL_LAKSA, BEV_KOPI_O, LMT_MIE_GORENG, BEV_LATTE, BEV_LATTE
🛒 [8:55:49 AM] TXN-1787882149340-169-322605
   Outlet 169 | Staff: Tan Wei Ming | 5 items | S$68.44
   🚨 OUT OF STOCK: BEV_ORANGE_JUICE, BEV_ICED_TEA, BEV_ORANGE_JUICE, BEV_ORANGE_JUICE, BEV_LATTE
💰 [8:55:56 AM] TXN-1787882156877-169-468383
   Outlet 169 | Staff: Tan Wei Ming | 1 items | S$10.03
   🚨 OUT OF STOCK: BEV_LATTE
💰 [8:56:04 AM] TXN-1787882164033-170-450412
   Outlet 170 | Staff: Rajesh Kumar | 2 items | S$27.73
   🚨 OUT OF STOCK: BEV_ORANGE_JUICE, LMT_ROTI_CANAI
🛒 [8:56:12 AM] TXN-1787882172280-202-888627
   Outlet 202 | Staff: None | 3 items | S$34.22
   🚨 OUT OF STOCK: BEV_ICED_TEA, BEV_ORANGE_JUICE, BEV_LATTE
💰 [8:56:19 AM] TXN-1787882179806-201-638611
   Outlet 201 | Staff: None | 2 items | S$22.42
   ⚠️ LOW STOCK: LMT_PRAWN_CRACKERS
   🚨 OUT OF STOCK: LMT_SATE
🛒 [8:56:28 AM] TXN-1787882188076-170-972917
   Outlet 170 | Staff: Tan Wei Ming | 5 items | S$87.91
   🚨 OUT OF STOCK: MNL_BEEG_HOON, BEV_LATTE, MNL_KWAY_TEOW, MNL_KWAY_TEOW, BEV_ICED_TEA
🛒 [8:56:36 AM] TXN-1787882196944-200-490983
   Outlet 200 | Staff: Priya D/O Mani | 3 items | S$38.35
   🚨 OUT OF STOCK: BEV_ORANGE_JUICE, BEV_MILO, BEV_ICED_TEA

📊 STATS:
   Total Sales: 70
   Total Revenue: S$2829.05
   Avg Ticket: S$40.42
   Low Stock Alerts: 7
   Out of Stock: 70
──────────────────────────────────────────────────
🛒 [8:56:45 AM] TXN-1787882205000-167-461210
   Outlet 167 | Staff: Muhd Danish Bin Razak | 5 items | S$64.90
   🚨 OUT OF STOCK: BEV_ORANGE_JUICE, BEV_LATTE, BEV_ORANGE_JUICE, LMT_MIE_GORENG, BEV_MILO
🛒 [8:56:55 AM] TXN-1787882215523-202-913652
   Outlet 202 | Staff: None | 5 items | S$74.34
   🚨 OUT OF STOCK: MNL_LAKSA, MNL_CHICKEN_RICE, BEV_MILO, BEV_LATTE, BEV_ICED_TEA
🛒 [8:57:04 AM] TXN-1787882224384-171-929951
   Outlet 171 | Staff: Chua Kai Xin | 5 items | S$74.34
   🚨 OUT OF STOCK: LMT_NASI_GORENG, BEV_KOPI_O, BEV_LATTE, BEV_MILO, BEV_MILO
🛒 [8:57:13 AM] TXN-1787882233412-170-914339
   Outlet 170 | Staff: Lee Jia En | 3 items | S$30.09
   🚨 OUT OF STOCK: MNL_RICE_BOWL, BEV_ORANGE_JUICE, BEV_MILO
💰 [8:57:21 AM] TXN-1787882241217-164-539370
   Outlet 164 | Staff: Ahmad Faiz Bin Hassan | 1 items | S$6.49
   🚨 OUT OF STOCK: BEV_ICED_TEA
🛒 [8:57:28 AM] TXN-1787882248145-202-634568
   Outlet 202 | Staff: None | 3 items | S$60.77
   🚨 OUT OF STOCK: BEV_KOPI_O, BEV_MILO, MNL_LAKSA
🛒 [8:57:36 AM] TXN-1787882256133-202-808446
   Outlet 202 | Staff: None | 5 items | S$52.51
   🚨 OUT OF STOCK: BEV_ICED_TEA, BEV_ICED_TEA, BEV_MILO, MNL_LAKSA, BEV_ICED_TEA
🛒 [8:57:45 AM] TXN-1787882265928-201-567709
   Outlet 201 | Staff: None | 3 items | S$31.27
   ⚠️ LOW STOCK: LMT_PRAWN_CRACKERS
   🚨 OUT OF STOCK: BEV_ORANGE_JUICE, BEV_ORANGE_JUICE
🛒 [8:57:53 AM] TXN-1787882273701-171-910007
   Outlet 171 | Staff: Nur Aisyah | 4 items | S$46.02
   ⚠️ LOW STOCK: LMT_PRAWN_CRACKERS
   🚨 OUT OF STOCK: BEV_MILO, BEV_LATTE, BEV_ICED_TEA
💰 [8:58:01 AM] TXN-1787882281667-200-884630
   Outlet 200 | Staff: Syaza Aina | 2 items | S$34.81
   🚨 OUT OF STOCK: MNL_LAKSA, BEV_MILO

📊 STATS:
   Total Sales: 80
   Total Revenue: S$3304.59
   Avg Ticket: S$41.31
   Low Stock Alerts: 9
   Out of Stock: 80
──────────────────────────────────────────────────
💰 [8:58:08 AM] TXN-1787882288567-170-846606
   Outlet 170 | Staff: Tan Wei Ming | 2 items | S$26.55
   🚨 OUT OF STOCK: MNL_LAKSA, BEV_MILO
💰 [8:58:15 AM] TXN-1787882295771-168-808615
   Outlet 168 | Staff: Lee Jia En | 2 items | S$31.86
   🚨 OUT OF STOCK: LMT_NASI_GORENG, BEV_ORANGE_JUICE
💰 [8:58:22 AM] TXN-1787882302917-167-846006
   Outlet 167 | Staff: Sanjay S/O Ramesh | 2 items | S$30.09
   🚨 OUT OF STOCK: LMT_MIE_GORENG, MNL_LAKSA
🛒 [8:58:29 AM] TXN-1787882309618-167-289008
   Outlet 167 | Staff: Tan Wei Ming | 5 items | S$79.06
   🚨 OUT OF STOCK: LMT_PRAWN_CRACKERS, BEV_MILO, MNL_BEEG_HOON, MNL_KWAY_TEOW, BEV_MILO
🛒 [8:58:37 AM] TXN-1787882317765-168-203833
   Outlet 168 | Staff: Tan Wei Ming | 4 items | S$41.89
   🚨 OUT OF STOCK: BEV_LATTE, MNL_RICE_BOWL, BEV_LATTE, BEV_ORANGE_JUICE
🛒 [8:58:46 AM] TXN-1787882326145-170-960022
   Outlet 170 | Staff: Ng Jun Hao | 4 items | S$34.22
   ⚠️ LOW STOCK: LMT_PRAWN_CRACKERS
   🚨 OUT OF STOCK: BEV_MILO, BEV_LATTE, BEV_ICED_TEA
🛒 [8:58:54 AM] TXN-1787882334369-169-952172
   Outlet 169 | Staff: Lee Jia En | 5 items | S$54.87
   🚨 OUT OF STOCK: BEV_MILO, BEV_LATTE, BEV_LATTE, BEV_KOPI_O, BEV_ORANGE_JUICE
💰 [8:59:02 AM] TXN-1787882342115-171-570026
   Outlet 171 | Staff: Ng Jun Hao | 2 items | S$29.50
   🚨 OUT OF STOCK: LMT_NASI_GORENG, BEV_KOPI_O
💰 [8:59:08 AM] TXN-1787882348683-165-131663
   Outlet 165 | Staff: Tan Wei Ming | 2 items | S$27.14
   🚨 OUT OF STOCK: MNL_LAKSA, BEV_ORANGE_JUICE
🛒 [8:59:15 AM] TXN-1787882355307-200-315220
   Outlet 200 | Staff: Syaza Aina | 3 items | S$22.42
   🚨 OUT OF STOCK: LMT_PRAWN_CRACKERS, BEV_LATTE, BEV_KOPI_O

📊 STATS:
   Total Sales: 90
   Total Revenue: S$3682.19
   Avg Ticket: S$40.91
   Low Stock Alerts: 10
   Out of Stock: 90
──────────────────────────────────────────────────
🛒 [8:59:21 AM] TXN-1787882361879-171-260089
   Outlet 171 | Staff: Chua Kai Xin | 3 items | S$40.71
   🚨 OUT OF STOCK: MNL_BEEG_HOON, BEV_ORANGE_JUICE, BEV_ICED_TEA
🛒 [8:59:28 AM] TXN-1787882368345-164-794010
   Outlet 164 | Staff: Chua Kai Xin | 3 items | S$53.10
   🚨 OUT OF STOCK: LMT_ROTI_CANAI, LMT_SATE, MNL_RICE_BOWL
💰 [8:59:34 AM] TXN-1787882374890-201-232527
   Outlet 201 | Staff: None | 2 items | S$21.83
   🚨 OUT OF STOCK: LMT_MIE_GORENG, BEV_LATTE
🛒 [8:59:41 AM] TXN-1787882381238-171-303698
   Outlet 171 | Staff: Muhd Danish Bin Razak | 5 items | S$74.34
   🚨 OUT OF STOCK: LMT_NASI_GORENG, LMT_MIE_GORENG, BEV_ICED_TEA, BEV_LATTE, BEV_KOPI_O
🛒 [8:59:48 AM] TXN-1787882388165-202-361465
   Outlet 202 | Staff: None | 4 items | S$47.79
   🚨 OUT OF STOCK: LMT_MIE_GORENG, BEV_MILO, LMT_SATE, BEV_LATTE
💰 [8:59:56 AM] TXN-1787882396032-171-808313
   Outlet 171 | Staff: Chua Kai Xin | 1 items | S$8.85
   🚨 OUT OF STOCK: BEV_ORANGE_JUICE
🛒 [9:00:02 AM] TXN-1787882402601-169-586698
   Outlet 169 | Staff: Tan Wei Ming | 3 items | S$39.53
   🚨 OUT OF STOCK: BEV_LATTE, BEV_ICED_TEA, BEV_MILO
🛒 [9:00:10 AM] TXN-1787882410255-168-107368
   Outlet 168 | Staff: Chua Kai Xin | 5 items | S$89.09
   🚨 OUT OF STOCK: LMT_ROTI_CANAI, BEV_ORANGE_JUICE, BEV_ORANGE_JUICE, BEV_LATTE, MNL_CHICKEN_RICE
🛒 [9:00:17 AM] TXN-1787882417667-200-164248
   Outlet 200 | Staff: Kumar Sanjay | 4 items | S$57.23
   🚨 OUT OF STOCK: BEV_ICED_TEA, BEV_LATTE, LMT_NASI_GORENG, BEV_MILO
💰 [9:00:24 AM] TXN-1787882424711-164-825273
   Outlet 164 | Staff: Rajesh Kumar | 2 items | S$21.83
   🚨 OUT OF STOCK: BEV_ICED_TEA, BEV_KOPI_O

📊 STATS:
   Total Sales: 100
   Total Revenue: S$4136.49
   Avg Ticket: S$41.36
   Low Stock Alerts: 10
   Out of Stock: 100
──────────────────────────────────────────────────
🛒 [9:00:32 AM] TXN-1787882432649-168-925435
   Outlet 168 | Staff: Priya D/O Mani | 5 items | S$87.32
   🚨 OUT OF STOCK: MNL_LAKSA, LMT_MIE_GORENG, BEV_ORANGE_JUICE, BEV_KOPI_O, BEV_LATTE
🛒 [9:00:41 AM] TXN-1787882441734-170-316546
   Outlet 170 | Staff: Ng Jun Hao | 3 items | S$46.02
   🚨 OUT OF STOCK: LMT_NASI_GORENG, BEV_ORANGE_JUICE, LMT_NASI_GORENG
🛒 [9:00:49 AM] TXN-1787882449513-164-687278
   Outlet 164 | Staff: Tan Wei Ming | 3 items | S$49.56
   🚨 OUT OF STOCK: LMT_SATE, BEV_MILO, LMT_MIE_GORENG
🛒 [9:00:57 AM] TXN-1787882457490-167-911512
   Outlet 167 | Staff: Tan Wei Ming | 4 items | S$55.46
   🚨 OUT OF STOCK: MNL_BEEG_HOON, BEV_ORANGE_JUICE, BEV_ORANGE_JUICE, LMT_ROTI_CANAI
💰 [9:01:05 AM] TXN-1787882465466-165-922654
   Outlet 165 | Staff: Tan Wei Ming | 1 items | S$8.85
   🚨 OUT OF STOCK: BEV_ORANGE_JUICE
💰 [9:01:13 AM] TXN-1787882473069-169-149840
   Outlet 169 | Staff: Ng Jun Hao | 2 items | S$18.29
   🚨 OUT OF STOCK: LMT_ROTI_CANAI, BEV_ORANGE_JUICE
🛒 [9:01:20 AM] TXN-1787882480935-169-707984
   Outlet 169 | Staff: Tan Wei Ming | 5 items | S$48.38
   ⚠️ LOW STOCK: LMT_PRAWN_CRACKERS, LMT_PRAWN_CRACKERS
   🚨 OUT OF STOCK: MNL_CHICKEN_RICE, BEV_KOPI_O, BEV_LATTE
💰 [9:01:30 AM] TXN-1787882490103-201-971422
   Outlet 201 | Staff: None | 2 items | S$25.37
   🚨 OUT OF STOCK: BEV_KOPI_O, BEV_ORANGE_JUICE
💰 [9:01:37 AM] TXN-1787882497297-169-291635
   Outlet 169 | Staff: Tan Wei Ming | 1 items | S$7.67
   🚨 OUT OF STOCK: BEV_KOPI_O
🛒 [9:01:44 AM] TXN-1787882504650-171-273892
   Outlet 171 | Staff: Nurul Huda Bte Ali | 5 items | S$71.39
   🚨 OUT OF STOCK: MNL_CHICKEN_RICE, LMT_NASI_GORENG, BEV_ICED_TEA, BEV_MILO, BEV_ORANGE_JUICE

📊 STATS:
   Total Sales: 110
   Total Revenue: S$4554.80
   Avg Ticket: S$41.41
   Low Stock Alerts: 11
   Out of Stock: 110
──────────────────────────────────────────────────
🛒 [9:01:53 AM] TXN-1787882513280-200-358943
   Outlet 200 | Staff: Syaza Aina | 3 items | S$61.95
   🚨 OUT OF STOCK: MNL_LAKSA, MNL_KWAY_TEOW, BEV_ICED_TEA
🛒 [9:02:00 AM] TXN-1787882520933-171-890486
   Outlet 171 | Staff: Ng Jun Hao | 4 items | S$56.05
   🚨 OUT OF STOCK: LMT_ROTI_CANAI, BEV_KOPI_O, BEV_ICED_TEA, MNL_LAKSA
💰 [9:02:07 AM] TXN-1787882527937-165-875315
   Outlet 165 | Staff: Muhd Danish Bin Razak | 2 items | S$24.19
   🚨 OUT OF STOCK: BEV_KOPI_O, MNL_CHICKEN_RICE
💰 [9:02:14 AM] TXN-1787882534586-168-324930
   Outlet 168 | Staff: Priya D/O Mani | 2 items | S$12.98
   🚨 OUT OF STOCK: BEV_ICED_TEA, BEV_ICED_TEA
🛒 [9:02:21 AM] TXN-1787882541109-171-219914
   Outlet 171 | Staff: Nurul Huda Bte Ali | 4 items | S$80.24
   🚨 OUT OF STOCK: MNL_CHICKEN_RICE, LMT_NASI_GORENG, BEV_LATTE, MNL_KWAY_TEOW
🛒 [9:02:28 AM] TXN-1787882548462-171-753866
   Outlet 171 | Staff: Sanjay S/O Ramesh | 4 items | S$69.03
   ⚠️ LOW STOCK: LMT_PRAWN_CRACKERS
   🚨 OUT OF STOCK: BEV_KOPI_O, MNL_CHICKEN_RICE, LMT_MIE_GORENG
🛒 [9:02:36 AM] TXN-1787882556003-168-382492
   Outlet 168 | Staff: Ng Jun Hao | 5 items | S$52.51
   🚨 OUT OF STOCK: MNL_CHICKEN_RICE, BEV_KOPI_O, BEV_ICED_TEA, BEV_ICED_TEA, BEV_ORANGE_JUICE
🛒 [9:02:43 AM] TXN-1787882563556-164-701608
   Outlet 164 | Staff: Priya D/O Mani | 4 items | S$48.97
   🚨 OUT OF STOCK: BEV_KOPI_O, LMT_MIE_GORENG, MNL_RICE_BOWL, BEV_MILO
🛒 [9:02:50 AM] TXN-1787882570867-171-627436
   Outlet 171 | Staff: Nur Aisyah | 4 items | S$43.66
   🚨 OUT OF STOCK: LMT_ROTI_CANAI, BEV_LATTE, BEV_KOPI_O, BEV_ICED_TEA
🛒 [9:02:58 AM] TXN-1787882578174-170-486169
   Outlet 170 | Staff: Lee Jia En | 4 items | S$55.46
   🚨 OUT OF STOCK: BEV_ICED_TEA, BEV_ICED_TEA, BEV_ORANGE_JUICE, MNL_LAKSA

📊 STATS:
   Total Sales: 120
   Total Revenue: S$5059.84
   Avg Ticket: S$42.17
   Low Stock Alerts: 12
   Out of Stock: 120
──────────────────────────────────────────────────
💰 [9:03:05 AM] TXN-1787882585379-164-210525
   Outlet 164 | Staff: Tan Jia Min | 1 items | S$14.16
   🚨 OUT OF STOCK: LMT_NASI_GORENG
🛒 [9:03:11 AM] TXN-1787882591531-164-907491
   Outlet 164 | Staff: Chua Kai Xin | 3 items | S$40.12
   🚨 OUT OF STOCK: BEV_MILO, BEV_KOPI_O, BEV_MILO
💰 [9:03:18 AM] TXN-1787882598686-168-927821
   Outlet 168 | Staff: Nurul Huda Bte Ali | 2 items | S$14.75
   🚨 OUT OF STOCK: LMT_PRAWN_CRACKERS, BEV_LATTE
🛒 [9:03:25 AM] TXN-1787882605310-168-775953
   Outlet 168 | Staff: Sanjay S/O Ramesh | 3 items | S$76.70
   🚨 OUT OF STOCK: MNL_BEEG_HOON, MNL_BEEG_HOON, BEV_LATTE
🛒 [9:03:32 AM] TXN-1787882612236-168-480756
   Outlet 168 | Staff: Nurul Huda Bte Ali | 5 items | S$70.80
   🚨 OUT OF STOCK: BEV_ORANGE_JUICE, MNL_CHICKEN_RICE, BEV_ICED_TEA, LMT_PRAWN_CRACKERS, BEV_ICED_TEA
💰 [9:03:39 AM] TXN-1787882619712-202-486631
   Outlet 202 | Staff: None | 2 items | S$17.70
   🚨 OUT OF STOCK: BEV_ORANGE_JUICE, BEV_ORANGE_JUICE
💰 [9:03:45 AM] TXN-1787882625974-168-939503
   Outlet 168 | Staff: Nurul Huda Bte Ali | 2 items | S$21.24
   🚨 OUT OF STOCK: BEV_MILO, BEV_ICED_TEA
🛒 [9:03:52 AM] TXN-1787882632181-168-325120
   Outlet 168 | Staff: Priya D/O Mani | 3 items | S$40.12
   🚨 OUT OF STOCK: BEV_LATTE, BEV_LATTE, BEV_LATTE
🛒 [9:03:58 AM] TXN-1787882638673-164-647110
   Outlet 164 | Staff: Chua Kai Xin | 4 items | S$48.38
   🚨 OUT OF STOCK: LMT_ROTI_CANAI, BEV_ICED_TEA, BEV_ORANGE_JUICE, LMT_MIE_GORENG
🛒 [9:04:05 AM] TXN-1787882645424-164-496127
   Outlet 164 | Staff: Batch Staff 1 | 5 items | S$93.22
   🚨 OUT OF STOCK: LMT_NASI_GORENG, BEV_LATTE, BEV_ICED_TEA, MNL_LAKSA

📊 STATS:
   Total Sales: 130
   Total Revenue: S$5497.03
   Avg Ticket: S$42.28
   Low Stock Alerts: 12
   Out of Stock: 130
──────────────────────────────────────────────────
🛒 [9:04:12 AM] TXN-1787882652542-165-539883
   Outlet 165 | Staff: Tan Wei Ming | 3 items | S$25.37
   🚨 OUT OF STOCK: LMT_ROTI_CANAI, BEV_MILO, BEV_KOPI_O
💰 [9:04:18 AM] TXN-1787882658993-167-750074
   Outlet 167 | Staff: Nurul Huda Bte Ali | 2 items | S$30.68
   🚨 OUT OF STOCK: LMT_NASI_GORENG, BEV_MILO
🛒 [9:04:25 AM] TXN-1787882665303-201-156234
   Outlet 201 | Staff: None | 3 items | S$53.10
   🚨 OUT OF STOCK: LMT_MIE_GORENG, LMT_NASI_GORENG, BEV_ICED_TEA
💰 [9:04:31 AM] TXN-1787882671778-171-844251
   Outlet 171 | Staff: Nur Aisyah | 2 items | S$27.14
   🚨 OUT OF STOCK: LMT_ROTI_CANAI, LMT_SATE
🛒 [9:04:37 AM] TXN-1787882677960-165-556246
   Outlet 165 | Staff: Tan Wei Ming | 5 items | S$59.59
   🚨 OUT OF STOCK: MNL_BEEG_HOON, BEV_LATTE, BEV_KOPI_O, BEV_LATTE, BEV_ICED_TEA
💰 [9:04:44 AM] TXN-1787882684925-165-152243
   Outlet 165 | Staff: Tan Wei Ming | 2 items | S$24.78
   🚨 OUT OF STOCK: LMT_MIE_GORENG, BEV_ICED_TEA
🛒 [9:04:51 AM] TXN-1787882691131-168-441158
   Outlet 168 | Staff: Nurul Huda Bte Ali | 3 items | S$33.04
   🚨 OUT OF STOCK: LMT_SATE, BEV_ICED_TEA, BEV_ORANGE_JUICE
🛒 [9:04:57 AM] TXN-1787882697545-202-802548
   Outlet 202 | Staff: None | 3 items | S$44.25
   🚨 OUT OF STOCK: BEV_LATTE, BEV_KOPI_O, MNL_BEEG_HOON
💰 [9:05:04 AM] TXN-1787882704110-167-692058
   Outlet 167 | Staff: Ahmad Faiz Bin Hassan | 1 items | S$12.98
   🚨 OUT OF STOCK: MNL_RICE_BOWL
🛒 [9:05:10 AM] TXN-1787882710049-168-387886
   Outlet 168 | Staff: Tan Wei Ming | 4 items | S$51.33
   🚨 OUT OF STOCK: LMT_ROTI_CANAI, BEV_ORANGE_JUICE, BEV_MILO, BEV_KOPI_O

📊 STATS:
   Total Sales: 140
   Total Revenue: S$5859.29
   Avg Ticket: S$41.85
   Low Stock Alerts: 12
   Out of Stock: 140
──────────────────────────────────────────────────
🛒 [9:05:16 AM] TXN-1787882716780-167-270372
   Outlet 167 | Staff: Rajesh Kumar | 3 items | S$37.17
   🚨 OUT OF STOCK: MNL_LAKSA, LMT_NASI_GORENG, LMT_PRAWN_CRACKERS
💰 [9:05:23 AM] TXN-1787882723189-168-281226
   Outlet 168 | Staff: Li Ying Zhi | 2 items | S$33.04
   🚨 OUT OF STOCK: MNL_CHICKEN_RICE, BEV_MILO
🛒 [9:05:32 AM] TXN-1787882732714-201-406397
   Outlet 201 | Staff: None | 4 items | S$47.20
   ⚠️ LOW STOCK: LMT_PRAWN_CRACKERS
   🚨 OUT OF STOCK: BEV_KOPI_O, BEV_LATTE, BEV_LATTE
💰 [9:05:39 AM] TXN-1787882739407-164-946448
   Outlet 164 | Staff: Ahmad Faiz Bin Hassan | 2 items | S$26.55
   🚨 OUT OF STOCK: BEV_LATTE, BEV_MILO
💰 [9:05:45 AM] TXN-1787882745632-202-534358
   Outlet 202 | Staff: None | 2 items | S$24.19
   🚨 OUT OF STOCK: BEV_ORANGE_JUICE, BEV_KOPI_O
💰 [9:05:51 AM] TXN-1787882751824-164-765609
   Outlet 164 | Staff: Priya D/O Mani | 2 items | S$21.24
   🚨 OUT OF STOCK: MNL_RICE_BOWL, BEV_MILO
🛒 [9:05:58 AM] TXN-1787882758104-171-925658
   Outlet 171 | Staff: Chua Kai Xin | 3 items | S$35.40
   🚨 OUT OF STOCK: BEV_KOPI_O, BEV_LATTE, BEV_ORANGE_JUICE
🛒 [9:06:04 AM] TXN-1787882764551-165-587843
   Outlet 165 | Staff: Ng Jun Hao | 4 items | S$34.22
   🚨 OUT OF STOCK: BEV_ORANGE_JUICE, BEV_ICED_TEA, LMT_PRAWN_CRACKERS, LMT_ROTI_CANAI
🛒 [9:06:11 AM] TXN-1787882771333-165-697498
   Outlet 165 | Staff: Tan Wei Ming | 3 items | S$41.30
   🚨 OUT OF STOCK: MNL_KWAY_TEOW, BEV_KOPI_O, MNL_LAKSA
💰 [9:06:17 AM] TXN-1787882777797-164-554597
   Outlet 164 | Staff: Tan Jia Min | 2 items | S$24.78
   🚨 OUT OF STOCK: MNL_LAKSA, BEV_ICED_TEA

📊 STATS:
   Total Sales: 150
   Total Revenue: S$6184.38
   Avg Ticket: S$41.23
   Low Stock Alerts: 13
   Out of Stock: 150
──────────────────────────────────────────────────
💰 [9:06:23 AM] TXN-1787882783987-200-561822
   Outlet 200 | Staff: Syaza Aina | 2 items | S$36.58
   🚨 OUT OF STOCK: LMT_SATE, MNL_BEEG_HOON
🛒 [9:06:30 AM] TXN-1787882790163-201-182111
   Outlet 201 | Staff: None | 4 items | S$61.95
   🚨 OUT OF STOCK: BEV_LATTE, BEV_KOPI_O, BEV_ICED_TEA, LMT_MIE_GORENG
💰 [9:06:36 AM] TXN-1787882796847-170-961660
   Outlet 170 | Staff: Muhd Danish Bin Razak | 2 items | S$24.19
   🚨 OUT OF STOCK: BEV_KOPI_O, BEV_MILO
🛒 [9:06:43 AM] TXN-1787882803004-200-415477
   Outlet 200 | Staff: Priya D/O Mani | 3 items | S$33.63
   🚨 OUT OF STOCK: BEV_ORANGE_JUICE, MNL_CHICKEN_RICE, BEV_MILO
🛒 [9:06:49 AM] TXN-1787882809422-168-874138
   Outlet 168 | Staff: Tan Wei Ming | 4 items | S$78.47
   🚨 OUT OF STOCK: LMT_NASI_GORENG, BEV_ICED_TEA, MNL_CHICKEN_RICE, MNL_LAKSA
💰 [9:06:56 AM] TXN-1787882816136-171-366244
   Outlet 171 | Staff: Nurul Huda Bte Ali | 1 items | S$17.70
   🚨 OUT OF STOCK: LMT_SATE
💰 [9:07:02 AM] TXN-1787882822108-164-744629
   Outlet 164 | Staff: Nurul Huda Bte Ali | 2 items | S$35.40
   🚨 OUT OF STOCK: LMT_MIE_GORENG, LMT_MIE_GORENG
💰 [9:07:08 AM] TXN-1787882828302-201-154028
   Outlet 201 | Staff: None | 2 items | S$24.19
   🚨 OUT OF STOCK: BEV_ICED_TEA, BEV_ORANGE_JUICE
💰 [9:07:14 AM] TXN-1787882834529-167-571556
   Outlet 167 | Staff: Ng Jun Hao | 1 items | S$7.67
   🚨 OUT OF STOCK: BEV_KOPI_O
🛒 [9:07:20 AM] TXN-1787882840499-202-876547
   Outlet 202 | Staff: None | 4 items | S$63.13
   🚨 OUT OF STOCK: LMT_PRAWN_CRACKERS, BEV_LATTE, BEV_LATTE, LMT_NASI_GORENG

📊 STATS:
   Total Sales: 160
   Total Revenue: S$6567.29
   Avg Ticket: S$41.05
   Low Stock Alerts: 13
   Out of Stock: 160
──────────────────────────────────────────────────
🛒 [9:07:27 AM] TXN-1787882847257-171-152699
   Outlet 171 | Staff: Rajesh Kumar | 4 items | S$43.07
   ⚠️ LOW STOCK: LMT_PRAWN_CRACKERS
   🚨 OUT OF STOCK: BEV_LATTE, BEV_MILO, BEV_LATTE
💰 [9:07:33 AM] TXN-1787882853895-165-838821
   Outlet 165 | Staff: Ahmad Faiz Bin Hassan | 2 items | S$21.24
   🚨 OUT OF STOCK: MNL_RICE_BOWL, BEV_MILO
💰 [9:07:40 AM] TXN-1787882860076-171-442981
   Outlet 171 | Staff: Rajesh Kumar | 2 items | S$21.83
   🚨 OUT OF STOCK: MNL_RICE_BOWL, BEV_ORANGE_JUICE
🛒 [9:07:46 AM] TXN-1787882866305-171-707487
   Outlet 171 | Staff: Chua Kai Xin | 4 items | S$38.35
   🚨 OUT OF STOCK: BEV_ICED_TEA, BEV_KOPI_O, BEV_ICED_TEA, BEV_ORANGE_JUICE
💰 [9:07:52 AM] TXN-1787882872972-168-958458
   Outlet 168 | Staff: Nurul Huda Bte Ali | 2 items | S$18.88
   🚨 OUT OF STOCK: BEV_ORANGE_JUICE, BEV_LATTE
💰 [9:07:59 AM] TXN-1787882879168-168-841839
   Outlet 168 | Staff: Chua Kai Xin | 2 items | S$29.50
   🚨 OUT OF STOCK: MNL_CHICKEN_RICE, BEV_ICED_TEA
💰 [9:08:05 AM] TXN-1787882885334-171-237872
   Outlet 171 | Staff: Chua Kai Xin | 1 items | S$10.03
   🚨 OUT OF STOCK: BEV_LATTE
🛒 [9:08:11 AM] TXN-1787882891259-167-725717
   Outlet 167 | Staff: Sanjay S/O Ramesh | 3 items | S$33.04
   🚨 OUT OF STOCK: BEV_MILO, BEV_MILO, BEV_MILO
💰 [9:08:17 AM] TXN-1787882897682-200-457111
   Outlet 200 | Staff: Syaza Aina | 2 items | S$48.38
   🚨 OUT OF STOCK: MNL_KWAY_TEOW, MNL_CHICKEN_RICE
💰 [9:08:23 AM] TXN-1787882903890-168-873865
   Outlet 168 | Staff: Sanjay S/O Ramesh | 1 items | S$6.49
   🚨 OUT OF STOCK: BEV_ICED_TEA

📊 STATS:
   Total Sales: 170
   Total Revenue: S$6838.10
   Avg Ticket: S$40.22
   Low Stock Alerts: 14
   Out of Stock: 170
──────────────────────────────────────────────────
🛒 [9:08:29 AM] TXN-1787882909928-169-586318
   Outlet 169 | Staff: Lee Jia En | 4 items | S$40.12
   ⚠️ LOW STOCK: LMT_PRAWN_CRACKERS
   🚨 OUT OF STOCK: BEV_KOPI_O, BEV_MILO, BEV_ICED_TEA
💰 [9:08:36 AM] TXN-1787882916896-169-894260
   Outlet 169 | Staff: Tan Wei Ming | 2 items | S$29.50
   🚨 OUT OF STOCK: MNL_RICE_BOWL, BEV_MILO
🛒 [9:08:43 AM] TXN-1787882923085-167-585668
   Outlet 167 | Staff: Chong Wei Sheng | 3 items | S$30.68
   🚨 OUT OF STOCK: MNL_KWAY_TEOW, BEV_ORANGE_JUICE, BEV_ICED_TEA
💰 [9:08:49 AM] TXN-1787882929536-201-234532
   Outlet 201 | Staff: None | 2 items | S$26.55
   🚨 OUT OF STOCK: BEV_LATTE, MNL_CHICKEN_RICE
🛒 [9:08:55 AM] TXN-1787882935757-165-314577
   Outlet 165 | Staff: Lee Jia En | 5 items | S$61.36
   🚨 OUT OF STOCK: BEV_KOPI_O, BEV_KOPI_O, BEV_LATTE, BEV_LATTE, BEV_MILO
🛒 [9:09:02 AM] TXN-1787882942739-200-266211
   Outlet 200 | Staff: Kumar Sanjay | 4 items | S$52.51
   🚨 OUT OF STOCK: MNL_LAKSA, BEV_LATTE, BEV_ICED_TEA, LMT_SATE
🛒 [9:09:09 AM] TXN-1787882949468-201-630549
   Outlet 201 | Staff: None | 4 items | S$48.38
   🚨 OUT OF STOCK: LMT_SATE, BEV_LATTE, LMT_MIE_GORENG, BEV_ORANGE_JUICE
🛒 [9:09:16 AM] TXN-1787882956185-202-816302
   Outlet 202 | Staff: None | 3 items | S$67.26
   🚨 OUT OF STOCK: LMT_SATE, BEV_ICED_TEA, MNL_LAKSA
🛒 [9:09:22 AM] TXN-1787882962677-168-748873
   Outlet 168 | Staff: Nurul Huda Bte Ali | 3 items | S$39.53
   🚨 OUT OF STOCK: MNL_LAKSA, BEV_ICED_TEA, BEV_MILO
🛒 [9:09:29 AM] TXN-1787882969107-169-266766
   Outlet 169 | Staff: Ng Jun Hao | 5 items | S$60.77
   ⚠️ LOW STOCK: LMT_PRAWN_CRACKERS
   🚨 OUT OF STOCK: MNL_LAKSA, LMT_ROTI_CANAI, BEV_MILO, BEV_LATTE

📊 STATS:
   Total Sales: 180
   Total Revenue: S$7294.76
   Avg Ticket: S$40.53
   Low Stock Alerts: 16
   Out of Stock: 180
──────────────────────────────────────────────────
🛒 [9:09:36 AM] TXN-1787882976100-167-228602
   Outlet 167 | Staff: Ng Jun Hao | 5 items | S$59.59
   🚨 OUT OF STOCK: BEV_KOPI_O, LMT_MIE_GORENG, LMT_MIE_GORENG, BEV_ICED_TEA, BEV_LATTE
🛒 [9:09:43 AM] TXN-1787882983039-202-473715
   Outlet 202 | Staff: None | 3 items | S$33.04
   🚨 OUT OF STOCK: MNL_LAKSA, BEV_ICED_TEA, BEV_MILO
💰 [9:09:49 AM] TXN-1787882989478-164-630973
   Outlet 164 | Staff: Rajesh Kumar | 2 items | S$26.55
   🚨 OUT OF STOCK: BEV_LATTE, BEV_MILO
🛒 [9:09:55 AM] TXN-1787882995657-202-645438
   Outlet 202 | Staff: None | 4 items | S$64.90
   🚨 OUT OF STOCK: MNL_CHICKEN_RICE, LMT_MIE_GORENG, BEV_LATTE, BEV_MILO
🛒 [9:10:02 AM] TXN-1787883002470-170-184645
   Outlet 170 | Staff: Tan Wei Ming | 5 items | S$74.93
   🚨 OUT OF STOCK: BEV_MILO, BEV_LATTE, BEV_ORANGE_JUICE, LMT_ROTI_CANAI, BEV_LATTE
🛒 [9:10:11 AM] TXN-1787883011046-169-168935
   Outlet 169 | Staff: Muhd Danish Bin Razak | 3 items | S$36.58
   🚨 OUT OF STOCK: MNL_BEEG_HOON, BEV_ORANGE_JUICE, BEV_ORANGE_JUICE
🛒 [9:10:18 AM] TXN-1787883018420-165-819764
   Outlet 165 | Staff: Lee Jia En | 5 items | S$48.38
   🚨 OUT OF STOCK: BEV_LATTE, BEV_ICED_TEA, BEV_ORANGE_JUICE, BEV_MILO, BEV_MILO
💰 [9:10:26 AM] TXN-1787883026548-202-410577
   Outlet 202 | Staff: None | 2 items | S$42.48
   🚨 OUT OF STOCK: LMT_PRAWN_CRACKERS, MNL_BEEG_HOON
🛒 [9:10:33 AM] TXN-1787883033354-201-281793
   Outlet 201 | Staff: None | 3 items | S$24.78
   🚨 OUT OF STOCK: BEV_MILO, BEV_ICED_TEA, BEV_LATTE
🛒 [9:10:40 AM] TXN-1787883040434-202-707225
   Outlet 202 | Staff: None | 4 items | S$46.61
   🚨 OUT OF STOCK: BEV_MILO, BEV_KOPI_O, BEV_KOPI_O, BEV_KOPI_O

📊 STATS:
   Total Sales: 190
   Total Revenue: S$7752.60
   Avg Ticket: S$40.80
   Low Stock Alerts: 16
   Out of Stock: 190
──────────────────────────────────────────────────
🛒 [9:10:47 AM] TXN-1787883047780-169-860308
   Outlet 169 | Staff: Ng Jun Hao | 3 items | S$33.04
   🚨 OUT OF STOCK: BEV_ORANGE_JUICE, BEV_KOPI_O, BEV_ORANGE_JUICE
💰 [9:10:54 AM] TXN-1787883054887-170-862043
   Outlet 170 | Staff: Tan Wei Ming | 2 items | S$23.01
   🚨 OUT OF STOCK: MNL_RICE_BOWL, BEV_LATTE
🛒 [9:11:01 AM] TXN-1787883061655-202-948715
   Outlet 202 | Staff: None | 3 items | S$33.63
   🚨 OUT OF STOCK: BEV_MILO, BEV_MILO, BEV_ORANGE_JUICE
🛒 [9:11:08 AM] TXN-1787883068705-169-960136
   Outlet 169 | Staff: Muhd Danish Bin Razak | 3 items | S$35.99
   🚨 OUT OF STOCK: BEV_LATTE, BEV_MILO, BEV_ORANGE_JUICE
🛒 [9:11:15 AM] TXN-1787883075835-165-464376
   Outlet 165 | Staff: Ng Jun Hao | 5 items | S$46.02
   🚨 OUT OF STOCK: BEV_ICED_TEA, BEV_LATTE, BEV_ICED_TEA, BEV_ICED_TEA, BEV_LATTE
💰 [9:11:23 AM] TXN-1787883083940-201-345642
   Outlet 201 | Staff: None | 1 items | S$16.52
   🚨 OUT OF STOCK: MNL_CHICKEN_RICE
💰 [9:11:30 AM] TXN-1787883090540-171-518869
   Outlet 171 | Staff: Ng Jun Hao | 1 items | S$15.34
   🚨 OUT OF STOCK: MNL_KWAY_TEOW
🛒 [9:11:36 AM] TXN-1787883096897-202-894863
   Outlet 202 | Staff: None | 4 items | S$83.78
   🚨 OUT OF STOCK: MNL_CHICKEN_RICE, LMT_SATE, BEV_ICED_TEA, LMT_ROTI_CANAI
💰 [9:11:44 AM] TXN-1787883104424-201-569170
   Outlet 201 | Staff: None | 1 items | S$18.88
   🚨 OUT OF STOCK: MNL_BEEG_HOON
🛒 [9:11:50 AM] TXN-1787883110872-202-815630
   Outlet 202 | Staff: None | 3 items | S$33.63
   🚨 OUT OF STOCK: LMT_MIE_GORENG, BEV_ICED_TEA, BEV_ORANGE_JUICE

📊 STATS:
   Total Sales: 200
   Total Revenue: S$8092.44
   Avg Ticket: S$40.46
   Low Stock Alerts: 16
   Out of Stock: 200
──────────────────────────────────────────────────
🛒 [9:11:57 AM] TXN-1787883117950-164-432445
   Outlet 164 | Staff: Chua Kai Xin | 3 items | S$37.17
   🚨 OUT OF STOCK: BEV_MILO, BEV_LATTE, BEV_ORANGE_JUICE
🛒 [9:12:05 AM] TXN-1787883125087-169-332984
   Outlet 169 | Staff: Koh Jia Yi | 5 items | S$87.91
   🚨 OUT OF STOCK: LMT_SATE, BEV_MILO, BEV_LATTE, BEV_ORANGE_JUICE, MNL_CHICKEN_RICE
💰 [9:12:12 AM] TXN-1787883132962-202-807895
   Outlet 202 | Staff: None | 1 items | S$17.70
   🚨 OUT OF STOCK: LMT_SATE
🛒 [9:12:19 AM] TXN-1787883139268-169-405662
   Outlet 169 | Staff: Tan Wei Ming | 3 items | S$47.20
   🚨 OUT OF STOCK: LMT_ROTI_CANAI, BEV_ORANGE_JUICE, BEV_LATTE
💰 [9:12:26 AM] TXN-1787883146431-202-944519
   Outlet 202 | Staff: None | 1 items | S$14.16
   🚨 OUT OF STOCK: LMT_NASI_GORENG
🛒 [9:12:32 AM] TXN-1787883152792-164-957287
   Outlet 164 | Staff: Ong Wei Jian | 5 items | S$95.58
   🚨 OUT OF STOCK: MNL_CHICKEN_RICE, BEV_MILO, MNL_CHICKEN_RICE, MNL_LAKSA
🛒 [9:12:40 AM] TXN-1787883160679-169-312170
   Outlet 169 | Staff: Sanjay S/O Ramesh | 5 items | S$92.63
   🚨 OUT OF STOCK: MNL_CHICKEN_RICE, LMT_MIE_GORENG, LMT_SATE, BEV_ORANGE_JUICE, BEV_LATTE
🛒 [9:12:48 AM] TXN-1787883168603-200-154785
   Outlet 200 | Staff: Priya D/O Mani | 5 items | S$82.01
   🚨 OUT OF STOCK: MNL_RICE_BOWL, BEV_LATTE, MNL_LAKSA, BEV_KOPI_O, BEV_KOPI_O
🛒 [9:12:56 AM] TXN-1787883176288-200-813426
   Outlet 200 | Staff: Priya D/O Mani | 4 items | S$61.36
   🚨 OUT OF STOCK: LMT_MIE_GORENG, BEV_LATTE, BEV_MILO, BEV_ICED_TEA
🛒 [9:13:03 AM] TXN-1787883183805-167-153579
   Outlet 167 | Staff: Chong Wei Sheng | 5 items | S$67.26
   🚨 OUT OF STOCK: LMT_PRAWN_CRACKERS, BEV_ICED_TEA, LMT_MIE_GORENG, BEV_ICED_TEA, MNL_RICE_BOWL

📊 STATS:
   Total Sales: 210
   Total Revenue: S$8695.42
   Avg Ticket: S$41.41
   Low Stock Alerts: 16
   Out of Stock: 210
──────────────────────────────────────────────────
💰 [9:13:11 AM] TXN-1787883191667-170-726245
   Outlet 170 | Staff: Ng Jun Hao | 2 items | S$16.52
   🚨 OUT OF STOCK: BEV_KOPI_O, BEV_ORANGE_JUICE
🛒 [9:13:18 AM] TXN-1787883198956-167-761805
   Outlet 167 | Staff: Rajesh Kumar | 5 items | S$43.66
   🚨 OUT OF STOCK: BEV_ICED_TEA, BEV_KOPI_O, BEV_KOPI_O, BEV_KOPI_O, BEV_ICED_TEA
🛒 [9:13:26 AM] TXN-1787883206841-170-217479
   Outlet 170 | Staff: Lee Jia En | 3 items | S$37.76
   🚨 OUT OF STOCK: LMT_MIE_GORENG, BEV_ICED_TEA, BEV_ICED_TEA
🛒 [9:13:33 AM] TXN-1787883213797-171-883821
   Outlet 171 | Staff: Nurul Huda Bte Ali | 3 items | S$46.02
   🚨 OUT OF STOCK: LMT_PRAWN_CRACKERS, LMT_NASI_GORENG, BEV_ICED_TEA
🛒 [9:13:40 AM] TXN-1787883220967-164-470907
   Outlet 164 | Staff: Rajesh Kumar | 5 items | S$86.14
   🚨 OUT OF STOCK: BEV_ICED_TEA, MNL_LAKSA, MNL_CHICKEN_RICE, BEV_KOPI_O, BEV_ICED_TEA
🛒 [9:13:48 AM] TXN-1787883228968-171-511059
   Outlet 171 | Staff: Lee Jia En | 3 items | S$31.86
   🚨 OUT OF STOCK: MNL_BEEG_HOON, BEV_ICED_TEA, BEV_ICED_TEA
🛒 [9:13:56 AM] TXN-1787883236242-170-847900
   Outlet 170 | Staff: Lim Pei Ling | 5 items | S$67.85
   🚨 OUT OF STOCK: LMT_MIE_GORENG, BEV_ORANGE_JUICE, BEV_ICED_TEA, BEV_LATTE, BEV_KOPI_O
🛒 [9:14:03 AM] TXN-1787883243983-169-466917
   Outlet 169 | Staff: Koh Jia Yi | 3 items | S$25.96
   🚨 OUT OF STOCK: LMT_ROTI_CANAI, BEV_MILO, BEV_MILO
💰 [9:14:11 AM] TXN-1787883251030-167-434289
   Outlet 167 | Staff: Sanjay S/O Ramesh | 2 items | S$24.78
   🚨 OUT OF STOCK: LMT_PRAWN_CRACKERS, BEV_LATTE
💰 [9:14:17 AM] TXN-1787883257827-170-335282
   Outlet 170 | Staff: Lee Jia En | 1 items | S$12.98
   🚨 OUT OF STOCK: MNL_RICE_BOWL

📊 STATS:
   Total Sales: 220
   Total Revenue: S$9088.95
   Avg Ticket: S$41.31
   Low Stock Alerts: 16
   Out of Stock: 220
──────────────────────────────────────────────────
🛒 [9:14:24 AM] TXN-1787883264219-200-573772
   Outlet 200 | Staff: Syaza Aina | 3 items | S$56.05
   🚨 OUT OF STOCK: BEV_ORANGE_JUICE, MNL_KWAY_TEOW, BEV_MILO
🛒 [9:14:31 AM] TXN-1787883271480-200-735535
   Outlet 200 | Staff: Syaza Aina | 3 items | S$38.35
   🚨 OUT OF STOCK: BEV_KOPI_O, MNL_RICE_BOWL, BEV_ORANGE_JUICE
🛒 [9:14:38 AM] TXN-1787883278707-169-535097
   Outlet 169 | Staff: Muhd Danish Bin Razak | 4 items | S$64.90
   🚨 OUT OF STOCK: BEV_LATTE, MNL_CHICKEN_RICE, BEV_KOPI_O, BEV_ICED_TEA
🛒 [9:14:45 AM] TXN-1787883285980-164-323064
   Outlet 164 | Staff: Batch Staff 1 | 3 items | S$47.79
   🚨 OUT OF STOCK: MNL_RICE_BOWL, BEV_MILO, MNL_LAKSA
🛒 [9:14:53 AM] TXN-1787883293171-201-671225
   Outlet 201 | Staff: None | 3 items | S$31.86
   ⚠️ LOW STOCK: LMT_PRAWN_CRACKERS
   🚨 OUT OF STOCK: MNL_LAKSA, BEV_ORANGE_JUICE
🛒 [9:14:59 AM] TXN-1787883299616-170-461959
   Outlet 170 | Staff: Lim Pei Ling | 5 items | S$92.63
   🚨 OUT OF STOCK: LMT_NASI_GORENG, BEV_ORANGE_JUICE, BEV_LATTE, LMT_SATE, BEV_KOPI_O
💰 [9:15:06 AM] TXN-1787883306884-200-416133
   Outlet 200 | Staff: Kumar Sanjay | 1 items | S$7.67
   🚨 OUT OF STOCK: BEV_KOPI_O
💰 [9:15:12 AM] TXN-1787883312822-202-979673
   Outlet 202 | Staff: None | 1 items | S$16.52
   🚨 OUT OF STOCK: MNL_CHICKEN_RICE
💰 [9:15:18 AM] TXN-1787883318802-169-891305
   Outlet 169 | Staff: Sanjay S/O Ramesh | 2 items | S$14.16
   🚨 OUT OF STOCK: BEV_KOPI_O, BEV_ICED_TEA
💰 [9:15:24 AM] TXN-1787883324996-171-665611
   Outlet 171 | Staff: Priya D/O Mani | 2 items | S$30.09
   🚨 OUT OF STOCK: BEV_LATTE, BEV_LATTE

📊 STATS:
   Total Sales: 230
   Total Revenue: S$9488.97
   Avg Ticket: S$41.26
   Low Stock Alerts: 17
   Out of Stock: 230
──────────────────────────────────────────────────
🛒 [9:15:31 AM] TXN-1787883331197-200-108913
   Outlet 200 | Staff: Priya D/O Mani | 4 items | S$48.38
   🚨 OUT OF STOCK: BEV_MILO, BEV_ICED_TEA, BEV_MILO, MNL_BEEG_HOON
💰 [9:15:37 AM] TXN-1787883337850-171-261174
   Outlet 171 | Staff: Sanjay S/O Ramesh | 1 items | S$10.03
   🚨 OUT OF STOCK: BEV_LATTE
🛒 [9:15:43 AM] TXN-1787883343802-167-838927
   Outlet 167 | Staff: Tan Wei Ming | 4 items | S$57.82
   🚨 OUT OF STOCK: MNL_RICE_BOWL, BEV_MILO, MNL_LAKSA, BEV_LATTE
💰 [9:15:50 AM] TXN-1787883350447-171-480281
   Outlet 171 | Staff: Nur Aisyah | 1 items | S$15.34
   🚨 OUT OF STOCK: MNL_KWAY_TEOW
💰 [9:15:56 AM] TXN-1787883356416-171-154863
   Outlet 171 | Staff: Rajesh Kumar | 2 items | S$18.29
   🚨 OUT OF STOCK: BEV_LATTE, BEV_MILO
🛒 [9:16:02 AM] TXN-1787883362608-168-589207
   Outlet 168 | Staff: Tan Wei Ming | 4 items | S$63.72
   🚨 OUT OF STOCK: MNL_RICE_BOWL, BEV_LATTE, BEV_KOPI_O, MNL_KWAY_TEOW
🛒 [9:16:09 AM] TXN-1787883369319-171-912855
   Outlet 171 | Staff: Tan Wei Ming | 4 items | S$60.18
   🚨 OUT OF STOCK: MNL_CHICKEN_RICE, BEV_ICED_TEA, BEV_ICED_TEA, BEV_ORANGE_JUICE
🛒 [9:16:16 AM] TXN-1787883376094-168-885767
   Outlet 168 | Staff: Sanjay S/O Ramesh | 3 items | S$22.42
   🚨 OUT OF STOCK: BEV_ICED_TEA, BEV_KOPI_O, BEV_MILO
💰 [9:16:22 AM] TXN-1787883382479-165-655566
   Outlet 165 | Staff: Tan Wei Ming | 1 items | S$17.70
   🚨 OUT OF STOCK: LMT_SATE
🛒 [9:16:28 AM] TXN-1787883388521-165-146958
   Outlet 165 | Staff: Tan Wei Ming | 4 items | S$50.74
   🚨 OUT OF STOCK: LMT_SATE, BEV_KOPI_O, BEV_ORANGE_JUICE, MNL_CHICKEN_RICE

📊 STATS:
   Total Sales: 240
   Total Revenue: S$9853.59
   Avg Ticket: S$41.06
   Low Stock Alerts: 17
   Out of Stock: 240
──────────────────────────────────────────────────
🛒 [9:16:35 AM] TXN-1787883395375-167-186086
   Outlet 167 | Staff: Tan Wei Ming | 4 items | S$78.47
   🚨 OUT OF STOCK: MNL_LAKSA, BEV_LATTE, BEV_LATTE, BEV_LATTE
💰 [9:16:42 AM] TXN-1787883402048-164-994993
   Outlet 164 | Staff: Rajesh Kumar | 1 items | S$8.85
   🚨 OUT OF STOCK: BEV_ORANGE_JUICE
🛒 [9:16:47 AM] TXN-1787883407952-200-216553
   Outlet 200 | Staff: Kumar Sanjay | 3 items | S$31.86
   🚨 OUT OF STOCK: BEV_LATTE, BEV_ICED_TEA, BEV_KOPI_O
💰 [9:16:54 AM] TXN-1787883414372-200-511278
   Outlet 200 | Staff: Priya D/O Mani | 2 items | S$24.78
   🚨 OUT OF STOCK: MNL_CHICKEN_RICE, BEV_MILO
🛒 [9:17:00 AM] TXN-1787883420754-201-770195
   Outlet 201 | Staff: None | 4 items | S$38.94
   🚨 OUT OF STOCK: BEV_KOPI_O, BEV_MILO, MNL_RICE_BOWL, BEV_LATTE
🛒 [9:17:07 AM] TXN-1787883427447-164-532254
   Outlet 164 | Staff: Rajesh Kumar | 5 items | S$59.00
   🚨 OUT OF STOCK: LMT_MIE_GORENG, BEV_ICED_TEA, BEV_KOPI_O, BEV_KOPI_O, BEV_LATTE
🛒 [9:17:14 AM] TXN-1787883434424-201-368723
   Outlet 201 | Staff: None | 5 items | S$45.43
   🚨 OUT OF STOCK: MNL_RICE_BOWL, BEV_ICED_TEA, BEV_KOPI_O, LMT_MIE_GORENG, BEV_ICED_TEA
🛒 [9:17:21 AM] TXN-1787883441355-170-983422
   Outlet 170 | Staff: Ng Jun Hao | 3 items | S$23.01
   🚨 OUT OF STOCK: BEV_ORANGE_JUICE, BEV_ICED_TEA, BEV_KOPI_O
🛒 [9:17:27 AM] TXN-1787883447830-170-331746
   Outlet 170 | Staff: Lim Pei Ling | 4 items | S$57.23
   🚨 OUT OF STOCK: BEV_LATTE, BEV_ORANGE_JUICE, MNL_CHICKEN_RICE, BEV_ICED_TEA
💰 [9:17:34 AM] TXN-1787883454482-168-916618
   Outlet 168 | Staff: Tan Wei Ming | 2 items | S$16.52
   🚨 OUT OF STOCK: BEV_MILO, BEV_MILO

📊 STATS:
   Total Sales: 250
   Total Revenue: S$10237.68
   Avg Ticket: S$40.95
   Low Stock Alerts: 17
   Out of Stock: 250
──────────────────────────────────────────────────
🛒 [9:17:40 AM] TXN-1787883460655-200-601088
   Outlet 200 | Staff: Kumar Sanjay | 5 items | S$54.87
   🚨 OUT OF STOCK: BEV_ORANGE_JUICE, BEV_ORANGE_JUICE, BEV_KOPI_O, BEV_ORANGE_JUICE, BEV_ICED_TEA
🛒 [9:17:47 AM] TXN-1787883467681-202-609532
   Outlet 202 | Staff: None | 5 items | S$59.00
   🚨 OUT OF STOCK: LMT_NASI_GORENG, BEV_MILO, BEV_KOPI_O, BEV_ICED_TEA, BEV_ICED_TEA
🛒 [9:17:54 AM] TXN-1787883474748-168-961460
   Outlet 168 | Staff: Sanjay S/O Ramesh | 4 items | S$51.92
   🚨 OUT OF STOCK: MNL_BEEG_HOON, BEV_ICED_TEA, LMT_SATE, BEV_ORANGE_JUICE
💰 [9:18:01 AM] TXN-1787883481707-167-221483
   Outlet 167 | Staff: Chong Wei Sheng | 2 items | S$29.50
   🚨 OUT OF STOCK: LMT_NASI_GORENG, BEV_KOPI_O
💰 [9:18:07 AM] TXN-1787883487900-170-953486
   Outlet 170 | Staff: Muhd Danish Bin Razak | 2 items | S$28.32
   🚨 OUT OF STOCK: LMT_NASI_GORENG, LMT_NASI_GORENG
🛒 [9:18:14 AM] TXN-1787883494148-165-299410
   Outlet 165 | Staff: Ahmad Faiz Bin Hassan | 4 items | S$53.10
   🚨 OUT OF STOCK: BEV_MILO, BEV_MILO, BEV_LATTE, BEV_MILO
💰 [9:18:20 AM] TXN-1787883500836-201-142865
   Outlet 201 | Staff: None | 1 items | S$8.26
   🚨 OUT OF STOCK: BEV_MILO
🛒 [9:18:26 AM] TXN-1787883506743-200-697551
   Outlet 200 | Staff: Priya D/O Mani | 5 items | S$63.13
   🚨 OUT OF STOCK: LMT_SATE, BEV_ORANGE_JUICE, BEV_KOPI_O, BEV_LATTE, BEV_ORANGE_JUICE
💰 [9:18:33 AM] TXN-1787883513693-170-459401
   Outlet 170 | Staff: Tan Wei Ming | 2 items | S$17.11
   🚨 OUT OF STOCK: LMT_ROTI_CANAI, BEV_KOPI_O
💰 [9:18:39 AM] TXN-1787883519866-201-782822
   Outlet 201 | Staff: None | 2 items | S$27.73
   🚨 OUT OF STOCK: BEV_KOPI_O, BEV_LATTE

📊 STATS:
   Total Sales: 260
   Total Revenue: S$10630.62
   Avg Ticket: S$40.89
   Low Stock Alerts: 17
   Out of Stock: 260
──────────────────────────────────────────────────
💰 [9:18:46 AM] TXN-1787883526113-165-640350
   Outlet 165 | Staff: Tan Wei Ming | 1 items | S$8.85
   🚨 OUT OF STOCK: BEV_ORANGE_JUICE
💰 [9:18:52 AM] TXN-1787883532013-202-669608
   Outlet 202 | Staff: None | 2 items | S$15.93
   🚨 OUT OF STOCK: LMT_ROTI_CANAI, BEV_ICED_TEA
🛒 [9:18:58 AM] TXN-1787883538328-167-990011
   Outlet 167 | Staff: Tan Wei Ming | 4 items | S$48.97
   🚨 OUT OF STOCK: BEV_KOPI_O, LMT_MIE_GORENG, BEV_KOPI_O, BEV_LATTE
🛒 [9:19:05 AM] TXN-1787883545022-170-461258
   Outlet 170 | Staff: Ng Jun Hao | 5 items | S$73.16
   🚨 OUT OF STOCK: BEV_MILO, BEV_KOPI_O, BEV_KOPI_O, BEV_ORANGE_JUICE, BEV_MILO
🛒 [9:19:11 AM] TXN-1787883551977-169-256137
   Outlet 169 | Staff: Koh Jia Yi | 4 items | S$49.56
   🚨 OUT OF STOCK: BEV_KOPI_O, LMT_ROTI_CANAI, BEV_MILO, BEV_ICED_TEA
🛒 [9:19:18 AM] TXN-1787883558877-165-111841
   Outlet 165 | Staff: Muhd Danish Bin Razak | 3 items | S$26.55
   🚨 OUT OF STOCK: BEV_MILO, BEV_MILO, BEV_LATTE
🛒 [9:19:25 AM] TXN-1787883565302-167-835729
   Outlet 167 | Staff: Sanjay S/O Ramesh | 4 items | S$31.27
   🚨 OUT OF STOCK: BEV_MILO, BEV_KOPI_O, BEV_KOPI_O, BEV_KOPI_O
🛒 [9:19:32 AM] TXN-1787883572082-168-333632
   Outlet 168 | Staff: Sanjay S/O Ramesh | 4 items | S$70.21
   🚨 OUT OF STOCK: BEV_ORANGE_JUICE, BEV_MILO, MNL_BEEG_HOON, MNL_KWAY_TEOW
💰 [9:19:38 AM] TXN-1787883578783-167-262622
   Outlet 167 | Staff: Nurul Huda Bte Ali | 2 items | S$19.47
   🚨 OUT OF STOCK: BEV_ICED_TEA, BEV_ICED_TEA
💰 [9:19:44 AM] TXN-1787883584990-201-366083
   Outlet 201 | Staff: None | 1 items | S$12.98
   🚨 OUT OF STOCK: MNL_RICE_BOWL

📊 STATS:
   Total Sales: 270
   Total Revenue: S$10987.57
   Avg Ticket: S$40.69
   Low Stock Alerts: 17
   Out of Stock: 270
──────────────────────────────────────────────────
🛒 [9:19:50 AM] TXN-1787883590971-202-782486
   Outlet 202 | Staff: None | 3 items | S$37.17
   🚨 OUT OF STOCK: LMT_MIE_GORENG, BEV_MILO, BEV_ORANGE_JUICE
💰 [9:19:58 AM] TXN-1787883598958-202-500509
   Outlet 202 | Staff: None | 1 items | S$6.49
   🚨 OUT OF STOCK: BEV_ICED_TEA
💰 [9:20:05 AM] TXN-1787883605528-171-378202
   Outlet 171 | Staff: Priya D/O Mani | 1 items | S$9.44
   🚨 OUT OF STOCK: LMT_ROTI_CANAI
💰 [9:20:12 AM] TXN-1787883612061-202-930920
   Outlet 202 | Staff: None | 2 items | S$31.27
   🚨 OUT OF STOCK: MNL_LAKSA, BEV_ICED_TEA
💰 [9:20:18 AM] TXN-1787883618423-200-580732
   Outlet 200 | Staff: Kumar Sanjay | 2 items | S$53.10
   🚨 OUT OF STOCK: MNL_KWAY_TEOW, MNL_BEEG_HOON
💰 [9:20:24 AM] TXN-1787883624998-169-689938
   Outlet 169 | Staff: Ng Jun Hao | 1 items | S$4.72
   ⚠️ LOW STOCK: LMT_PRAWN_CRACKERS
💰 [9:20:31 AM] TXN-1787883631176-200-549429
   Outlet 200 | Staff: Priya D/O Mani | 2 items | S$26.55
   🚨 OUT OF STOCK: BEV_LATTE, BEV_MILO
🛒 [9:20:37 AM] TXN-1787883637358-164-120404
   Outlet 164 | Staff: Ahmad Faiz Bin Hassan | 4 items | S$47.79
   🚨 OUT OF STOCK: LMT_NASI_GORENG, BEV_KOPI_O, BEV_ORANGE_JUICE, LMT_ROTI_CANAI
🛒 [9:20:44 AM] TXN-1787883644072-169-371910
   Outlet 169 | Staff: Ng Jun Hao | 5 items | S$46.61
   ⚠️ LOW STOCK: LMT_PRAWN_CRACKERS
   🚨 OUT OF STOCK: MNL_BEEG_HOON, BEV_KOPI_O, BEV_KOPI_O, BEV_KOPI_O
🛒 [9:20:51 AM] TXN-1787883651058-170-223173
   Outlet 170 | Staff: Ng Jun Hao | 5 items | S$51.33
   🚨 OUT OF STOCK: BEV_KOPI_O, BEV_KOPI_O, BEV_ICED_TEA, BEV_ICED_TEA, BEV_ORANGE_JUICE

📊 STATS:
   Total Sales: 280
   Total Revenue: S$11302.04
   Avg Ticket: S$40.36
   Low Stock Alerts: 19
   Out of Stock: 279
──────────────────────────────────────────────────
💰 [9:20:58 AM] TXN-1787883658669-200-382396
   Outlet 200 | Staff: Priya D/O Mani | 1 items | S$6.49
   🚨 OUT OF STOCK: BEV_ICED_TEA
💰 [9:21:04 AM] TXN-1787883664778-164-651094
   Outlet 164 | Staff: Ng Jun Hao | 1 items | S$9.44
   🚨 OUT OF STOCK: LMT_ROTI_CANAI
🛒 [9:21:10 AM] TXN-1787883670666-167-163310
   Outlet 167 | Staff: Muhd Danish Bin Razak | 3 items | S$41.89
   🚨 OUT OF STOCK: MNL_CHICKEN_RICE, BEV_ORANGE_JUICE, BEV_MILO
🛒 [9:21:17 AM] TXN-1787883677043-202-436436
   Outlet 202 | Staff: None | 4 items | S$20.65
   🚨 OUT OF STOCK: LMT_PRAWN_CRACKERS, LMT_PRAWN_CRACKERS, LMT_PRAWN_CRACKERS, BEV_ICED_TEA
💰 [9:21:23 AM] TXN-1787883683750-165-978962
   Outlet 165 | Staff: Ahmad Faiz Bin Hassan | 1 items | S$7.67
   🚨 OUT OF STOCK: BEV_KOPI_O
💰 [9:21:29 AM] TXN-1787883689727-165-487058
   Outlet 165 | Staff: Lee Jia En | 1 items | S$12.98
   🚨 OUT OF STOCK: MNL_RICE_BOWL
💰 [9:21:35 AM] TXN-1787883695698-200-102623
   Outlet 200 | Staff: Syaza Aina | 1 items | S$14.16
   🚨 OUT OF STOCK: LMT_NASI_GORENG
💰 [9:21:42 AM] TXN-1787883702735-169-404156
   Outlet 169 | Staff: Sanjay S/O Ramesh | 1 items | S$8.85
   🚨 OUT OF STOCK: BEV_ORANGE_JUICE
💰 [9:21:49 AM] TXN-1787883709050-200-368921
   Outlet 200 | Staff: Priya D/O Mani | 2 items | S$28.32
   🚨 OUT OF STOCK: BEV_LATTE, MNL_LAKSA
💰 [9:21:56 AM] TXN-1787883716138-202-908149
   Outlet 202 | Staff: None | 2 items | S$21.24
   🚨 OUT OF STOCK: BEV_MILO, BEV_ICED_TEA

📊 STATS:
   Total Sales: 290
   Total Revenue: S$11473.73
   Avg Ticket: S$39.56
   Low Stock Alerts: 19
   Out of Stock: 289
──────────────────────────────────────────────────
💰 [9:22:02 AM] TXN-1787883722278-200-781387
   Outlet 200 | Staff: Syaza Aina | 1 items | S$4.72
   🚨 OUT OF STOCK: LMT_PRAWN_CRACKERS
🛒 [9:22:08 AM] TXN-1787883728261-200-410751
   Outlet 200 | Staff: Syaza Aina | 5 items | S$87.32
   🚨 OUT OF STOCK: LMT_SATE, BEV_ORANGE_JUICE, LMT_NASI_GORENG, BEV_ORANGE_JUICE, BEV_LATTE
🛒 [9:22:15 AM] TXN-1787883735488-202-102775
   Outlet 202 | Staff: None | 5 items | S$61.95
   🚨 OUT OF STOCK: LMT_ROTI_CANAI, BEV_MILO, BEV_LATTE, BEV_ORANGE_JUICE, BEV_MILO
🛒 [9:22:22 AM] TXN-1787883742589-164-118798
   Outlet 164 | Staff: Ahmad Faiz Bin Hassan | 5 items | S$96.17
   🚨 OUT OF STOCK: BEV_ICED_TEA, BEV_ICED_TEA, BEV_LATTE, MNL_LAKSA, BEV_LATTE
💰 [9:22:29 AM] TXN-1787883749630-167-237285
   Outlet 167 | Staff: Lee Jia En | 1 items | S$18.88
   🚨 OUT OF STOCK: MNL_BEEG_HOON
🛒 [9:22:35 AM] TXN-1787883755682-165-266621
   Outlet 165 | Staff: Tan Wei Ming | 3 items | S$55.46
   🚨 OUT OF STOCK: LMT_ROTI_CANAI, LMT_NASI_GORENG, BEV_ORANGE_JUICE
💰 [9:22:42 AM] TXN-1787883762187-165-505724
   Outlet 165 | Staff: Muhd Danish Bin Razak | 2 items | S$36.58
   🚨 OUT OF STOCK: MNL_CHICKEN_RICE, BEV_LATTE
🛒 [9:22:48 AM] TXN-1787883768368-201-998490
   Outlet 201 | Staff: None | 3 items | S$30.68
   🚨 OUT OF STOCK: BEV_MILO, LMT_NASI_GORENG, BEV_MILO
💰 [9:22:54 AM] TXN-1787883774910-169-422969
   Outlet 169 | Staff: Koh Jia Yi | 1 items | S$12.98
   🚨 OUT OF STOCK: MNL_RICE_BOWL
🛒 [9:23:00 AM] TXN-1787883780812-165-448163
   Outlet 165 | Staff: Tan Wei Ming | 4 items | S$63.13
   🚨 OUT OF STOCK: BEV_ORANGE_JUICE, LMT_SATE, MNL_BEEG_HOON, BEV_ORANGE_JUICE

📊 STATS:
   Total Sales: 300
   Total Revenue: S$11941.60
   Avg Ticket: S$39.81
   Low Stock Alerts: 19
   Out of Stock: 299
──────────────────────────────────────────────────
🛒 [9:23:07 AM] TXN-1787883787470-202-659069
   Outlet 202 | Staff: None | 4 items | S$69.03
   🚨 OUT OF STOCK: MNL_CHICKEN_RICE, BEV_ICED_TEA, MNL_KWAY_TEOW, BEV_KOPI_O
🛒 [9:23:14 AM] TXN-1787883794240-168-479804
   Outlet 168 | Staff: Priya D/O Mani | 4 items | S$43.66
   🚨 OUT OF STOCK: LMT_ROTI_CANAI, BEV_KOPI_O, BEV_LATTE, BEV_ICED_TEA
🛒 [9:23:20 AM] TXN-1787883800985-170-137264
   Outlet 170 | Staff: Tan Wei Ming | 4 items | S$54.87
   🚨 OUT OF STOCK: LMT_NASI_GORENG, BEV_KOPI_O, BEV_KOPI_O, BEV_LATTE
🛒 [9:23:27 AM] TXN-1787883807683-168-345947
   Outlet 168 | Staff: Nurul Huda Bte Ali | 4 items | S$48.38
   🚨 OUT OF STOCK: MNL_CHICKEN_RICE, BEV_KOPI_O, BEV_ORANGE_JUICE, BEV_ICED_TEA
💰 [9:23:34 AM] TXN-1787883814361-169-167589
   Outlet 169 | Staff: Ng Jun Hao | 1 items | S$15.34
   🚨 OUT OF STOCK: MNL_KWAY_TEOW
🛒 [9:23:40 AM] TXN-1787883820301-170-791495
   Outlet 170 | Staff: Muhd Danish Bin Razak | 4 items | S$64.90
   🚨 OUT OF STOCK: MNL_CHICKEN_RICE, BEV_LATTE, BEV_LATTE, MNL_LAKSA
💰 [9:23:46 AM] TXN-1787883826955-201-511583
   Outlet 201 | Staff: None | 1 items | S$15.34
   🚨 OUT OF STOCK: MNL_KWAY_TEOW
🛒 [9:23:52 AM] TXN-1787883832879-169-987074
   Outlet 169 | Staff: Muhd Danish Bin Razak | 4 items | S$58.41
   🚨 OUT OF STOCK: LMT_NASI_GORENG, BEV_ORANGE_JUICE, BEV_KOPI_O, LMT_ROTI_CANAI
💰 [9:23:59 AM] TXN-1787883839683-167-628410
   Outlet 167 | Staff: Chong Wei Sheng | 1 items | S$12.98
   🚨 OUT OF STOCK: MNL_RICE_BOWL
🛒 [9:24:05 AM] TXN-1787883845848-202-605596
   Outlet 202 | Staff: None | 5 items | S$70.80
   🚨 OUT OF STOCK: MNL_KWAY_TEOW, BEV_LATTE, BEV_ORANGE_JUICE, BEV_MILO, BEV_LATTE

📊 STATS:
   Total Sales: 310
   Total Revenue: S$12395.31
   Avg Ticket: S$39.98
   Low Stock Alerts: 19
   Out of Stock: 309
──────────────────────────────────────────────────
🛒 [9:24:13 AM] TXN-1787883853261-202-664252
   Outlet 202 | Staff: None | 4 items | S$64.31
   🚨 OUT OF STOCK: MNL_LAKSA, BEV_ORANGE_JUICE, MNL_CHICKEN_RICE, LMT_MIE_GORENG
💰 [9:24:20 AM] TXN-1787883860484-164-701935
   Outlet 164 | Staff: Tan Jia Min | 2 items | S$41.89
   🚨 OUT OF STOCK: MNL_LAKSA, LMT_MIE_GORENG
🛒 [9:24:26 AM] TXN-1787883866968-202-280501
   Outlet 202 | Staff: None | 3 items | S$26.55
   🚨 OUT OF STOCK: BEV_MILO, BEV_MILO, BEV_LATTE
💰 [9:24:33 AM] TXN-1787883873588-171-744440
   Outlet 171 | Staff: Chua Kai Xin | 1 items | S$7.67
   🚨 OUT OF STOCK: BEV_KOPI_O
💰 [9:24:39 AM] TXN-1787883879954-167-743096
   Outlet 167 | Staff: Tan Wei Ming | 2 items | S$35.99
   🚨 OUT OF STOCK: MNL_LAKSA, BEV_ORANGE_JUICE
🛒 [9:24:46 AM] TXN-1787883886288-165-344578
   Outlet 165 | Staff: Tan Wei Ming | 3 items | S$40.71
   🚨 OUT OF STOCK: LMT_NASI_GORENG, BEV_ORANGE_JUICE, BEV_ORANGE_JUICE
🛒 [9:24:52 AM] TXN-1787883892791-201-114408
   Outlet 201 | Staff: None | 4 items | S$66.67
   🚨 OUT OF STOCK: MNL_CHICKEN_RICE, MNL_BEEG_HOON, BEV_KOPI_O, LMT_MIE_GORENG
💰 [9:24:59 AM] TXN-1787883899461-168-476073
   Outlet 168 | Staff: Sanjay S/O Ramesh | 1 items | S$9.44
   🚨 OUT OF STOCK: LMT_ROTI_CANAI
🛒 [9:25:05 AM] TXN-1787883905527-170-606112
   Outlet 170 | Staff: Ng Jun Hao | 4 items | S$44.25
   ⚠️ LOW STOCK: LMT_PRAWN_CRACKERS
   🚨 OUT OF STOCK: LMT_SATE, BEV_ORANGE_JUICE, MNL_RICE_BOWL
🛒 [9:25:12 AM] TXN-1787883912208-165-200336
   Outlet 165 | Staff: Lee Jia En | 3 items | S$41.89
   🚨 OUT OF STOCK: MNL_RICE_BOWL, MNL_BEEG_HOON, BEV_LATTE

📊 STATS:
   Total Sales: 320
   Total Revenue: S$12774.68
   Avg Ticket: S$39.92
   Low Stock Alerts: 20
   Out of Stock: 319
──────────────────────────────────────────────────
🛒 [9:25:18 AM] TXN-1787883918664-167-598861
   Outlet 167 | Staff: Tan Wei Ming | 5 items | S$45.43
   🚨 OUT OF STOCK: BEV_ICED_TEA, BEV_ICED_TEA, BEV_MILO, BEV_KOPI_O, BEV_MILO
💰 [9:25:25 AM] TXN-1787883925689-202-466588
   Outlet 202 | Staff: None | 1 items | S$11.80
   🚨 OUT OF STOCK: LMT_MIE_GORENG
🛒 [9:25:31 AM] TXN-1787883931603-164-536098
   Outlet 164 | Staff: Nurul Huda Bte Ali | 3 items | S$23.60
   🚨 OUT OF STOCK: BEV_ORANGE_JUICE, BEV_ICED_TEA, BEV_MILO
💰 [9:25:38 AM] TXN-1787883938004-200-413292
   Outlet 200 | Staff: Kumar Sanjay | 1 items | S$9.44
   🚨 OUT OF STOCK: LMT_ROTI_CANAI
💰 [9:25:43 AM] TXN-1787883943911-169-876625
   Outlet 169 | Staff: Ng Jun Hao | 2 items | S$24.78
   🚨 OUT OF STOCK: MNL_CHICKEN_RICE, BEV_MILO
🛒 [9:25:50 AM] TXN-1787883950306-169-960923
   Outlet 169 | Staff: Tan Wei Ming | 3 items | S$32.45
   🚨 OUT OF STOCK: BEV_MILO, BEV_KOPI_O, BEV_ORANGE_JUICE
💰 [9:25:56 AM] TXN-1787883956853-200-533059
   Outlet 200 | Staff: Syaza Aina | 1 items | S$15.34
   🚨 OUT OF STOCK: MNL_KWAY_TEOW
🛒 [9:26:02 AM] TXN-1787883962855-164-935844
   Outlet 164 | Staff: Nurul Huda Bte Ali | 4 items | S$56.64
   🚨 OUT OF STOCK: MNL_RICE_BOWL, BEV_MILO, BEV_ORANGE_JUICE, BEV_ORANGE_JUICE
💰 [9:26:09 AM] TXN-1787883969564-168-947356
   Outlet 168 | Staff: Sanjay S/O Ramesh | 2 items | S$28.91
   🚨 OUT OF STOCK: BEV_ORANGE_JUICE, BEV_LATTE
🛒 [9:26:15 AM] TXN-1787883975764-167-883353
   Outlet 167 | Staff: Rajesh Kumar | 3 items | S$59.00
   🚨 OUT OF STOCK: LMT_PRAWN_CRACKERS, MNL_BEEG_HOON, BEV_MILO

📊 STATS:
   Total Sales: 330
   Total Revenue: S$13082.07
   Avg Ticket: S$39.64
   Low Stock Alerts: 20
   Out of Stock: 329
──────────────────────────────────────────────────
🛒 [9:26:22 AM] TXN-1787883982224-170-188855
   Outlet 170 | Staff: Tan Wei Ming | 4 items | S$46.02
   🚨 OUT OF STOCK: LMT_NASI_GORENG, MNL_RICE_BOWL, BEV_ORANGE_JUICE, BEV_LATTE
🛒 [9:26:28 AM] TXN-1787883988941-201-804349
   Outlet 201 | Staff: None | 4 items | S$51.33
   🚨 OUT OF STOCK: MNL_KWAY_TEOW, BEV_MILO, BEV_LATTE, BEV_KOPI_O
💰 [9:26:35 AM] TXN-1787883995815-200-701630
   Outlet 200 | Staff: Kumar Sanjay | 1 items | S$18.29
   🚨 OUT OF STOCK: MNL_LAKSA
🛒 [9:26:41 AM] TXN-1787884001797-164-521594
   Outlet 164 | Staff: Ahmad Faiz Bin Hassan | 5 items | S$54.87
   🚨 OUT OF STOCK: MNL_BEEG_HOON, BEV_ICED_TEA, BEV_LATTE, BEV_ICED_TEA, BEV_ICED_TEA
💰 [9:26:48 AM] TXN-1787884008800-201-290300
   Outlet 201 | Staff: None | 1 items | S$16.52
   🚨 OUT OF STOCK: MNL_CHICKEN_RICE
💰 [9:26:54 AM] TXN-1787884014745-202-584624
   Outlet 202 | Staff: None | 2 items | S$24.78
   🚨 OUT OF STOCK: BEV_MILO, BEV_MILO
💰 [9:27:00 AM] TXN-1787884020917-201-600596
   Outlet 201 | Staff: None | 2 items | S$22.42
   ⚠️ LOW STOCK: LMT_PRAWN_CRACKERS
   🚨 OUT OF STOCK: BEV_ORANGE_JUICE
🛒 [9:27:07 AM] TXN-1787884027165-165-372368
   Outlet 165 | Staff: Tan Wei Ming | 3 items | S$46.02
   🚨 OUT OF STOCK: LMT_MIE_GORENG, BEV_MILO, BEV_ORANGE_JUICE
🛒 [9:27:13 AM] TXN-1787884033739-200-549715
   Outlet 200 | Staff: Syaza Aina | 5 items | S$47.79
   🚨 OUT OF STOCK: BEV_LATTE, MNL_KWAY_TEOW, BEV_KOPI_O, BEV_ICED_TEA, BEV_MILO
🛒 [9:27:20 AM] TXN-1787884040719-200-394372
   Outlet 200 | Staff: Priya D/O Mani | 4 items | S$61.95
   🚨 OUT OF STOCK: LMT_MIE_GORENG, MNL_RICE_BOWL, BEV_ORANGE_JUICE, BEV_KOPI_O

📊 STATS:
   Total Sales: 340
   Total Revenue: S$13472.06
   Avg Ticket: S$39.62
   Low Stock Alerts: 21
   Out of Stock: 339
──────────────────────────────────────────────────
💰 [9:27:27 AM] TXN-1787884047462-200-874020
   Outlet 200 | Staff: Syaza Aina | 2 items | S$29.50
   🚨 OUT OF STOCK: LMT_NASI_GORENG, MNL_KWAY_TEOW
💰 [9:27:33 AM] TXN-1787884053744-202-484726
   Outlet 202 | Staff: None | 1 items | S$15.34
   🚨 OUT OF STOCK: MNL_KWAY_TEOW
🛒 [9:27:39 AM] TXN-1787884059750-200-244499
   Outlet 200 | Staff: Syaza Aina | 5 items | S$114.46
   🚨 OUT OF STOCK: LMT_MIE_GORENG, MNL_LAKSA, BEV_ICED_TEA, MNL_CHICKEN_RICE, BEV_LATTE
💰 [9:27:46 AM] TXN-1787884066704-168-496988
   Outlet 168 | Staff: Sanjay S/O Ramesh | 2 items | S$21.83
   🚨 OUT OF STOCK: LMT_NASI_GORENG, BEV_KOPI_O
💰 [9:27:52 AM] TXN-1787884072851-200-555062
   Outlet 200 | Staff: Kumar Sanjay | 1 items | S$18.88
   🚨 OUT OF STOCK: MNL_BEEG_HOON
💰 [9:27:58 AM] TXN-1787884078876-202-482930
   Outlet 202 | Staff: None | 1 items | S$14.16
   🚨 OUT OF STOCK: LMT_NASI_GORENG
🛒 [9:28:04 AM] TXN-1787884084837-165-983402
   Outlet 165 | Staff: Ahmad Faiz Bin Hassan | 5 items | S$63.13
   🚨 OUT OF STOCK: LMT_SATE, BEV_LATTE, LMT_PRAWN_CRACKERS, BEV_KOPI_O, BEV_KOPI_O
💰 [9:28:11 AM] TXN-1787884091784-171-767435
   Outlet 171 | Staff: Rajesh Kumar | 2 items | S$26.55
   🚨 OUT OF STOCK: BEV_ICED_TEA, BEV_LATTE
💰 [9:28:18 AM] TXN-1787884098077-171-692103
   Outlet 171 | Staff: Tan Mei Hua | 2 items | S$24.19
   🚨 OUT OF STOCK: LMT_SATE, BEV_ICED_TEA
🛒 [9:28:24 AM] TXN-1787884104249-200-976819
   Outlet 200 | Staff: Kumar Sanjay | 4 items | S$50.15
   🚨 OUT OF STOCK: BEV_ICED_TEA, LMT_NASI_GORENG, BEV_MILO, MNL_RICE_BOWL

📊 STATS:
   Total Sales: 350
   Total Revenue: S$13850.25
   Avg Ticket: S$39.57
   Low Stock Alerts: 21
   Out of Stock: 349
──────────────────────────────────────────────────
💰 [9:28:30 AM] TXN-1787884110981-201-154519
   Outlet 201 | Staff: None | 1 items | S$15.34
   🚨 OUT OF STOCK: MNL_KWAY_TEOW
💰 [9:28:36 AM] TXN-1787884116971-201-749449
   Outlet 201 | Staff: None | 1 items | S$10.03
   🚨 OUT OF STOCK: BEV_LATTE
🛒 [9:28:43 AM] TXN-1787884123015-169-872002
   Outlet 169 | Staff: Ng Jun Hao | 3 items | S$44.25
   🚨 OUT OF STOCK: BEV_KOPI_O, BEV_MILO, BEV_LATTE
💰 [9:28:49 AM] TXN-1787884129416-171-951590
   Outlet 171 | Staff: Ng Jun Hao | 1 items | S$6.49
   🚨 OUT OF STOCK: BEV_ICED_TEA
🛒 [9:28:55 AM] TXN-1787884135397-201-666332
   Outlet 201 | Staff: None | 3 items | S$31.86
   🚨 OUT OF STOCK: BEV_ICED_TEA, BEV_ORANGE_JUICE, BEV_KOPI_O
🛒 [9:29:01 AM] TXN-1787884141876-169-494718
   Outlet 169 | Staff: Tan Wei Ming | 5 items | S$76.70
   🚨 OUT OF STOCK: LMT_NASI_GORENG, BEV_KOPI_O, LMT_MIE_GORENG, MNL_BEEG_HOON, BEV_MILO
🛒 [9:29:08 AM] TXN-1787884148946-169-987407
   Outlet 169 | Staff: Ng Jun Hao | 4 items | S$59.59
   🚨 OUT OF STOCK: BEV_LATTE, LMT_MIE_GORENG, BEV_MILO, LMT_SATE
🛒 [9:29:15 AM] TXN-1787884155724-167-202168
   Outlet 167 | Staff: Ng Jun Hao | 4 items | S$54.87
   🚨 OUT OF STOCK: MNL_CHICKEN_RICE, BEV_ICED_TEA, LMT_ROTI_CANAI, BEV_ICED_TEA
🛒 [9:29:22 AM] TXN-1787884162474-165-844372
   Outlet 165 | Staff: Tan Wei Ming | 4 items | S$48.38
   🚨 OUT OF STOCK: MNL_KWAY_TEOW, BEV_KOPI_O, BEV_ORANGE_JUICE, BEV_MILO
🛒 [9:29:29 AM] TXN-1787884169148-200-535608
   Outlet 200 | Staff: Kumar Sanjay | 4 items | S$70.80
   🚨 OUT OF STOCK: LMT_SATE, MNL_BEEG_HOON, BEV_ORANGE_JUICE, BEV_ICED_TEA

📊 STATS:
   Total Sales: 360
   Total Revenue: S$14268.56
   Avg Ticket: S$39.63
   Low Stock Alerts: 21
   Out of Stock: 359
──────────────────────────────────────────────────
💰 [9:29:35 AM] TXN-1787884175865-167-674755
   Outlet 167 | Staff: Chong Wei Sheng | 2 items | S$11.21
   🚨 OUT OF STOCK: LMT_PRAWN_CRACKERS, BEV_ICED_TEA
🛒 [9:29:42 AM] TXN-1787884182260-164-818149
   Outlet 164 | Staff: Chua Kai Xin | 4 items | S$43.07
   🚨 OUT OF STOCK: BEV_KOPI_O, BEV_LATTE, BEV_MILO, BEV_ORANGE_JUICE
🛒 [9:29:49 AM] TXN-1787884189210-200-124704
   Outlet 200 | Staff: Syaza Aina | 3 items | S$28.91
   🚨 OUT OF STOCK: LMT_PRAWN_CRACKERS, BEV_ORANGE_JUICE, BEV_KOPI_O
🛒 [9:29:55 AM] TXN-1787884195614-164-451279
   Outlet 164 | Staff: Batch Staff 1 | 3 items | S$20.65
   🚨 OUT OF STOCK: BEV_ICED_TEA, BEV_ICED_TEA, BEV_KOPI_O
🛒 [9:30:02 AM] TXN-1787884202190-170-845970
   Outlet 170 | Staff: Rajesh Kumar | 3 items | S$38.94
   🚨 OUT OF STOCK: BEV_MILO, BEV_KOPI_O, BEV_KOPI_O
🛒 [9:30:08 AM] TXN-1787884208748-165-521257
   Outlet 165 | Staff: Tan Wei Ming | 3 items | S$47.20
   🚨 OUT OF STOCK: LMT_NASI_GORENG, BEV_MILO, BEV_MILO
🛒 [9:30:15 AM] TXN-1787884215417-165-232201
   Outlet 165 | Staff: Lee Jia En | 3 items | S$35.99
   🚨 OUT OF STOCK: BEV_ICED_TEA, BEV_ORANGE_JUICE, LMT_MIE_GORENG
💰 [9:30:22 AM] TXN-1787884222182-202-620226
   Outlet 202 | Staff: None | 2 items | S$24.78
   🚨 OUT OF STOCK: LMT_ROTI_CANAI, BEV_KOPI_O
💰 [9:30:28 AM] TXN-1787884228802-201-127870
   Outlet 201 | Staff: None | 1 items | S$6.49
   🚨 OUT OF STOCK: BEV_ICED_TEA
💰 [9:30:34 AM] TXN-1787884234853-167-129530
   Outlet 167 | Staff: Nurul Huda Bte Ali | 2 items | S$25.96
   🚨 OUT OF STOCK: MNL_LAKSA, BEV_KOPI_O

📊 STATS:
   Total Sales: 370
   Total Revenue: S$14551.76
   Avg Ticket: S$39.33
   Low Stock Alerts: 21
   Out of Stock: 369
──────────────────────────────────────────────────
💰 [9:30:41 AM] TXN-1787884241317-170-112754
   Outlet 170 | Staff: Lee Jia En | 1 items | S$6.49
   🚨 OUT OF STOCK: BEV_ICED_TEA
💰 [9:30:47 AM] TXN-1787884247311-169-793584
   Outlet 169 | Staff: Koh Jia Yi | 1 items | S$8.26
   🚨 OUT OF STOCK: BEV_MILO
🛒 [9:30:53 AM] TXN-1787884253338-171-920976
   Outlet 171 | Staff: Nur Aisyah | 4 items | S$67.85
   🚨 OUT OF STOCK: LMT_MIE_GORENG, MNL_BEEG_HOON, BEV_LATTE, BEV_MILO
💰 [9:31:00 AM] TXN-1787884260131-200-213642
   Outlet 200 | Staff: Syaza Aina | 1 items | S$18.29
   🚨 OUT OF STOCK: MNL_LAKSA
🛒 [9:31:06 AM] TXN-1787884266120-202-716183
   Outlet 202 | Staff: None | 3 items | S$42.48
   🚨 OUT OF STOCK: LMT_NASI_GORENG, BEV_LATTE, MNL_LAKSA
🛒 [9:31:12 AM] TXN-1787884272801-171-875509
   Outlet 171 | Staff: Nur Aisyah | 5 items | S$72.57
   🚨 OUT OF STOCK: MNL_RICE_BOWL, LMT_SATE, BEV_ORANGE_JUICE, BEV_ICED_TEA, BEV_LATTE
🛒 [9:31:19 AM] TXN-1787884279835-170-793425
   Outlet 170 | Staff: Tan Wei Ming | 3 items | S$46.02
   🚨 OUT OF STOCK: LMT_ROTI_CANAI, BEV_ORANGE_JUICE, MNL_BEEG_HOON
🛒 [9:31:26 AM] TXN-1787884286431-171-993523
   Outlet 171 | Staff: Ng Jun Hao | 4 items | S$71.98
   🚨 OUT OF STOCK: MNL_KWAY_TEOW, BEV_MILO, BEV_LATTE, BEV_LATTE
🛒 [9:31:33 AM] TXN-1787884293246-165-538178
   Outlet 165 | Staff: Lee Jia En | 5 items | S$128.62
   🚨 OUT OF STOCK: LMT_SATE, MNL_KWAY_TEOW, MNL_BEEG_HOON, MNL_RICE_BOWL, BEV_MILO
💰 [9:31:40 AM] TXN-1787884300206-170-234678
   Outlet 170 | Staff: Ng Jun Hao | 2 items | S$18.29
   🚨 OUT OF STOCK: LMT_MIE_GORENG, BEV_ICED_TEA

📊 STATS:
   Total Sales: 380
   Total Revenue: S$15032.61
   Avg Ticket: S$39.56
   Low Stock Alerts: 21
   Out of Stock: 379
──────────────────────────────────────────────────
🛒 [9:31:46 AM] TXN-1787884306431-165-856275
   Outlet 165 | Staff: Lee Jia En | 3 items | S$48.97
   🚨 OUT OF STOCK: BEV_MILO, BEV_KOPI_O, MNL_CHICKEN_RICE
🛒 [9:31:52 AM] TXN-1787884312970-200-265988
   Outlet 200 | Staff: Priya D/O Mani | 3 items | S$30.68
   🚨 OUT OF STOCK: MNL_CHICKEN_RICE, BEV_ICED_TEA, BEV_KOPI_O
🛒 [9:31:59 AM] TXN-1787884319484-171-126447
   Outlet 171 | Staff: Sanjay S/O Ramesh | 3 items | S$37.76
   🚨 OUT OF STOCK: LMT_PRAWN_CRACKERS, BEV_KOPI_O, BEV_ORANGE_JUICE
🛒 [9:32:06 AM] TXN-1787884326139-167-368046
   Outlet 167 | Staff: Muhd Danish Bin Razak | 3 items | S$42.48
   🚨 OUT OF STOCK: MNL_CHICKEN_RICE, BEV_MILO, LMT_ROTI_CANAI
💰 [9:32:12 AM] TXN-1787884332924-200-693837
   Outlet 200 | Staff: Kumar Sanjay | 2 items | S$22.42
   🚨 OUT OF STOCK: LMT_ROTI_CANAI, BEV_ICED_TEA
🛒 [9:32:19 AM] TXN-1787884339137-165-483039
   Outlet 165 | Staff: Lee Jia En | 4 items | S$49.56
   🚨 OUT OF STOCK: BEV_KOPI_O, BEV_ORANGE_JUICE, MNL_BEEG_HOON, LMT_NASI_GORENG
💰 [9:32:26 AM] TXN-1787884346261-201-620794
   Outlet 201 | Staff: None | 2 items | S$15.34
   🚨 OUT OF STOCK: BEV_ICED_TEA, BEV_ORANGE_JUICE
🛒 [9:32:32 AM] TXN-1787884352468-164-336573
   Outlet 164 | Staff: Chua Kai Xin | 4 items | S$56.05
   🚨 OUT OF STOCK: LMT_MIE_GORENG, BEV_LATTE, BEV_ORANGE_JUICE, BEV_KOPI_O
🛒 [9:32:39 AM] TXN-1787884359242-200-605143
   Outlet 200 | Staff: Kumar Sanjay | 4 items | S$44.84
   🚨 OUT OF STOCK: BEV_KOPI_O, LMT_ROTI_CANAI, BEV_ORANGE_JUICE, LMT_ROTI_CANAI
💰 [9:32:45 AM] TXN-1787884365917-167-803540
   Outlet 167 | Staff: Ng Jun Hao | 2 items | S$28.32
   🚨 OUT OF STOCK: MNL_KWAY_TEOW, BEV_ICED_TEA

📊 STATS:
   Total Sales: 390
   Total Revenue: S$15409.03
   Avg Ticket: S$39.51
   Low Stock Alerts: 21
   Out of Stock: 389
──────────────────────────────────────────────────
💰 [9:32:52 AM] TXN-1787884372164-168-763598
   Outlet 168 | Staff: Nurul Huda Bte Ali | 1 items | S$8.85
   🚨 OUT OF STOCK: BEV_ORANGE_JUICE
🛒 [9:32:58 AM] TXN-1787884378094-168-163093
   Outlet 168 | Staff: Lee Jia En | 5 items | S$99.12
   🚨 OUT OF STOCK: LMT_ROTI_CANAI, BEV_LATTE, MNL_CHICKEN_RICE, BEV_LATTE, MNL_LAKSA
💰 [9:33:05 AM] TXN-1787884385111-167-879617
   Outlet 167 | Staff: Nurul Huda Bte Ali | 1 items | S$17.70
   🚨 OUT OF STOCK: LMT_SATE
🛒 [9:33:11 AM] TXN-1787884391101-167-640338
   Outlet 167 | Staff: Tan Wei Ming | 3 items | S$43.66
   🚨 OUT OF STOCK: LMT_MIE_GORENG, BEV_ICED_TEA, LMT_ROTI_CANAI
🛒 [9:33:17 AM] TXN-1787884397696-171-847670
   Outlet 171 | Staff: Nurul Huda Bte Ali | 4 items | S$54.87
   🚨 OUT OF STOCK: MNL_RICE_BOWL, BEV_ORANGE_JUICE, BEV_MILO, BEV_KOPI_O
💰 [9:33:24 AM] TXN-1787884404396-165-474728
   Outlet 165 | Staff: Muhd Danish Bin Razak | 1 items | S$18.88
   🚨 OUT OF STOCK: MNL_BEEG_HOON
🛒 [9:33:30 AM] TXN-1787884410352-200-848483
   Outlet 200 | Staff: Priya D/O Mani | 5 items | S$48.38
   🚨 OUT OF STOCK: MNL_BEEG_HOON, BEV_ICED_TEA, BEV_KOPI_O, BEV_KOPI_O, BEV_KOPI_O
💰 [9:33:37 AM] TXN-1787884417430-202-940953
   Outlet 202 | Staff: None | 1 items | S$4.72
   🚨 OUT OF STOCK: LMT_PRAWN_CRACKERS
🛒 [9:33:43 AM] TXN-1787884423383-171-300593
   Outlet 171 | Staff: Ng Jun Hao | 4 items | S$46.02
   🚨 OUT OF STOCK: LMT_MIE_GORENG, BEV_ORANGE_JUICE, LMT_ROTI_CANAI, BEV_ICED_TEA
💰 [9:33:50 AM] TXN-1787884430127-171-215778
   Outlet 171 | Staff: Tan Mei Hua | 1 items | S$7.67
   🚨 OUT OF STOCK: BEV_KOPI_O

📊 STATS:
   Total Sales: 400
   Total Revenue: S$15758.90
   Avg Ticket: S$39.40
   Low Stock Alerts: 21
   Out of Stock: 399
──────────────────────────────────────────────────
🛒 [9:33:56 AM] TXN-1787884436212-164-359738
   Outlet 164 | Staff: Nurul Huda Bte Ali | 5 items | S$72.57
   🚨 OUT OF STOCK: MNL_KWAY_TEOW, BEV_KOPI_O, BEV_ICED_TEA, MNL_BEEG_HOON, BEV_MILO
🛒 [9:34:03 AM] TXN-1787884443171-202-399060
   Outlet 202 | Staff: None | 4 items | S$43.07
   🚨 OUT OF STOCK: BEV_MILO, BEV_KOPI_O, BEV_ICED_TEA, BEV_ICED_TEA
💰 [9:34:09 AM] TXN-1787884449973-170-204055
   Outlet 170 | Staff: Tan Wei Ming | 2 items | S$33.04
   🚨 OUT OF STOCK: MNL_RICE_BOWL, BEV_LATTE
🛒 [9:34:16 AM] TXN-1787884456174-167-615126
   Outlet 167 | Staff: Chong Wei Sheng | 5 items | S$112.69
   🚨 OUT OF STOCK: MNL_BEEG_HOON, MNL_CHICKEN_RICE, LMT_SATE, BEV_LATTE, BEV_KOPI_O
🛒 [9:34:23 AM] TXN-1787884463256-202-324109
   Outlet 202 | Staff: None | 3 items | S$33.63
   🚨 OUT OF STOCK: BEV_MILO, BEV_KOPI_O, BEV_LATTE
💰 [9:34:29 AM] TXN-1787884469724-164-544750
   Outlet 164 | Staff: Ahmad Faiz Bin Hassan | 1 items | S$18.29
   🚨 OUT OF STOCK: MNL_LAKSA
💰 [9:34:35 AM] TXN-1787884475695-169-394369
   Outlet 169 | Staff: Sanjay S/O Ramesh | 1 items | S$15.34
   🚨 OUT OF STOCK: MNL_KWAY_TEOW
💰 [9:34:41 AM] TXN-1787884481645-200-123982
   Outlet 200 | Staff: Syaza Aina | 1 items | S$18.29
   🚨 OUT OF STOCK: MNL_LAKSA
🛒 [9:34:47 AM] TXN-1787884487593-200-314248
   Outlet 200 | Staff: Priya D/O Mani | 4 items | S$74.34
   🚨 OUT OF STOCK: MNL_LAKSA, MNL_RICE_BOWL, BEV_LATTE, MNL_CHICKEN_RICE
💰 [9:34:54 AM] TXN-1787884494387-170-568299
   Outlet 170 | Staff: Tan Wei Ming | 2 items | S$16.52
   🚨 OUT OF STOCK: BEV_KOPI_O, BEV_ORANGE_JUICE

📊 STATS:
   Total Sales: 410
   Total Revenue: S$16196.68
   Avg Ticket: S$39.50
   Low Stock Alerts: 21
   Out of Stock: 409
──────────────────────────────────────────────────
💰 [9:35:00 AM] TXN-1787884500625-165-233917
   Outlet 165 | Staff: Tan Wei Ming | 2 items | S$23.01
   🚨 OUT OF STOCK: LMT_NASI_GORENG, BEV_ORANGE_JUICE
🛒 [9:35:06 AM] TXN-1787884506902-167-571234
   Outlet 167 | Staff: Muhd Danish Bin Razak | 4 items | S$59.59
   🚨 OUT OF STOCK: LMT_MIE_GORENG, BEV_KOPI_O, BEV_LATTE, BEV_LATTE
🛒 [9:35:13 AM] TXN-1787884513593-169-233409
   Outlet 169 | Staff: Ng Jun Hao | 5 items | S$47.20
   ⚠️ LOW STOCK: LMT_PRAWN_CRACKERS
   🚨 OUT OF STOCK: LMT_ROTI_CANAI, BEV_LATTE, BEV_ICED_TEA, BEV_ICED_TEA
🛒 [9:35:20 AM] TXN-1787884520880-171-468536
   Outlet 171 | Staff: Chua Kai Xin | 5 items | S$56.64
   🚨 OUT OF STOCK: BEV_KOPI_O, BEV_LATTE, BEV_MILO, BEV_ORANGE_JUICE, BEV_ICED_TEA
🛒 [9:35:27 AM] TXN-1787884527921-167-189242
   Outlet 167 | Staff: Tan Wei Ming | 4 items | S$41.30
   🚨 OUT OF STOCK: MNL_CHICKEN_RICE, BEV_LATTE, BEV_MILO, BEV_ICED_TEA
🛒 [9:35:34 AM] TXN-1787884534766-171-599445
   Outlet 171 | Staff: Ng Jun Hao | 4 items | S$64.90
   🚨 OUT OF STOCK: MNL_BEEG_HOON, BEV_ICED_TEA, BEV_ICED_TEA, BEV_LATTE
💰 [9:35:41 AM] TXN-1787884541454-201-277196
   Outlet 201 | Staff: None | 2 items | S$27.14
   🚨 OUT OF STOCK: MNL_LAKSA, BEV_ORANGE_JUICE
🛒 [9:35:47 AM] TXN-1787884547648-200-815885
   Outlet 200 | Staff: Kumar Sanjay | 4 items | S$67.85
   🚨 OUT OF STOCK: LMT_SATE, BEV_ICED_TEA, LMT_NASI_GORENG, BEV_ORANGE_JUICE
🛒 [9:35:54 AM] TXN-1787884554426-171-812051
   Outlet 171 | Staff: Priya D/O Mani | 3 items | S$32.45
   🚨 OUT OF STOCK: LMT_ROTI_CANAI, BEV_KOPI_O, BEV_KOPI_O
💰 [9:36:00 AM] TXN-1787884560807-200-423524
   Outlet 200 | Staff: Kumar Sanjay | 2 items | S$12.39
   🚨 OUT OF STOCK: LMT_PRAWN_CRACKERS, BEV_KOPI_O

📊 STATS:
   Total Sales: 420
   Total Revenue: S$16629.15
   Avg Ticket: S$39.59
   Low Stock Alerts: 22
   Out of Stock: 419
──────────────────────────────────────────────────
🛒 [9:36:07 AM] TXN-1787884567123-168-697587
   Outlet 168 | Staff: Li Ying Zhi | 3 items | S$38.35
   🚨 OUT OF STOCK: BEV_KOPI_O, LMT_MIE_GORENG, MNL_BEEG_HOON
💰 [9:36:13 AM] TXN-1787884573528-202-415806
   Outlet 202 | Staff: None | 2 items | S$15.34
   🚨 OUT OF STOCK: BEV_ORANGE_JUICE, BEV_ICED_TEA
🛒 [9:36:19 AM] TXN-1787884579802-168-582026
   Outlet 168 | Staff: Sanjay S/O Ramesh | 5 items | S$47.20
   🚨 OUT OF STOCK: BEV_ORANGE_JUICE, BEV_ORANGE_JUICE, BEV_KOPI_O, BEV_KOPI_O, BEV_ICED_TEA
💰 [9:36:26 AM] TXN-1787884586784-167-494153
   Outlet 167 | Staff: Ahmad Faiz Bin Hassan | 2 items | S$30.68
   🚨 OUT OF STOCK: MNL_RICE_BOWL, BEV_ORANGE_JUICE
💰 [9:36:33 AM] TXN-1787884593092-168-501868
   Outlet 168 | Staff: Ng Jun Hao | 2 items | S$37.76
   🚨 OUT OF STOCK: LMT_SATE, BEV_LATTE
🛒 [9:36:39 AM] TXN-1787884599258-165-361617
   Outlet 165 | Staff: Ng Jun Hao | 5 items | S$51.33
   🚨 OUT OF STOCK: BEV_LATTE, BEV_LATTE, MNL_KWAY_TEOW, LMT_ROTI_CANAI, BEV_ICED_TEA
🛒 [9:36:46 AM] TXN-1787884606222-164-273329
   Outlet 164 | Staff: Rajesh Kumar | 3 items | S$39.53
   🚨 OUT OF STOCK: BEV_ICED_TEA, LMT_SATE, BEV_KOPI_O
🛒 [9:36:52 AM] TXN-1787884612722-201-551377
   Outlet 201 | Staff: None | 4 items | S$57.23
   🚨 OUT OF STOCK: MNL_CHICKEN_RICE, BEV_ICED_TEA, BEV_KOPI_O, BEV_LATTE
🛒 [9:36:59 AM] TXN-1787884619479-167-499452
   Outlet 167 | Staff: Rajesh Kumar | 4 items | S$66.67
   🚨 OUT OF STOCK: MNL_BEEG_HOON, BEV_ORANGE_JUICE, BEV_LATTE, BEV_LATTE
🛒 [9:37:06 AM] TXN-1787884626272-168-199853
   Outlet 168 | Staff: Ng Jun Hao | 3 items | S$45.43
   🚨 OUT OF STOCK: LMT_SATE, BEV_LATTE, BEV_ORANGE_JUICE

📊 STATS:
   Total Sales: 430
   Total Revenue: S$17058.67
   Avg Ticket: S$39.67
   Low Stock Alerts: 22
   Out of Stock: 429
──────────────────────────────────────────────────
🛒 [9:37:12 AM] TXN-1787884632766-200-366683
   Outlet 200 | Staff: Kumar Sanjay | 5 items | S$83.78
   🚨 OUT OF STOCK: MNL_CHICKEN_RICE, BEV_ICED_TEA, BEV_ORANGE_JUICE, BEV_LATTE, BEV_MILO
🛒 [9:37:19 AM] TXN-1787884639768-169-132561
   Outlet 169 | Staff: Ng Jun Hao | 4 items | S$72.57
   🚨 OUT OF STOCK: MNL_LAKSA, BEV_MILO, MNL_CHICKEN_RICE, MNL_RICE_BOWL
💰 [9:37:26 AM] TXN-1787884646551-165-183276
   Outlet 165 | Staff: Lee Jia En | 2 items | S$16.52
   🚨 OUT OF STOCK: BEV_KOPI_O, BEV_ORANGE_JUICE
🛒 [9:37:32 AM] TXN-1787884652740-169-563892
   Outlet 169 | Staff: Koh Jia Yi | 4 items | S$49.56
   🚨 OUT OF STOCK: LMT_NASI_GORENG, BEV_KOPI_O, BEV_LATTE, BEV_ORANGE_JUICE
💰 [9:37:39 AM] TXN-1787884659423-171-409326
   Outlet 171 | Staff: Priya D/O Mani | 1 items | S$12.98
   🚨 OUT OF STOCK: MNL_RICE_BOWL
🛒 [9:37:45 AM] TXN-1787884665404-168-332381
   Outlet 168 | Staff: Nurul Huda Bte Ali | 4 items | S$43.07
   🚨 OUT OF STOCK: BEV_ORANGE_JUICE, BEV_KOPI_O, LMT_ROTI_CANAI, BEV_KOPI_O
🛒 [9:37:52 AM] TXN-1787884672130-171-558235
   Outlet 171 | Staff: Rajesh Kumar | 5 items | S$63.72
   🚨 OUT OF STOCK: BEV_KOPI_O, BEV_ICED_TEA, BEV_KOPI_O, BEV_KOPI_O, BEV_LATTE
🛒 [9:37:59 AM] TXN-1787884679125-200-493670
   Outlet 200 | Staff: Priya D/O Mani | 4 items | S$41.30
   🚨 OUT OF STOCK: LMT_ROTI_CANAI, BEV_LATTE, LMT_NASI_GORENG, BEV_KOPI_O
💰 [9:38:05 AM] TXN-1787884685817-200-955401
   Outlet 200 | Staff: Priya D/O Mani | 1 items | S$18.29
   🚨 OUT OF STOCK: MNL_LAKSA
🛒 [9:38:11 AM] TXN-1787884691734-202-202019
   Outlet 202 | Staff: None | 4 items | S$75.52
   🚨 OUT OF STOCK: MNL_BEEG_HOON, BEV_ICED_TEA, BEV_ICED_TEA, MNL_KWAY_TEOW

📊 STATS:
   Total Sales: 440
   Total Revenue: S$17535.98
   Avg Ticket: S$39.85
   Low Stock Alerts: 22
   Out of Stock: 439
──────────────────────────────────────────────────
🛒 [9:38:18 AM] TXN-1787884698559-168-109911
   Outlet 168 | Staff: Li Ying Zhi | 3 items | S$35.40
   🚨 OUT OF STOCK: LMT_ROTI_CANAI, BEV_MILO, BEV_ORANGE_JUICE
🛒 [9:38:25 AM] TXN-1787884705047-171-155754
   Outlet 171 | Staff: Chua Kai Xin | 5 items | S$69.03
   🚨 OUT OF STOCK: MNL_KWAY_TEOW, BEV_ICED_TEA, BEV_MILO, BEV_ICED_TEA, BEV_ORANGE_JUICE
🛒 [9:38:32 AM] TXN-1787884712848-165-836138
   Outlet 165 | Staff: Muhd Danish Bin Razak | 4 items | S$50.15
   🚨 OUT OF STOCK: BEV_MILO, BEV_ORANGE_JUICE, BEV_MILO, BEV_MILO
🛒 [9:38:39 AM] TXN-1787884719546-170-868587
   Outlet 170 | Staff: Muhd Danish Bin Razak | 3 items | S$44.25
   🚨 OUT OF STOCK: BEV_LATTE, BEV_ORANGE_JUICE, BEV_MILO
🛒 [9:38:46 AM] TXN-1787884726039-171-181964
   Outlet 171 | Staff: Chua Kai Xin | 3 items | S$25.37
   🚨 OUT OF STOCK: LMT_ROTI_CANAI, BEV_ICED_TEA, LMT_PRAWN_CRACKERS
🛒 [9:38:52 AM] TXN-1787884732524-202-166490
   Outlet 202 | Staff: None | 3 items | S$43.66
   🚨 OUT OF STOCK: MNL_KWAY_TEOW, BEV_LATTE, BEV_MILO
🛒 [9:38:59 AM] TXN-1787884739037-200-546836
   Outlet 200 | Staff: Kumar Sanjay | 3 items | S$42.48
   🚨 OUT OF STOCK: BEV_MILO, LMT_SATE, BEV_MILO
🛒 [9:39:07 AM] TXN-1787884747754-170-779070
   Outlet 170 | Staff: Tan Wei Ming | 3 items | S$41.89
   🚨 OUT OF STOCK: MNL_BEEG_HOON, BEV_KOPI_O, BEV_KOPI_O
💰 [9:39:14 AM] TXN-1787884754263-170-818188
   Outlet 170 | Staff: Tan Wei Ming | 1 items | S$9.44
   🚨 OUT OF STOCK: LMT_ROTI_CANAI
💰 [9:39:20 AM] TXN-1787884760253-165-442448
   Outlet 165 | Staff: Lee Jia En | 2 items | S$28.32
   🚨 OUT OF STOCK: MNL_RICE_BOWL, BEV_KOPI_O

📊 STATS:
   Total Sales: 450
   Total Revenue: S$17925.97
   Avg Ticket: S$39.84
   Low Stock Alerts: 22
   Out of Stock: 449
──────────────────────────────────────────────────
🛒 [9:39:26 AM] TXN-1787884766518-202-117689
   Outlet 202 | Staff: None | 5 items | S$68.44
   🚨 OUT OF STOCK: BEV_ORANGE_JUICE, MNL_CHICKEN_RICE, BEV_MILO, BEV_ORANGE_JUICE, BEV_ORANGE_JUICE
💰 [9:39:33 AM] TXN-1787884773567-200-597286
   Outlet 200 | Staff: Syaza Aina | 1 items | S$18.29
   🚨 OUT OF STOCK: MNL_LAKSA
🛒 [9:39:39 AM] TXN-1787884779714-165-845885
   Outlet 165 | Staff: Tan Wei Ming | 3 items | S$61.36
   🚨 OUT OF STOCK: MNL_KWAY_TEOW, BEV_MILO, MNL_BEEG_HOON
💰 [9:39:46 AM] TXN-1787884786162-202-456075
   Outlet 202 | Staff: None | 1 items | S$6.49
   🚨 OUT OF STOCK: BEV_ICED_TEA
💰 [9:39:52 AM] TXN-1787884792155-164-595746
   Outlet 164 | Staff: Rajesh Kumar | 1 items | S$7.67
   🚨 OUT OF STOCK: BEV_KOPI_O
💰 [9:39:58 AM] TXN-1787884798179-201-145958
   Outlet 201 | Staff: None | 2 items | S$27.14
   🚨 OUT OF STOCK: LMT_ROTI_CANAI, BEV_ORANGE_JUICE
💰 [9:40:04 AM] TXN-1787884804445-171-127940
   Outlet 171 | Staff: Muhd Danish Bin Razak | 1 items | S$17.70
   🚨 OUT OF STOCK: LMT_SATE
🛒 [9:40:10 AM] TXN-1787884810396-164-929171
   Outlet 164 | Staff: Nurul Huda Bte Ali | 4 items | S$52.51
   🚨 OUT OF STOCK: BEV_ORANGE_JUICE, LMT_MIE_GORENG, MNL_KWAY_TEOW, BEV_MILO
🛒 [9:40:17 AM] TXN-1787884817453-165-749077
   Outlet 165 | Staff: Ng Jun Hao | 5 items | S$68.44
   🚨 OUT OF STOCK: BEV_KOPI_O, LMT_MIE_GORENG, BEV_ICED_TEA, BEV_MILO, LMT_NASI_GORENG
🛒 [9:40:24 AM] TXN-1787884824420-171-975928
   Outlet 171 | Staff: Rajesh Kumar | 4 items | S$63.72
   🚨 OUT OF STOCK: LMT_MIE_GORENG, BEV_LATTE, BEV_KOPI_O, BEV_MILO

📊 STATS:
   Total Sales: 460
   Total Revenue: S$18317.73
   Avg Ticket: S$39.82
   Low Stock Alerts: 22
   Out of Stock: 459
──────────────────────────────────────────────────
🛒 [9:40:31 AM] TXN-1787884831323-201-164402
   Outlet 201 | Staff: None | 4 items | S$76.11
   🚨 OUT OF STOCK: LMT_NASI_GORENG, BEV_ORANGE_JUICE, LMT_SATE, BEV_ORANGE_JUICE
🛒 [9:40:38 AM] TXN-1787884838105-169-783387
   Outlet 169 | Staff: Ng Jun Hao | 4 items | S$79.06
   🚨 OUT OF STOCK: MNL_BEEG_HOON, LMT_SATE, BEV_MILO, BEV_MILO
🛒 [9:40:44 AM] TXN-1787884844941-165-682591
   Outlet 165 | Staff: Lee Jia En | 4 items | S$32.45
   🚨 OUT OF STOCK: LMT_PRAWN_CRACKERS, MNL_RICE_BOWL, BEV_LATTE, LMT_PRAWN_CRACKERS
🛒 [9:40:51 AM] TXN-1787884851762-165-740392
   Outlet 165 | Staff: Tan Wei Ming | 3 items | S$32.45
   🚨 OUT OF STOCK: MNL_LAKSA, BEV_ICED_TEA, BEV_KOPI_O
🛒 [9:40:58 AM] TXN-1787884858210-170-566258
   Outlet 170 | Staff: Tan Wei Ming | 3 items | S$43.07
   🚨 OUT OF STOCK: LMT_ROTI_CANAI, MNL_RICE_BOWL, BEV_KOPI_O
💰 [9:41:04 AM] TXN-1787884864912-169-403385
   Outlet 169 | Staff: Ng Jun Hao | 1 items | S$15.34
   🚨 OUT OF STOCK: MNL_KWAY_TEOW
🛒 [9:41:10 AM] TXN-1787884870873-169-983853
   Outlet 169 | Staff: Tan Wei Ming | 4 items | S$42.48
   🚨 OUT OF STOCK: BEV_ICED_TEA, BEV_LATTE, BEV_KOPI_O, BEV_MILO
💰 [9:41:17 AM] TXN-1787884877721-167-670270
   Outlet 167 | Staff: Ahmad Faiz Bin Hassan | 1 items | S$17.70
   🚨 OUT OF STOCK: LMT_SATE
🛒 [9:41:23 AM] TXN-1787884883722-200-933515
   Outlet 200 | Staff: Kumar Sanjay | 4 items | S$64.90
   🚨 OUT OF STOCK: MNL_BEEG_HOON, BEV_KOPI_O, LMT_NASI_GORENG, BEV_MILO
💰 [9:41:30 AM] TXN-1787884890611-202-636988
   Outlet 202 | Staff: None | 1 items | S$8.26
   🚨 OUT OF STOCK: BEV_MILO

📊 STATS:
   Total Sales: 470
   Total Revenue: S$18729.55
   Avg Ticket: S$39.85
   Low Stock Alerts: 22
   Out of Stock: 469
──────────────────────────────────────────────────
🛒 [9:41:36 AM] TXN-1787884896669-165-651662
   Outlet 165 | Staff: Ahmad Faiz Bin Hassan | 5 items | S$69.62
   🚨 OUT OF STOCK: LMT_SATE, BEV_KOPI_O, BEV_LATTE, BEV_MILO, BEV_KOPI_O
🛒 [9:41:43 AM] TXN-1787884903765-169-252539
   Outlet 169 | Staff: Muhd Danish Bin Razak | 5 items | S$43.66
   🚨 OUT OF STOCK: BEV_ORANGE_JUICE, BEV_KOPI_O, BEV_KOPI_O, BEV_ICED_TEA, BEV_ICED_TEA
🛒 [9:41:50 AM] TXN-1787884910721-168-399396
   Outlet 168 | Staff: Sanjay S/O Ramesh | 3 items | S$62.54
   🚨 OUT OF STOCK: LMT_ROTI_CANAI, BEV_ORANGE_JUICE, LMT_SATE
🛒 [9:41:57 AM] TXN-1787884917400-201-503683
   Outlet 201 | Staff: None | 3 items | S$41.30
   🚨 OUT OF STOCK: MNL_RICE_BOWL, BEV_MILO, BEV_LATTE
🛒 [9:42:04 AM] TXN-1787884924098-169-473905
   Outlet 169 | Staff: Muhd Danish Bin Razak | 4 items | S$86.14
   ⚠️ LOW STOCK: LMT_PRAWN_CRACKERS
   🚨 OUT OF STOCK: MNL_CHICKEN_RICE, LMT_NASI_GORENG, MNL_LAKSA
🛒 [9:42:10 AM] TXN-1787884930880-202-526977
   Outlet 202 | Staff: None | 4 items | S$76.11
   🚨 OUT OF STOCK: LMT_SATE, MNL_BEEG_HOON, BEV_KOPI_O, BEV_ICED_TEA
🛒 [9:42:17 AM] TXN-1787884937707-171-368152
   Outlet 171 | Staff: Tan Wei Ming | 3 items | S$79.06
   🚨 OUT OF STOCK: MNL_KWAY_TEOW, LMT_NASI_GORENG, LMT_SATE
💰 [9:42:24 AM] TXN-1787884944209-170-531216
   Outlet 170 | Staff: Rajesh Kumar | 2 items | S$17.70
   ⚠️ LOW STOCK: LMT_PRAWN_CRACKERS
   🚨 OUT OF STOCK: BEV_ICED_TEA
💰 [9:42:30 AM] TXN-1787884950425-202-142290
   Outlet 202 | Staff: None | 1 items | S$16.52
   🚨 OUT OF STOCK: MNL_CHICKEN_RICE
💰 [9:42:36 AM] TXN-1787884956524-201-291379
   Outlet 201 | Staff: None | 2 items | S$38.35
   🚨 OUT OF STOCK: MNL_LAKSA, BEV_LATTE

📊 STATS:
   Total Sales: 480
   Total Revenue: S$19260.55
   Avg Ticket: S$40.13
   Low Stock Alerts: 24
   Out of Stock: 479
──────────────────────────────────────────────────
🛒 [9:42:42 AM] TXN-1787884962849-171-453596
   Outlet 171 | Staff: Ng Jun Hao | 5 items | S$67.85
   🚨 OUT OF STOCK: MNL_LAKSA, BEV_ORANGE_JUICE, BEV_KOPI_O, BEV_LATTE, BEV_KOPI_O
💰 [9:42:49 AM] TXN-1787884969906-170-649382
   Outlet 170 | Staff: Tan Wei Ming | 2 items | S$27.14
   🚨 OUT OF STOCK: MNL_LAKSA, BEV_ORANGE_JUICE
🛒 [9:42:56 AM] TXN-1787884976211-168-836979
   Outlet 168 | Staff: Chua Kai Xin | 5 items | S$50.74
   🚨 OUT OF STOCK: LMT_NASI_GORENG, BEV_MILO, BEV_ICED_TEA, BEV_KOPI_O, BEV_ICED_TEA
🛒 [9:43:03 AM] TXN-1787884983270-165-769221
   Outlet 165 | Staff: Muhd Danish Bin Razak | 5 items | S$60.18
   🚨 OUT OF STOCK: LMT_ROTI_CANAI, MNL_BEEG_HOON, BEV_KOPI_O, BEV_MILO, BEV_MILO
🛒 [9:43:10 AM] TXN-1787884990541-165-433892
   Outlet 165 | Staff: Tan Wei Ming | 5 items | S$96.76
   🚨 OUT OF STOCK: MNL_RICE_BOWL, BEV_MILO, LMT_MIE_GORENG, LMT_SATE, BEV_MILO
💰 [9:43:18 AM] TXN-1787884998028-201-512480
   Outlet 201 | Staff: None | 1 items | S$17.70
   🚨 OUT OF STOCK: LMT_SATE
💰 [9:43:24 AM] TXN-1787885004846-171-628381
   Outlet 171 | Staff: Muhd Danish Bin Razak | 2 items | S$26.55
   🚨 OUT OF STOCK: MNL_CHICKEN_RICE, BEV_LATTE
🛒 [9:43:31 AM] TXN-1787885011270-169-849582
   Outlet 169 | Staff: Ng Jun Hao | 3 items | S$33.63
   🚨 OUT OF STOCK: BEV_MILO, BEV_ORANGE_JUICE, BEV_KOPI_O
🛒 [9:43:37 AM] TXN-1787885017755-202-516129
   Outlet 202 | Staff: None | 4 items | S$63.13
   🚨 OUT OF STOCK: BEV_LATTE, BEV_MILO, LMT_ROTI_CANAI, BEV_ORANGE_JUICE
🛒 [9:43:45 AM] TXN-1787885025783-164-196604
   Outlet 164 | Staff: Rajesh Kumar | 4 items | S$47.20
   🚨 OUT OF STOCK: LMT_NASI_GORENG, BEV_LATTE, BEV_ICED_TEA, BEV_LATTE

📊 STATS:
   Total Sales: 490
   Total Revenue: S$19751.43
   Avg Ticket: S$40.31
   Low Stock Alerts: 24
   Out of Stock: 489
──────────────────────────────────────────────────
🛒 [9:43:53 AM] TXN-1787885033528-202-945859
   Outlet 202 | Staff: None | 5 items | S$82.01
   🚨 OUT OF STOCK: MNL_RICE_BOWL, BEV_KOPI_O, MNL_BEEG_HOON, BEV_MILO, BEV_KOPI_O
💰 [9:44:01 AM] TXN-1787885041542-200-513042
   Outlet 200 | Staff: Priya D/O Mani | 1 items | S$15.34
   🚨 OUT OF STOCK: MNL_KWAY_TEOW
🛒 [9:44:08 AM] TXN-1787885048352-167-867702
   Outlet 167 | Staff: Rajesh Kumar | 4 items | S$76.11
   🚨 OUT OF STOCK: LMT_ROTI_CANAI, MNL_BEEG_HOON, BEV_LATTE, MNL_BEEG_HOON
🛒 [9:44:16 AM] TXN-1787885056719-169-713456
   Outlet 169 | Staff: Sanjay S/O Ramesh | 5 items | S$59.59
   🚨 OUT OF STOCK: LMT_NASI_GORENG, BEV_ICED_TEA, BEV_MILO, BEV_ORANGE_JUICE, BEV_KOPI_O
🛒 [9:44:24 AM] TXN-1787885064837-168-117518
   Outlet 168 | Staff: Li Ying Zhi | 4 items | S$68.44
   🚨 OUT OF STOCK: BEV_KOPI_O, MNL_KWAY_TEOW, BEV_LATTE, BEV_LATTE
💰 [9:44:32 AM] TXN-1787885072497-170-573980
   Outlet 170 | Staff: Rajesh Kumar | 2 items | S$16.52
   🚨 OUT OF STOCK: BEV_MILO, BEV_MILO
🛒 [9:44:39 AM] TXN-1787885079478-164-738003
   Outlet 164 | Staff: Tan Wei Ming | 4 items | S$51.92
   🚨 OUT OF STOCK: MNL_KWAY_TEOW, BEV_ORANGE_JUICE, LMT_NASI_GORENG
🛒 [9:44:46 AM] TXN-1787885086267-168-836929
   Outlet 168 | Staff: Li Ying Zhi | 5 items | S$55.46
   🚨 OUT OF STOCK: LMT_NASI_GORENG, BEV_MILO, BEV_ORANGE_JUICE, BEV_MILO, BEV_KOPI_O
🛒 [9:44:53 AM] TXN-1787885093363-165-806160
   Outlet 165 | Staff: Ng Jun Hao | 5 items | S$44.84
   🚨 OUT OF STOCK: MNL_KWAY_TEOW, BEV_ICED_TEA, BEV_MILO, BEV_MILO, BEV_ICED_TEA
💰 [9:45:00 AM] TXN-1787885100387-171-819201
   Outlet 171 | Staff: Chua Kai Xin | 2 items | S$29.50
   🚨 OUT OF STOCK: LMT_MIE_GORENG, BEV_ORANGE_JUICE

📊 STATS:
   Total Sales: 500
   Total Revenue: S$20251.16
   Avg Ticket: S$40.50
   Low Stock Alerts: 24
   Out of Stock: 499
──────────────────────────────────────────────────
🛒 [9:45:07 AM] TXN-1787885107019-169-537198
   Outlet 169 | Staff: Muhd Danish Bin Razak | 4 items | S$71.39
   🚨 OUT OF STOCK: LMT_MIE_GORENG, BEV_KOPI_O, LMT_SATE, BEV_ORANGE_JUICE
💰 [9:45:13 AM] TXN-1787885113740-200-177672
   Outlet 200 | Staff: Syaza Aina | 2 items | S$28.91
   🚨 OUT OF STOCK: BEV_ORANGE_JUICE, BEV_LATTE
💰 [9:45:19 AM] TXN-1787885119991-201-159631
   Outlet 201 | Staff: None | 2 items | S$24.78
   ⚠️ LOW STOCK: LMT_PRAWN_CRACKERS
   🚨 OUT OF STOCK: BEV_LATTE
💰 [9:45:26 AM] TXN-1787885126507-169-600365
   Outlet 169 | Staff: Sanjay S/O Ramesh | 2 items | S$31.86
   🚨 OUT OF STOCK: MNL_BEEG_HOON, BEV_ICED_TEA
🛒 [9:45:32 AM] TXN-1787885132748-169-244304
   Outlet 169 | Staff: Tan Wei Ming | 3 items | S$43.66
   🚨 OUT OF STOCK: LMT_NASI_GORENG, BEV_LATTE, LMT_ROTI_CANAI
🛒 [9:45:39 AM] TXN-1787885139296-169-636559
   Outlet 169 | Staff: Lee Jia En | 5 items | S$72.57
   🚨 OUT OF STOCK: BEV_MILO, BEV_LATTE, BEV_MILO, BEV_ORANGE_JUICE, BEV_LATTE
🛒 [9:45:46 AM] TXN-1787885146304-169-972792
   Outlet 169 | Staff: Muhd Danish Bin Razak | 4 items | S$86.14
   🚨 OUT OF STOCK: LMT_NASI_GORENG, LMT_ROTI_CANAI, BEV_KOPI_O, MNL_BEEG_HOON
💰 [9:45:53 AM] TXN-1787885153281-170-905954
   Outlet 170 | Staff: Ng Jun Hao | 1 items | S$11.80
   🚨 OUT OF STOCK: LMT_MIE_GORENG
🛒 [9:45:59 AM] TXN-1787885159226-201-412875
   Outlet 201 | Staff: None | 5 items | S$76.70
   🚨 OUT OF STOCK: MNL_LAKSA, BEV_KOPI_O, BEV_LATTE, BEV_ICED_TEA, BEV_MILO
💰 [9:46:06 AM] TXN-1787885166184-201-741608
   Outlet 201 | Staff: None | 2 items | S$20.65
   🚨 OUT OF STOCK: MNL_RICE_BOWL, BEV_KOPI_O

📊 STATS:
   Total Sales: 510
   Total Revenue: S$20719.62
   Avg Ticket: S$40.63
   Low Stock Alerts: 25
   Out of Stock: 509
──────────────────────────────────────────────────
🛒 [9:46:12 AM] TXN-1787885172397-164-598628
   Outlet 164 | Staff: Rajesh Kumar | 5 items | S$52.51
   🚨 OUT OF STOCK: MNL_LAKSA, BEV_ICED_TEA, BEV_MILO, BEV_MILO
💰 [9:46:19 AM] TXN-1787885179404-164-115849
   Outlet 164 | Staff: Priya D/O Mani | 1 items | S$18.88
   🚨 OUT OF STOCK: MNL_BEEG_HOON
💰 [9:46:25 AM] TXN-1787885185346-169-787565
   Outlet 169 | Staff: Tan Wei Ming | 1 items | S$17.70
   🚨 OUT OF STOCK: LMT_SATE
💰 [9:46:31 AM] TXN-1787885191265-168-306956
   Outlet 168 | Staff: Tan Wei Ming | 2 items | S$48.38
   🚨 OUT OF STOCK: LMT_SATE, MNL_KWAY_TEOW
🛒 [9:46:37 AM] TXN-1787885197455-165-162314
   Outlet 165 | Staff: Ahmad Faiz Bin Hassan | 5 items | S$72.57
   🚨 OUT OF STOCK: LMT_ROTI_CANAI, MNL_LAKSA, BEV_MILO, BEV_KOPI_O, BEV_ICED_TEA
💰 [9:46:44 AM] TXN-1787885204540-167-102444
   Outlet 167 | Staff: Chong Wei Sheng | 1 items | S$14.16
   🚨 OUT OF STOCK: LMT_NASI_GORENG
🛒 [9:46:50 AM] TXN-1787885210491-164-494279
   Outlet 164 | Staff: Ahmad Faiz Bin Hassan | 4 items | S$38.35
   🚨 OUT OF STOCK: LMT_NASI_GORENG, BEV_ORANGE_JUICE, BEV_ICED_TEA, BEV_ORANGE_JUICE
💰 [9:46:57 AM] TXN-1787885217232-170-144848
   Outlet 170 | Staff: Tan Wei Ming | 1 items | S$12.98
   🚨 OUT OF STOCK: MNL_RICE_BOWL
🛒 [9:47:03 AM] TXN-1787885223175-169-120172
   Outlet 169 | Staff: Tan Wei Ming | 3 items | S$41.89
   🚨 OUT OF STOCK: MNL_CHICKEN_RICE, BEV_KOPI_O, BEV_ORANGE_JUICE
🛒 [9:47:09 AM] TXN-1787885229640-167-134347
   Outlet 167 | Staff: Chong Wei Sheng | 5 items | S$49.56
   🚨 OUT OF STOCK: MNL_CHICKEN_RICE, BEV_ORANGE_JUICE, BEV_ORANGE_JUICE, BEV_ORANGE_JUICE, BEV_ICED_TEA

📊 STATS:
   Total Sales: 520
   Total Revenue: S$21086.60
   Avg Ticket: S$40.55
   Low Stock Alerts: 25
   Out of Stock: 519
──────────────────────────────────────────────────
🛒 [9:47:16 AM] TXN-1787885236737-202-732543
   Outlet 202 | Staff: None | 5 items | S$44.25
   🚨 OUT OF STOCK: BEV_KOPI_O, BEV_ICED_TEA, BEV_ICED_TEA, BEV_KOPI_O, BEV_MILO
🛒 [9:47:23 AM] TXN-1787885243726-168-553767
   Outlet 168 | Staff: Nurul Huda Bte Ali | 5 items | S$64.90
   🚨 OUT OF STOCK: MNL_BEEG_HOON, BEV_ORANGE_JUICE, BEV_ICED_TEA, BEV_ORANGE_JUICE, BEV_ICED_TEA
💰 [9:47:30 AM] TXN-1787885250713-201-102687
   Outlet 201 | Staff: None | 2 items | S$14.16
   🚨 OUT OF STOCK: BEV_KOPI_O, BEV_ICED_TEA
💰 [9:47:36 AM] TXN-1787885256916-201-265355
   Outlet 201 | Staff: None | 1 items | S$7.67
   🚨 OUT OF STOCK: BEV_KOPI_O
🛒 [9:47:42 AM] TXN-1787885262857-200-832998
   Outlet 200 | Staff: Priya D/O Mani | 4 items | S$48.38
   🚨 OUT OF STOCK: MNL_LAKSA, BEV_MILO, BEV_KOPI_O, BEV_ICED_TEA
💰 [9:47:49 AM] TXN-1787885269555-202-857448
   Outlet 202 | Staff: None | 2 items | S$19.47
   🚨 OUT OF STOCK: LMT_ROTI_CANAI, BEV_LATTE
🛒 [9:47:55 AM] TXN-1787885275950-170-601279
   Outlet 170 | Staff: Muhd Danish Bin Razak | 5 items | S$72.57
   🚨 OUT OF STOCK: MNL_KWAY_TEOW, BEV_LATTE, BEV_KOPI_O, BEV_MILO, BEV_KOPI_O
💰 [9:48:02 AM] TXN-1787885282916-165-810573
   Outlet 165 | Staff: Lee Jia En | 1 items | S$4.72
   🚨 OUT OF STOCK: LMT_PRAWN_CRACKERS
💰 [9:48:08 AM] TXN-1787885288933-169-743991
   Outlet 169 | Staff: Muhd Danish Bin Razak | 2 items | S$26.55
   🚨 OUT OF STOCK: BEV_MILO, MNL_LAKSA
💰 [9:48:15 AM] TXN-1787885295167-202-907985
   Outlet 202 | Staff: None | 1 items | S$16.52
   🚨 OUT OF STOCK: MNL_CHICKEN_RICE

📊 STATS:
   Total Sales: 530
   Total Revenue: S$21405.79
   Avg Ticket: S$40.39
   Low Stock Alerts: 25
   Out of Stock: 529
──────────────────────────────────────────────────
💰 [9:48:21 AM] TXN-1787885301122-168-520323
   Outlet 168 | Staff: Chua Kai Xin | 2 items | S$31.86
   🚨 OUT OF STOCK: LMT_NASI_GORENG, BEV_ORANGE_JUICE
💰 [9:48:27 AM] TXN-1787885307380-202-141940
   Outlet 202 | Staff: None | 2 items | S$25.37
   🚨 OUT OF STOCK: MNL_CHICKEN_RICE, BEV_ORANGE_JUICE
🛒 [9:48:33 AM] TXN-1787885313526-169-144414
   Outlet 169 | Staff: Ng Jun Hao | 4 items | S$57.82
   ⚠️ LOW STOCK: LMT_PRAWN_CRACKERS
   🚨 OUT OF STOCK: LMT_SATE, BEV_ICED_TEA, BEV_ORANGE_JUICE
🛒 [9:48:40 AM] TXN-1787885320293-170-962235
   Outlet 170 | Staff: Tan Wei Ming | 3 items | S$40.71
   🚨 OUT OF STOCK: MNL_BEEG_HOON, MNL_RICE_BOWL, BEV_ORANGE_JUICE
💰 [9:48:46 AM] TXN-1787885326797-171-979097
   Outlet 171 | Staff: Tan Wei Ming | 1 items | S$8.85
   🚨 OUT OF STOCK: BEV_ORANGE_JUICE
💰 [9:48:52 AM] TXN-1787885332968-167-364715
   Outlet 167 | Staff: Sanjay S/O Ramesh | 1 items | S$17.70
   🚨 OUT OF STOCK: LMT_SATE
🛒 [9:48:58 AM] TXN-1787885338961-170-621923
   Outlet 170 | Staff: Rajesh Kumar | 5 items | S$56.64
   🚨 OUT OF STOCK: BEV_MILO, LMT_ROTI_CANAI, BEV_ICED_TEA, BEV_MILO, BEV_MILO
💰 [9:49:06 AM] TXN-1787885346018-164-802168
   Outlet 164 | Staff: Batch Staff 1 | 1 items | S$16.52
   🚨 OUT OF STOCK: MNL_CHICKEN_RICE
💰 [9:49:11 AM] TXN-1787885351974-200-655481
   Outlet 200 | Staff: Syaza Aina | 2 items | S$27.14
   🚨 OUT OF STOCK: LMT_SATE, LMT_PRAWN_CRACKERS
🛒 [9:49:18 AM] TXN-1787885358248-171-277074
   Outlet 171 | Staff: Chua Kai Xin | 5 items | S$94.99
   🚨 OUT OF STOCK: LMT_SATE, LMT_SATE, BEV_LATTE, BEV_KOPI_O, BEV_ICED_TEA

📊 STATS:
   Total Sales: 540
   Total Revenue: S$21783.39
   Avg Ticket: S$40.34
   Low Stock Alerts: 26
   Out of Stock: 539
──────────────────────────────────────────────────
🛒 [9:49:25 AM] TXN-1787885365447-167-396147
   Outlet 167 | Staff: Tan Wei Ming | 3 items | S$39.53
   🚨 OUT OF STOCK: MNL_RICE_BOWL, BEV_LATTE, BEV_MILO
🛒 [9:49:32 AM] TXN-1787885372015-200-673567
   Outlet 200 | Staff: Priya D/O Mani | 4 items | S$78.47
   🚨 OUT OF STOCK: BEV_ORANGE_JUICE, BEV_MILO, BEV_LATTE, MNL_CHICKEN_RICE
💰 [9:49:38 AM] TXN-1787885378811-169-298380
   Outlet 169 | Staff: Muhd Danish Bin Razak | 2 items | S$21.83
   🚨 OUT OF STOCK: LMT_NASI_GORENG, BEV_KOPI_O
💰 [9:49:45 AM] TXN-1787885385013-165-209995
   Outlet 165 | Staff: Ng Jun Hao | 2 items | S$13.57
   🚨 OUT OF STOCK: LMT_PRAWN_CRACKERS, BEV_ORANGE_JUICE
💰 [9:49:51 AM] TXN-1787885391231-201-172733
   Outlet 201 | Staff: None | 2 items | S$24.19
   🚨 OUT OF STOCK: BEV_KOPI_O, BEV_MILO
💰 [9:49:57 AM] TXN-1787885397476-169-722902
   Outlet 169 | Staff: Koh Jia Yi | 1 items | S$18.88
   🚨 OUT OF STOCK: MNL_BEEG_HOON
💰 [9:50:03 AM] TXN-1787885403408-201-267984
   Outlet 201 | Staff: None | 1 items | S$12.98
   🚨 OUT OF STOCK: MNL_RICE_BOWL
🛒 [9:50:09 AM] TXN-1787885409427-171-691472
   Outlet 171 | Staff: Lee Jia En | 3 items | S$29.50
   🚨 OUT OF STOCK: BEV_KOPI_O, MNL_KWAY_TEOW, BEV_ICED_TEA
🛒 [9:50:16 AM] TXN-1787885416044-170-984590
   Outlet 170 | Staff: Tan Wei Ming | 5 items | S$65.49
   🚨 OUT OF STOCK: BEV_MILO, BEV_ICED_TEA, BEV_KOPI_O, MNL_BEEG_HOON, BEV_ORANGE_JUICE
💰 [9:50:23 AM] TXN-1787885423087-165-533690
   Outlet 165 | Staff: Tan Wei Ming | 2 items | S$30.68
   🚨 OUT OF STOCK: LMT_NASI_GORENG, BEV_MILO

📊 STATS:
   Total Sales: 550
   Total Revenue: S$22118.51
   Avg Ticket: S$40.22
   Low Stock Alerts: 26
   Out of Stock: 549
──────────────────────────────────────────────────
🛒 [9:50:29 AM] TXN-1787885429315-201-719879
   Outlet 201 | Staff: None | 5 items | S$74.34
   🚨 OUT OF STOCK: LMT_ROTI_CANAI, BEV_ORANGE_JUICE, LMT_ROTI_CANAI, BEV_ORANGE_JUICE, MNL_BEEG_HOON
🛒 [9:50:36 AM] TXN-1787885436396-168-483728
   Outlet 168 | Staff: Li Ying Zhi | 4 items | S$47.20
   🚨 OUT OF STOCK: BEV_LATTE, BEV_KOPI_O, BEV_MILO, BEV_ICED_TEA
💰 [9:50:43 AM] TXN-1787885443131-169-656512
   Outlet 169 | Staff: Muhd Danish Bin Razak | 2 items | S$14.16
   🚨 OUT OF STOCK: BEV_KOPI_O, BEV_ICED_TEA
🛒 [9:50:49 AM] TXN-1787885449377-170-548651
   Outlet 170 | Staff: Ng Jun Hao | 4 items | S$43.66
   🚨 OUT OF STOCK: BEV_LATTE, BEV_MILO, BEV_LATTE, BEV_KOPI_O
🛒 [9:50:56 AM] TXN-1787885456132-170-210307
   Outlet 170 | Staff: Muhd Danish Bin Razak | 4 items | S$55.46
   ⚠️ LOW STOCK: LMT_PRAWN_CRACKERS
   🚨 OUT OF STOCK: MNL_BEEG_HOON, BEV_KOPI_O, BEV_MILO
🛒 [9:51:03 AM] TXN-1787885463204-170-436450
   Outlet 170 | Staff: Muhd Danish Bin Razak | 3 items | S$41.89
   🚨 OUT OF STOCK: LMT_MIE_GORENG, BEV_LATTE, BEV_LATTE
🛒 [9:51:09 AM] TXN-1787885469758-200-870875
   Outlet 200 | Staff: Priya D/O Mani | 4 items | S$92.04
   🚨 OUT OF STOCK: MNL_BEEG_HOON, MNL_BEEG_HOON, MNL_KWAY_TEOW, BEV_LATTE
💰 [9:51:16 AM] TXN-1787885476539-202-831019
   Outlet 202 | Staff: None | 1 items | S$11.80
   🚨 OUT OF STOCK: LMT_MIE_GORENG
💰 [9:51:22 AM] TXN-1787885482517-168-758429
   Outlet 168 | Staff: Priya D/O Mani | 2 items | S$23.01
   🚨 OUT OF STOCK: BEV_KOPI_O, BEV_KOPI_O
🛒 [9:51:28 AM] TXN-1787885488813-165-480149
   Outlet 165 | Staff: Lee Jia En | 5 items | S$63.72
   🚨 OUT OF STOCK: MNL_RICE_BOWL, LMT_PRAWN_CRACKERS, BEV_ICED_TEA, MNL_CHICKEN_RICE, LMT_MIE_GORENG

📊 STATS:
   Total Sales: 560
   Total Revenue: S$22585.79
   Avg Ticket: S$40.33
   Low Stock Alerts: 27
   Out of Stock: 559
──────────────────────────────────────────────────
🛒 [9:51:36 AM] TXN-1787885496012-167-658070
   Outlet 167 | Staff: Sanjay S/O Ramesh | 4 items | S$44.25
   🚨 OUT OF STOCK: LMT_PRAWN_CRACKERS, BEV_KOPI_O, BEV_MILO, BEV_KOPI_O
🛒 [9:51:42 AM] TXN-1787885502845-164-731481
   Outlet 164 | Staff: Nurul Huda Bte Ali | 4 items | S$68.44
   🚨 OUT OF STOCK: MNL_KWAY_TEOW, BEV_KOPI_O, BEV_LATTE, BEV_ORANGE_JUICE
🛒 [9:51:49 AM] TXN-1787885509786-200-105714
   Outlet 200 | Staff: Syaza Aina | 5 items | S$56.64
   🚨 OUT OF STOCK: BEV_ORANGE_JUICE, BEV_ORANGE_JUICE, MNL_KWAY_TEOW, BEV_MILO, BEV_KOPI_O
💰 [9:51:57 AM] TXN-1787885517043-168-323149
   Outlet 168 | Staff: Nurul Huda Bte Ali | 1 items | S$14.16
   🚨 OUT OF STOCK: LMT_NASI_GORENG
💰 [9:52:03 AM] TXN-1787885523009-164-256275
   Outlet 164 | Staff: Ng Jun Hao | 1 items | S$11.80
   🚨 OUT OF STOCK: LMT_MIE_GORENG
🛒 [9:52:09 AM] TXN-1787885529071-170-523977
   Outlet 170 | Staff: Muhd Danish Bin Razak | 3 items | S$49.56
   🚨 OUT OF STOCK: BEV_KOPI_O, BEV_ICED_TEA, LMT_SATE
💰 [9:52:15 AM] TXN-1787885535703-200-825191
   Outlet 200 | Staff: Kumar Sanjay | 2 items | S$16.52
   🚨 OUT OF STOCK: BEV_KOPI_O, BEV_ORANGE_JUICE
🛒 [9:52:21 AM] TXN-1787885541971-167-918953
   Outlet 167 | Staff: Sanjay S/O Ramesh | 3 items | S$40.71
   🚨 OUT OF STOCK: BEV_ORANGE_JUICE, LMT_ROTI_CANAI, BEV_ICED_TEA
🛒 [9:52:28 AM] TXN-1787885548453-200-174343
   Outlet 200 | Staff: Syaza Aina | 4 items | S$48.38
   🚨 OUT OF STOCK: LMT_MIE_GORENG, BEV_ICED_TEA, BEV_ICED_TEA, LMT_MIE_GORENG
🛒 [9:52:35 AM] TXN-1787885555172-170-357596
   Outlet 170 | Staff: Tan Wei Ming | 3 items | S$27.73
   🚨 OUT OF STOCK: BEV_ORANGE_JUICE, BEV_ORANGE_JUICE, BEV_LATTE

📊 STATS:
   Total Sales: 570
   Total Revenue: S$22963.98
   Avg Ticket: S$40.29
   Low Stock Alerts: 27
   Out of Stock: 569
──────────────────────────────────────────────────
💰 [9:52:41 AM] TXN-1787885561678-168-338159
   Outlet 168 | Staff: Ng Jun Hao | 1 items | S$17.70
   🚨 OUT OF STOCK: LMT_SATE
🛒 [9:52:47 AM] TXN-1787885567721-200-623945
   Outlet 200 | Staff: Priya D/O Mani | 4 items | S$51.33
   🚨 OUT OF STOCK: BEV_KOPI_O, LMT_NASI_GORENG, BEV_ICED_TEA, BEV_MILO
🛒 [9:52:54 AM] TXN-1787885574501-201-383723
   Outlet 201 | Staff: None | 4 items | S$46.61
   🚨 OUT OF STOCK: LMT_NASI_GORENG, BEV_MILO, BEV_MILO, BEV_KOPI_O
💰 [9:53:01 AM] TXN-1787885581272-170-239056
   Outlet 170 | Staff: Tan Wei Ming | 1 items | S$15.34
   🚨 OUT OF STOCK: MNL_KWAY_TEOW
🛒 [9:53:07 AM] TXN-1787885587259-201-933819
   Outlet 201 | Staff: None | 4 items | S$71.39
   🚨 OUT OF STOCK: MNL_RICE_BOWL, MNL_LAKSA, BEV_KOPI_O, BEV_ICED_TEA
🛒 [9:53:13 AM] TXN-1787885593978-168-924221
   Outlet 168 | Staff: Lee Jia En | 4 items | S$52.51
   🚨 OUT OF STOCK: MNL_BEEG_HOON, BEV_ORANGE_JUICE, BEV_MILO, BEV_MILO
💰 [9:53:20 AM] TXN-1787885600746-165-506158
   Outlet 165 | Staff: Tan Wei Ming | 2 items | S$25.37
   🚨 OUT OF STOCK: BEV_ORANGE_JUICE, BEV_MILO
💰 [9:53:26 AM] TXN-1787885606945-170-612504
   Outlet 170 | Staff: Ng Jun Hao | 2 items | S$38.35
   🚨 OUT OF STOCK: MNL_LAKSA, BEV_LATTE
🛒 [9:53:33 AM] TXN-1787885613158-170-315077
   Outlet 170 | Staff: Ng Jun Hao | 3 items | S$47.79
   🚨 OUT OF STOCK: LMT_SATE, BEV_LATTE, BEV_LATTE
🛒 [9:53:39 AM] TXN-1787885619725-202-744525
   Outlet 202 | Staff: None | 4 items | S$40.71
   🚨 OUT OF STOCK: BEV_MILO, LMT_PRAWN_CRACKERS, BEV_LATTE, BEV_ORANGE_JUICE

📊 STATS:
   Total Sales: 580
   Total Revenue: S$23371.08
   Avg Ticket: S$40.29
   Low Stock Alerts: 27
   Out of Stock: 579
──────────────────────────────────────────────────
🛒 [9:53:46 AM] TXN-1787885626483-165-526402
   Outlet 165 | Staff: Lee Jia En | 5 items | S$56.64
   🚨 OUT OF STOCK: LMT_NASI_GORENG, BEV_ICED_TEA, BEV_MILO, MNL_RICE_BOWL, BEV_ICED_TEA
💰 [9:53:53 AM] TXN-1787885633481-164-425330
   Outlet 164 | Staff: Priya D/O Mani | 2 items | S$12.98
   🚨 OUT OF STOCK: BEV_ICED_TEA, BEV_ICED_TEA
🛒 [9:53:59 AM] TXN-1787885639674-164-332396
   Outlet 164 | Staff: Ong Wei Jian | 5 items | S$66.08
   🚨 OUT OF STOCK: BEV_MILO, LMT_MIE_GORENG, MNL_CHICKEN_RICE, BEV_MILO
💰 [9:54:06 AM] TXN-1787885646762-165-982346
   Outlet 165 | Staff: Ahmad Faiz Bin Hassan | 1 items | S$8.26
   🚨 OUT OF STOCK: BEV_MILO
🛒 [9:54:12 AM] TXN-1787885652752-170-714691
   Outlet 170 | Staff: Muhd Danish Bin Razak | 3 items | S$40.12
   🚨 OUT OF STOCK: LMT_NASI_GORENG, LMT_SATE, BEV_MILO
💰 [9:54:19 AM] TXN-1787885659275-164-695206
   Outlet 164 | Staff: Nurul Huda Bte Ali | 2 items | S$17.11
   🚨 OUT OF STOCK: BEV_MILO, BEV_ORANGE_JUICE
🛒 [9:54:25 AM] TXN-1787885665629-171-668203
   Outlet 171 | Staff: Ng Jun Hao | 3 items | S$27.73
   🚨 OUT OF STOCK: BEV_MILO, BEV_ICED_TEA, BEV_ICED_TEA
💰 [9:54:32 AM] TXN-1787885672277-168-936828
   Outlet 168 | Staff: Ng Jun Hao | 2 items | S$14.16
   🚨 OUT OF STOCK: BEV_KOPI_O, BEV_ICED_TEA
💰 [9:54:38 AM] TXN-1787885678926-167-715630
   Outlet 167 | Staff: Muhd Danish Bin Razak | 2 items | S$17.70
   🚨 OUT OF STOCK: LMT_PRAWN_CRACKERS, BEV_ICED_TEA
💰 [9:54:45 AM] TXN-1787885685421-170-227260
   Outlet 170 | Staff: Muhd Danish Bin Razak | 2 items | S$21.24
   ⚠️ LOW STOCK: LMT_PRAWN_CRACKERS
   🚨 OUT OF STOCK: BEV_MILO

📊 STATS:
   Total Sales: 590
   Total Revenue: S$23653.10
   Avg Ticket: S$40.09
   Low Stock Alerts: 28
   Out of Stock: 589
──────────────────────────────────────────────────
💰 [9:54:51 AM] TXN-1787885691826-169-673154
   Outlet 169 | Staff: Muhd Danish Bin Razak | 1 items | S$8.26
   🚨 OUT OF STOCK: BEV_MILO
🛒 [9:54:57 AM] TXN-1787885697950-202-173127
   Outlet 202 | Staff: None | 5 items | S$52.51
   🚨 OUT OF STOCK: BEV_LATTE, BEV_KOPI_O, BEV_ICED_TEA, BEV_MILO, BEV_LATTE
💰 [9:55:05 AM] TXN-1787885705254-170-174011
   Outlet 170 | Staff: Muhd Danish Bin Razak | 2 items | S$24.19
   🚨 OUT OF STOCK: LMT_NASI_GORENG, BEV_LATTE
🛒 [9:55:14 AM] TXN-1787885714504-165-160568
   Outlet 165 | Staff: Lee Jia En | 4 items | S$53.69
   🚨 OUT OF STOCK: LMT_MIE_GORENG, BEV_KOPI_O, BEV_LATTE, BEV_MILO
🛒 [9:55:21 AM] TXN-1787885721352-171-835748
   Outlet 171 | Staff: Tan Wei Ming | 5 items | S$68.44
   🚨 OUT OF STOCK: LMT_PRAWN_CRACKERS, BEV_ICED_TEA, BEV_ORANGE_JUICE, BEV_KOPI_O, LMT_SATE
🛒 [9:55:28 AM] TXN-1787885728543-171-963041
   Outlet 171 | Staff: Tan Mei Hua | 4 items | S$52.51
   🚨 OUT OF STOCK: LMT_MIE_GORENG, BEV_LATTE, BEV_KOPI_O, BEV_KOPI_O
🛒 [9:55:35 AM] TXN-1787885735308-168-790219
   Outlet 168 | Staff: Tan Wei Ming | 4 items | S$42.48
   🚨 OUT OF STOCK: LMT_ROTI_CANAI, BEV_KOPI_O, BEV_MILO, BEV_ORANGE_JUICE
🛒 [9:55:42 AM] TXN-1787885742271-200-847559
   Outlet 200 | Staff: Kumar Sanjay | 5 items | S$50.74
   🚨 OUT OF STOCK: MNL_RICE_BOWL, BEV_ICED_TEA, BEV_MILO, BEV_ORANGE_JUICE, LMT_NASI_GORENG
💰 [9:55:49 AM] TXN-1787885749362-165-342645
   Outlet 165 | Staff: Lee Jia En | 1 items | S$18.88
   🚨 OUT OF STOCK: MNL_BEEG_HOON
💰 [9:55:55 AM] TXN-1787885755353-165-697064
   Outlet 165 | Staff: Ng Jun Hao | 1 items | S$15.34
   🚨 OUT OF STOCK: MNL_KWAY_TEOW

📊 STATS:
   Total Sales: 600
   Total Revenue: S$24040.14
   Avg Ticket: S$40.07
   Low Stock Alerts: 28
   Out of Stock: 599
──────────────────────────────────────────────────
🛒 [9:56:01 AM] TXN-1787885761372-169-419953
   Outlet 169 | Staff: Lee Jia En | 4 items | S$63.13
   🚨 OUT OF STOCK: LMT_ROTI_CANAI, BEV_MILO, BEV_ICED_TEA, MNL_KWAY_TEOW
💰 [9:56:08 AM] TXN-1787885768232-171-402399
   Outlet 171 | Staff: Chua Kai Xin | 2 items | S$18.88
   🚨 OUT OF STOCK: BEV_ORANGE_JUICE, BEV_LATTE
💰 [9:56:14 AM] TXN-1787885774477-170-335337
   Outlet 170 | Staff: Tan Wei Ming | 2 items | S$15.93
   🚨 OUT OF STOCK: LMT_ROTI_CANAI, BEV_ICED_TEA
🛒 [9:56:20 AM] TXN-1787885780719-201-348732
   Outlet 201 | Staff: None | 4 items | S$51.92
   🚨 OUT OF STOCK: MNL_BEEG_HOON, BEV_ORANGE_JUICE, BEV_ORANGE_JUICE, BEV_ICED_TEA
🛒 [9:56:27 AM] TXN-1787885787523-202-183349
   Outlet 202 | Staff: None | 4 items | S$60.18
   🚨 OUT OF STOCK: LMT_ROTI_CANAI, BEV_MILO, BEV_MILO, BEV_ORANGE_JUICE
🛒 [9:56:34 AM] TXN-1787885794502-202-520172
   Outlet 202 | Staff: None | 5 items | S$70.21
   🚨 OUT OF STOCK: MNL_BEEG_HOON, BEV_KOPI_O, MNL_BEEG_HOON, BEV_ORANGE_JUICE, BEV_MILO
💰 [9:56:41 AM] TXN-1787885801616-167-465670
   Outlet 167 | Staff: Ahmad Faiz Bin Hassan | 2 items | S$25.37
   🚨 OUT OF STOCK: LMT_SATE, BEV_KOPI_O
🛒 [9:56:47 AM] TXN-1787885807952-170-697629
   Outlet 170 | Staff: Rajesh Kumar | 5 items | S$44.25
   🚨 OUT OF STOCK: BEV_ICED_TEA, LMT_ROTI_CANAI, BEV_ICED_TEA, BEV_KOPI_O, BEV_KOPI_O
🛒 [9:56:55 AM] TXN-1787885815013-202-273551
   Outlet 202 | Staff: None | 4 items | S$57.82
   🚨 OUT OF STOCK: LMT_PRAWN_CRACKERS, LMT_NASI_GORENG, BEV_MILO, BEV_MILO
💰 [9:57:01 AM] TXN-1787885821993-165-308934
   Outlet 165 | Staff: Lee Jia En | 2 items | S$12.98
   🚨 OUT OF STOCK: LMT_PRAWN_CRACKERS, BEV_MILO

📊 STATS:
   Total Sales: 610
   Total Revenue: S$24460.81
   Avg Ticket: S$40.10
   Low Stock Alerts: 28
   Out of Stock: 609
──────────────────────────────────────────────────
💰 [9:57:08 AM] TXN-1787885828361-170-629273
   Outlet 170 | Staff: Ng Jun Hao | 1 items | S$15.34
   🚨 OUT OF STOCK: MNL_KWAY_TEOW
💰 [9:57:14 AM] TXN-1787885834424-165-600203
   Outlet 165 | Staff: Ng Jun Hao | 2 items | S$17.70
   🚨 OUT OF STOCK: BEV_ORANGE_JUICE, BEV_ORANGE_JUICE
🛒 [9:57:20 AM] TXN-1787885840673-167-513412
   Outlet 167 | Staff: Rajesh Kumar | 4 items | S$47.20
   🚨 OUT OF STOCK: LMT_PRAWN_CRACKERS, BEV_MILO, BEV_MILO, BEV_ORANGE_JUICE
💰 [9:57:27 AM] TXN-1787885847492-164-552547
   Outlet 164 | Staff: Chua Kai Xin | 1 items | S$14.16
   🚨 OUT OF STOCK: LMT_NASI_GORENG
🛒 [9:57:33 AM] TXN-1787885853431-169-177095
   Outlet 169 | Staff: Muhd Danish Bin Razak | 3 items | S$50.74
   🚨 OUT OF STOCK: BEV_KOPI_O, BEV_ICED_TEA, MNL_LAKSA
🛒 [9:57:39 AM] TXN-1787885859932-167-913223
   Outlet 167 | Staff: Ng Jun Hao | 4 items | S$46.02
   🚨 OUT OF STOCK: LMT_MIE_GORENG, MNL_LAKSA, BEV_MILO, BEV_KOPI_O
💰 [9:57:47 AM] TXN-1787885867003-165-597500
   Outlet 165 | Staff: Tan Wei Ming | 1 items | S$9.44
   🚨 OUT OF STOCK: LMT_ROTI_CANAI
💰 [9:57:53 AM] TXN-1787885873168-164-855284
   Outlet 164 | Staff: Ong Wei Jian | 2 items | S$24.78
   🚨 OUT OF STOCK: MNL_LAKSA, BEV_ICED_TEA
🛒 [9:57:59 AM] TXN-1787885879441-164-540539
   Outlet 164 | Staff: Tan Wei Ming | 3 items | S$60.18
   🚨 OUT OF STOCK: MNL_BEEG_HOON, BEV_KOPI_O, MNL_RICE_BOWL
🛒 [9:58:05 AM] TXN-1787885885970-202-587810
   Outlet 202 | Staff: None | 5 items | S$63.13
   🚨 OUT OF STOCK: BEV_KOPI_O, BEV_ORANGE_JUICE, BEV_ICED_TEA, BEV_LATTE, BEV_LATTE

📊 STATS:
   Total Sales: 620
   Total Revenue: S$24809.50
   Avg Ticket: S$40.02
   Low Stock Alerts: 28
   Out of Stock: 619
──────────────────────────────────────────────────
🛒 [9:58:13 AM] TXN-1787885893087-167-111634
   Outlet 167 | Staff: Ng Jun Hao | 4 items | S$32.45
   🚨 OUT OF STOCK: LMT_PRAWN_CRACKERS, BEV_MILO, BEV_LATTE, LMT_PRAWN_CRACKERS
🛒 [9:58:19 AM] TXN-1787885899845-167-903802
   Outlet 167 | Staff: Muhd Danish Bin Razak | 3 items | S$35.40
   🚨 OUT OF STOCK: MNL_KWAY_TEOW, BEV_LATTE, BEV_LATTE
💰 [9:58:26 AM] TXN-1787885906332-169-413681
   Outlet 169 | Staff: Ng Jun Hao | 1 items | S$14.16
   🚨 OUT OF STOCK: LMT_NASI_GORENG
🛒 [9:58:32 AM] TXN-1787885912371-167-484175
   Outlet 167 | Staff: Chong Wei Sheng | 4 items | S$53.69
   🚨 OUT OF STOCK: BEV_ICED_TEA, BEV_MILO, BEV_KOPI_O, BEV_KOPI_O
💰 [9:58:39 AM] TXN-1787885919327-167-603251
   Outlet 167 | Staff: Ng Jun Hao | 1 items | S$16.52
   🚨 OUT OF STOCK: MNL_CHICKEN_RICE
🛒 [9:58:45 AM] TXN-1787885925314-165-917414
   Outlet 165 | Staff: Tan Wei Ming | 5 items | S$69.62
   🚨 OUT OF STOCK: BEV_ORANGE_JUICE, LMT_SATE, BEV_MILO, BEV_ICED_TEA, BEV_LATTE
💰 [9:58:52 AM] TXN-1787885932229-201-409285
   Outlet 201 | Staff: None | 1 items | S$8.26
   🚨 OUT OF STOCK: BEV_MILO
🛒 [9:58:58 AM] TXN-1787885938203-169-338453
   Outlet 169 | Staff: Ng Jun Hao | 3 items | S$50.15
   ⚠️ LOW STOCK: LMT_PRAWN_CRACKERS
   🚨 OUT OF STOCK: BEV_ORANGE_JUICE, MNL_LAKSA
💰 [9:59:04 AM] TXN-1787885944774-167-794861
   Outlet 167 | Staff: Ahmad Faiz Bin Hassan | 1 items | S$9.44
   🚨 OUT OF STOCK: LMT_ROTI_CANAI
🛒 [9:59:10 AM] TXN-1787885950719-202-224476
   Outlet 202 | Staff: None | 5 items | S$64.90
   🚨 OUT OF STOCK: MNL_RICE_BOWL, BEV_LATTE, BEV_KOPI_O, BEV_LATTE, BEV_ICED_TEA

📊 STATS:
   Total Sales: 630
   Total Revenue: S$25164.09
   Avg Ticket: S$39.94
   Low Stock Alerts: 29
   Out of Stock: 629
──────────────────────────────────────────────────
💰 [9:59:17 AM] TXN-1787885957929-165-995017
   Outlet 165 | Staff: Tan Wei Ming | 1 items | S$4.72
   🚨 OUT OF STOCK: LMT_PRAWN_CRACKERS
💰 [9:59:24 AM] TXN-1787885964534-164-593712
   Outlet 164 | Staff: Rajesh Kumar | 2 items | S$31.86
   🚨 OUT OF STOCK: MNL_KWAY_TEOW, BEV_MILO
💰 [9:59:30 AM] TXN-1787885970773-167-925742
   Outlet 167 | Staff: Sanjay S/O Ramesh | 1 items | S$11.80
   🚨 OUT OF STOCK: LMT_MIE_GORENG
🛒 [9:59:36 AM] TXN-1787885976764-164-519290
   Outlet 164 | Staff: Priya D/O Mani | 3 items | S$44.25
   🚨 OUT OF STOCK: BEV_LATTE, MNL_BEEG_HOON, BEV_KOPI_O
🛒 [9:59:43 AM] TXN-1787885983261-169-239122
   Outlet 169 | Staff: Tan Wei Ming | 3 items | S$33.04
   ⚠️ LOW STOCK: LMT_PRAWN_CRACKERS
   🚨 OUT OF STOCK: MNL_KWAY_TEOW, BEV_ICED_TEA
💰 [9:59:49 AM] TXN-1787885989722-202-948942
   Outlet 202 | Staff: None | 2 items | S$30.68
   🚨 OUT OF STOCK: LMT_SATE, BEV_ICED_TEA
💰 [9:59:56 AM] TXN-1787885996137-167-582003
   Outlet 167 | Staff: Sanjay S/O Ramesh | 1 items | S$18.88
   🚨 OUT OF STOCK: MNL_BEEG_HOON
🛒 [10:00:02 AM] TXN-1787886002087-171-915351
   Outlet 171 | Staff: Rajesh Kumar | 3 items | S$40.12
   🚨 OUT OF STOCK: LMT_SATE, BEV_ICED_TEA, LMT_ROTI_CANAI
🛒 [10:00:08 AM] TXN-1787886008988-171-739315
   Outlet 171 | Staff: Tan Wei Ming | 5 items | S$115.64
   🚨 OUT OF STOCK: MNL_KWAY_TEOW, LMT_NASI_GORENG, MNL_BEEG_HOON, LMT_SATE, BEV_MILO
💰 [10:00:15 AM] TXN-1787886015953-168-909278
   Outlet 168 | Staff: Nurul Huda Bte Ali | 2 items | S$30.68
   ❌ Webhook failed: 503

📊 STATS:
   Total Sales: 640
   Total Revenue: S$25525.76
   Avg Ticket: S$39.88
   Low Stock Alerts: 30
   Out of Stock: 638
──────────────────────────────────────────────────
🛒 [10:00:21 AM] TXN-1787886021125-171-266170
   Outlet 171 | Staff: Rajesh Kumar | 3 items | S$30.09
   🚨 OUT OF STOCK: LMT_PRAWN_CRACKERS, BEV_ORANGE_JUICE, BEV_KOPI_O
💰 [10:00:27 AM] TXN-1787886027696-164-955385
   Outlet 164 | Staff: Nurul Huda Bte Ali | 2 items | S$21.83
   🚨 OUT OF STOCK: LMT_NASI_GORENG, BEV_KOPI_O
🛒 [10:00:33 AM] TXN-1787886033904-170-180431
   Outlet 170 | Staff: Tan Wei Ming | 3 items | S$55.46
   🚨 OUT OF STOCK: MNL_LAKSA, LMT_NASI_GORENG, BEV_ORANGE_JUICE
🛒 [10:00:40 AM] TXN-1787886040582-167-870551
   Outlet 167 | Staff: Muhd Danish Bin Razak | 3 items | S$61.36
   🚨 OUT OF STOCK: LMT_SATE, BEV_KOPI_O, LMT_NASI_GORENG
💰 [10:00:47 AM] TXN-1787886047220-168-806494
   Outlet 168 | Staff: Priya D/O Mani | 1 items | S$18.88
   🚨 OUT OF STOCK: MNL_BEEG_HOON
🛒 [10:00:53 AM] TXN-1787886053249-164-923588
   Outlet 164 | Staff: Nurul Huda Bte Ali | 5 items | S$46.61
   🚨 OUT OF STOCK: MNL_RICE_BOWL, BEV_LATTE
💰 [10:01:00 AM] TXN-1787886060263-171-321368
   Outlet 171 | Staff: Chua Kai Xin | 2 items | S$35.99
   🚨 OUT OF STOCK: MNL_LAKSA, BEV_ORANGE_JUICE
🛒 [10:01:06 AM] TXN-1787886066497-165-400104
   Outlet 165 | Staff: Tan Wei Ming | 4 items | S$47.20
   🚨 OUT OF STOCK: LMT_PRAWN_CRACKERS, BEV_MILO, MNL_KWAY_TEOW, MNL_BEEG_HOON
💰 [10:01:13 AM] TXN-1787886073357-202-497766
   Outlet 202 | Staff: None | 2 items | S$16.52
   🚨 OUT OF STOCK: BEV_ICED_TEA, BEV_LATTE
🛒 [10:01:19 AM] TXN-1787886079585-200-999952
   Outlet 200 | Staff: Priya D/O Mani | 5 items | S$72.57
   🚨 OUT OF STOCK: BEV_LATTE, BEV_KOPI_O, LMT_SATE, BEV_LATTE, LMT_ROTI_CANAI

📊 STATS:
   Total Sales: 650
   Total Revenue: S$25932.27
   Avg Ticket: S$39.90
   Low Stock Alerts: 30
   Out of Stock: 648
──────────────────────────────────────────────────
🛒 [10:01:26 AM] TXN-1787886086557-168-980631
   Outlet 168 | Staff: Sanjay S/O Ramesh | 5 items | S$60.77
   🚨 OUT OF STOCK: BEV_KOPI_O, BEV_ICED_TEA, BEV_ICED_TEA, LMT_NASI_GORENG, BEV_ICED_TEA
💰 [10:01:33 AM] TXN-1787886093452-202-642491
   Outlet 202 | Staff: None | 2 items | S$20.65
   🚨 OUT OF STOCK: MNL_RICE_BOWL, BEV_KOPI_O
🛒 [10:01:39 AM] TXN-1787886099914-171-481799
   Outlet 171 | Staff: Tan Mei Hua | 3 items | S$38.35
   🚨 OUT OF STOCK: LMT_NASI_GORENG, BEV_KOPI_O, BEV_MILO
🛒 [10:01:46 AM] TXN-1787886106349-164-154398
   Outlet 164 | Staff: Tan Wei Ming | 3 items | S$45.43
   🚨 OUT OF STOCK: MNL_BEEG_HOON, BEV_MILO, BEV_LATTE
💰 [10:01:52 AM] TXN-1787886112922-201-367061
   Outlet 201 | Staff: None | 1 items | S$10.03
   🚨 OUT OF STOCK: BEV_LATTE
🛒 [10:01:59 AM] TXN-1787886119425-201-520137
   Outlet 201 | Staff: None | 5 items | S$55.46
   ⚠️ LOW STOCK: LMT_PRAWN_CRACKERS
   🚨 OUT OF STOCK: LMT_MIE_GORENG, BEV_KOPI_O, BEV_ORANGE_JUICE, BEV_ORANGE_JUICE
🛒 [10:02:07 AM] TXN-1787886127687-170-526244
   Outlet 170 | Staff: Tan Wei Ming | 3 items | S$42.48
   🚨 OUT OF STOCK: LMT_MIE_GORENG, BEV_ORANGE_JUICE, BEV_ICED_TEA
💰 [10:02:14 AM] TXN-1787886134287-201-702390
   Outlet 201 | Staff: None | 2 items | S$38.94
   🚨 OUT OF STOCK: MNL_BEEG_HOON, BEV_LATTE
💰 [10:02:20 AM] TXN-1787886140884-164-600476
   Outlet 164 | Staff: Batch Staff 1 | 1 items | S$8.85
   🚨 OUT OF STOCK: BEV_ORANGE_JUICE
🛒 [10:02:26 AM] TXN-1787886146901-202-591110
   Outlet 202 | Staff: None | 4 items | S$61.36
   🚨 OUT OF STOCK: LMT_NASI_GORENG, BEV_ORANGE_JUICE, BEV_ICED_TEA, MNL_CHICKEN_RICE

📊 STATS:
   Total Sales: 660
   Total Revenue: S$26314.59
   Avg Ticket: S$39.87
   Low Stock Alerts: 31
   Out of Stock: 658
──────────────────────────────────────────────────
💰 [10:02:34 AM] TXN-1787886154133-200-796164
   Outlet 200 | Staff: Priya D/O Mani | 1 items | S$4.72
   🚨 OUT OF STOCK: LMT_PRAWN_CRACKERS
🛒 [10:02:40 AM] TXN-1787886160770-201-538501
   Outlet 201 | Staff: None | 5 items | S$59.59
   🚨 OUT OF STOCK: MNL_KWAY_TEOW, BEV_ICED_TEA, BEV_LATTE, BEV_ICED_TEA, BEV_MILO
🛒 [10:02:48 AM] TXN-1787886168736-168-959905
   Outlet 168 | Staff: Priya D/O Mani | 5 items | S$66.67
   🚨 OUT OF STOCK: LMT_MIE_GORENG, BEV_MILO, BEV_ICED_TEA, LMT_MIE_GORENG, BEV_MILO
🛒 [10:02:56 AM] TXN-1787886176573-169-735567
   Outlet 169 | Staff: Tan Wei Ming | 5 items | S$79.65
   🚨 OUT OF STOCK: LMT_ROTI_CANAI, BEV_KOPI_O, BEV_MILO, BEV_ORANGE_JUICE, MNL_BEEG_HOON
🛒 [10:03:03 AM] TXN-1787886183632-164-174923
   Outlet 164 | Staff: Batch Staff 1 | 4 items | S$67.26
   🚨 OUT OF STOCK: MNL_CHICKEN_RICE, LMT_ROTI_CANAI, BEV_MILO, BEV_KOPI_O
🛒 [10:03:10 AM] TXN-1787886190667-169-833808
   Outlet 169 | Staff: Tan Wei Ming | 4 items | S$76.70
   🚨 OUT OF STOCK: MNL_CHICKEN_RICE, BEV_KOPI_O, LMT_MIE_GORENG, MNL_CHICKEN_RICE
🛒 [10:03:17 AM] TXN-1787886197473-169-418891
   Outlet 169 | Staff: Lee Jia En | 5 items | S$59.59
   🚨 OUT OF STOCK: BEV_ORANGE_JUICE, BEV_ORANGE_JUICE, BEV_KOPI_O, BEV_ORANGE_JUICE, BEV_MILO
🛒 [10:03:24 AM] TXN-1787886204527-164-525414
   Outlet 164 | Staff: Rajesh Kumar | 4 items | S$60.77
   🚨 OUT OF STOCK: BEV_KOPI_O, BEV_KOPI_O, BEV_LATTE, BEV_ORANGE_JUICE
🛒 [10:03:31 AM] TXN-1787886211225-201-685650
   Outlet 201 | Staff: None | 3 items | S$37.17
   🚨 OUT OF STOCK: BEV_ICED_TEA, BEV_ICED_TEA, BEV_ORANGE_JUICE
🛒 [10:03:37 AM] TXN-1787886217687-200-254580
   Outlet 200 | Staff: Priya D/O Mani | 4 items | S$35.40
   🚨 OUT OF STOCK: LMT_PRAWN_CRACKERS, BEV_MILO, BEV_ICED_TEA, BEV_KOPI_O

📊 STATS:
   Total Sales: 670
   Total Revenue: S$26862.11
   Avg Ticket: S$40.09
   Low Stock Alerts: 31
   Out of Stock: 668
──────────────────────────────────────────────────
💰 [10:03:44 AM] TXN-1787886224371-171-377115
   Outlet 171 | Staff: Sanjay S/O Ramesh | 2 items | S$46.02
   🚨 OUT OF STOCK: LMT_SATE, LMT_NASI_GORENG
🛒 [10:03:50 AM] TXN-1787886230600-170-781245
   Outlet 170 | Staff: Muhd Danish Bin Razak | 3 items | S$30.09
   🚨 OUT OF STOCK: LMT_MIE_GORENG, BEV_LATTE, BEV_MILO
🛒 [10:03:57 AM] TXN-1787886237094-200-617344
   Outlet 200 | Staff: Syaza Aina | 3 items | S$40.71
   🚨 OUT OF STOCK: LMT_SATE, BEV_MILO, BEV_ICED_TEA
🛒 [10:04:03 AM] TXN-1787886243602-165-937672
   Outlet 165 | Staff: Ng Jun Hao | 5 items | S$80.24
   🚨 OUT OF STOCK: LMT_SATE, BEV_MILO, BEV_MILO, BEV_MILO, BEV_ICED_TEA
🛒 [10:04:10 AM] TXN-1787886250529-201-441324
   Outlet 201 | Staff: None | 5 items | S$53.10
   🚨 OUT OF STOCK: BEV_MILO, BEV_LATTE, BEV_ICED_TEA, BEV_KOPI_O, BEV_ICED_TEA
🛒 [10:04:17 AM] TXN-1787886257542-167-360785
   Outlet 167 | Staff: Nurul Huda Bte Ali | 5 items | S$74.93
   🚨 OUT OF STOCK: BEV_ORANGE_JUICE, LMT_ROTI_CANAI, BEV_LATTE, LMT_ROTI_CANAI, BEV_MILO
🛒 [10:04:24 AM] TXN-1787886264543-169-686996
   Outlet 169 | Staff: Lee Jia En | 4 items | S$50.74
   🚨 OUT OF STOCK: LMT_SATE, BEV_KOPI_O, BEV_KOPI_O, BEV_ORANGE_JUICE
💰 [10:04:31 AM] TXN-1787886271278-168-361902
   Outlet 168 | Staff: Sanjay S/O Ramesh | 2 items | S$14.75
   🚨 OUT OF STOCK: LMT_PRAWN_CRACKERS, BEV_LATTE
💰 [10:04:37 AM] TXN-1787886277503-167-885451
   Outlet 167 | Staff: Tan Wei Ming | 1 items | S$17.70
   🚨 OUT OF STOCK: LMT_SATE
💰 [10:04:43 AM] TXN-1787886283485-165-638077
   Outlet 165 | Staff: Ahmad Faiz Bin Hassan | 1 items | S$18.88
   🚨 OUT OF STOCK: MNL_BEEG_HOON

📊 STATS:
   Total Sales: 680
   Total Revenue: S$27289.27
   Avg Ticket: S$40.13
   Low Stock Alerts: 31
   Out of Stock: 678
──────────────────────────────────────────────────
🛒 [10:04:49 AM] TXN-1787886289570-169-128996
   Outlet 169 | Staff: Tan Wei Ming | 3 items | S$59.59
   🚨 OUT OF STOCK: BEV_LATTE, BEV_ICED_TEA, MNL_LAKSA
💰 [10:04:56 AM] TXN-1787886296076-170-969534
   Outlet 170 | Staff: Muhd Danish Bin Razak | 2 items | S$33.04
   🚨 OUT OF STOCK: LMT_SATE, BEV_KOPI_O
🛒 [10:05:02 AM] TXN-1787886302355-168-268674
   Outlet 168 | Staff: Sanjay S/O Ramesh | 5 items | S$58.41
   🚨 OUT OF STOCK: BEV_LATTE, BEV_ICED_TEA, BEV_ORANGE_JUICE, BEV_ORANGE_JUICE, BEV_KOPI_O
💰 [10:05:09 AM] TXN-1787886309416-200-652303
   Outlet 200 | Staff: Priya D/O Mani | 2 items | S$44.25
   🚨 OUT OF STOCK: BEV_ORANGE_JUICE, LMT_SATE
🛒 [10:05:15 AM] TXN-1787886315654-168-176212
   Outlet 168 | Staff: Tan Wei Ming | 3 items | S$27.73
   🚨 OUT OF STOCK: BEV_MILO, BEV_ICED_TEA, BEV_ICED_TEA
💰 [10:05:22 AM] TXN-1787886322376-168-898334
   Outlet 168 | Staff: Chua Kai Xin | 1 items | S$12.98
   🚨 OUT OF STOCK: MNL_RICE_BOWL
🛒 [10:05:28 AM] TXN-1787886328321-168-469602
   Outlet 168 | Staff: Lee Jia En | 4 items | S$49.56
   🚨 OUT OF STOCK: MNL_RICE_BOWL, BEV_LATTE, BEV_LATTE, BEV_ICED_TEA
💰 [10:05:35 AM] TXN-1787886335088-167-816489
   Outlet 167 | Staff: Muhd Danish Bin Razak | 1 items | S$6.49
   🚨 OUT OF STOCK: BEV_ICED_TEA
🛒 [10:05:41 AM] TXN-1787886341129-168-205815
   Outlet 168 | Staff: Tan Wei Ming | 3 items | S$38.94
   🚨 OUT OF STOCK: LMT_NASI_GORENG, BEV_MILO, BEV_MILO
💰 [10:05:47 AM] TXN-1787886347621-200-782345
   Outlet 200 | Staff: Kumar Sanjay | 1 items | S$11.80
   🚨 OUT OF STOCK: LMT_MIE_GORENG

📊 STATS:
   Total Sales: 690
   Total Revenue: S$27632.06
   Avg Ticket: S$40.05
   Low Stock Alerts: 31
   Out of Stock: 688
──────────────────────────────────────────────────
🛒 [10:05:54 AM] TXN-1787886354044-201-148928
   Outlet 201 | Staff: None | 3 items | S$48.38
   🚨 OUT OF STOCK: BEV_ORANGE_JUICE, BEV_ICED_TEA, MNL_CHICKEN_RICE
🛒 [10:06:00 AM] TXN-1787886360617-170-760062
   Outlet 170 | Staff: Lim Pei Ling | 3 items | S$38.35
   🚨 OUT OF STOCK: LMT_MIE_GORENG, BEV_LATTE, BEV_ICED_TEA
🛒 [10:06:07 AM] TXN-1787886367053-170-735926
   Outlet 170 | Staff: Ng Jun Hao | 3 items | S$24.78
   🚨 OUT OF STOCK: LMT_ROTI_CANAI, BEV_ORANGE_JUICE, BEV_ICED_TEA
💰 [10:06:13 AM] TXN-1787886373619-168-977140
   Outlet 168 | Staff: Nurul Huda Bte Ali | 1 items | S$10.03
   🚨 OUT OF STOCK: BEV_LATTE
🛒 [10:06:19 AM] TXN-1787886379667-165-680135
   Outlet 165 | Staff: Tan Wei Ming | 4 items | S$57.82
   🚨 OUT OF STOCK: LMT_ROTI_CANAI, BEV_LATTE, MNL_LAKSA, BEV_LATTE
🛒 [10:06:26 AM] TXN-1787886386476-170-109261
   Outlet 170 | Staff: Tan Wei Ming | 5 items | S$84.96
   🚨 OUT OF STOCK: MNL_KWAY_TEOW, BEV_KOPI_O, MNL_CHICKEN_RICE, BEV_ICED_TEA, BEV_MILO
🛒 [10:06:33 AM] TXN-1787886393841-167-629315
   Outlet 167 | Staff: Ng Jun Hao | 3 items | S$41.89
   🚨 OUT OF STOCK: BEV_KOPI_O, MNL_CHICKEN_RICE, BEV_ORANGE_JUICE
🛒 [10:06:40 AM] TXN-1787886400382-165-187928
   Outlet 165 | Staff: Muhd Danish Bin Razak | 3 items | S$48.38
   🚨 OUT OF STOCK: MNL_CHICKEN_RICE, BEV_ICED_TEA, LMT_ROTI_CANAI
💰 [10:06:46 AM] TXN-1787886406914-168-103289
   Outlet 168 | Staff: Sanjay S/O Ramesh | 1 items | S$10.03
   🚨 OUT OF STOCK: BEV_LATTE
🛒 [10:06:52 AM] TXN-1787886412858-170-743536
   Outlet 170 | Staff: Lim Pei Ling | 4 items | S$51.92
   🚨 OUT OF STOCK: MNL_BEEG_HOON, BEV_KOPI_O, BEV_KOPI_O, BEV_ORANGE_JUICE

📊 STATS:
   Total Sales: 700
   Total Revenue: S$28048.60
   Avg Ticket: S$40.07
   Low Stock Alerts: 31
   Out of Stock: 698
──────────────────────────────────────────────────
🛒 [10:06:59 AM] TXN-1787886419654-170-156602
   Outlet 170 | Staff: Tan Wei Ming | 5 items | S$82.01
   🚨 OUT OF STOCK: MNL_KWAY_TEOW, BEV_KOPI_O, MNL_KWAY_TEOW, MNL_KWAY_TEOW, BEV_ICED_TEA
🛒 [10:07:06 AM] TXN-1787886426881-200-598837
   Outlet 200 | Staff: Kumar Sanjay | 3 items | S$48.97
   🚨 OUT OF STOCK: MNL_LAKSA, BEV_KOPI_O, BEV_KOPI_O
🛒 [10:07:13 AM] TXN-1787886433445-167-485132
   Outlet 167 | Staff: Tan Wei Ming | 5 items | S$56.64
   🚨 OUT OF STOCK: LMT_ROTI_CANAI, BEV_KOPI_O, BEV_LATTE, BEV_MILO, BEV_ICED_TEA
💰 [10:07:21 AM] TXN-1787886441165-165-953190
   Outlet 165 | Staff: Tan Wei Ming | 1 items | S$8.26
   🚨 OUT OF STOCK: BEV_MILO
💰 [10:07:27 AM] TXN-1787886447216-164-398489
   Outlet 164 | Staff: Nurul Huda Bte Ali | 1 items | S$8.85
   🚨 OUT OF STOCK: BEV_ORANGE_JUICE
🛒 [10:07:33 AM] TXN-1787886453216-167-481199
   Outlet 167 | Staff: Ng Jun Hao | 3 items | S$59.00
   🚨 OUT OF STOCK: MNL_KWAY_TEOW, LMT_NASI_GORENG, MNL_KWAY_TEOW
🛒 [10:07:39 AM] TXN-1787886459800-164-164546
   Outlet 164 | Staff: Chua Kai Xin | 3 items | S$47.20
   🚨 OUT OF STOCK: MNL_CHICKEN_RICE, LMT_SATE, BEV_ICED_TEA
🛒 [10:07:46 AM] TXN-1787886466252-201-149584
   Outlet 201 | Staff: None | 4 items | S$52.51
   ⚠️ LOW STOCK: LMT_PRAWN_CRACKERS
   🚨 OUT OF STOCK: BEV_LATTE, BEV_ORANGE_JUICE, BEV_LATTE
💰 [10:07:52 AM] TXN-1787886472982-167-911819
   Outlet 167 | Staff: Ng Jun Hao | 2 items | S$31.86
   🚨 OUT OF STOCK: MNL_KWAY_TEOW, BEV_MILO
🛒 [10:07:59 AM] TXN-1787886479240-165-202697
   Outlet 165 | Staff: Muhd Danish Bin Razak | 4 items | S$70.80
   🚨 OUT OF STOCK: BEV_ORANGE_JUICE, BEV_KOPI_O, MNL_LAKSA, BEV_ORANGE_JUICE

📊 STATS:
   Total Sales: 710
   Total Revenue: S$28514.70
   Avg Ticket: S$40.16
   Low Stock Alerts: 32
   Out of Stock: 708
──────────────────────────────────────────────────
🛒 [10:08:06 AM] TXN-1787886486013-169-463513
   Outlet 169 | Staff: Ng Jun Hao | 4 items | S$49.56
   ⚠️ LOW STOCK: LMT_PRAWN_CRACKERS, LMT_PRAWN_CRACKERS
   🚨 OUT OF STOCK: BEV_ORANGE_JUICE, BEV_ORANGE_JUICE
🛒 [10:08:12 AM] TXN-1787886492862-201-415636
   Outlet 201 | Staff: None | 5 items | S$88.50
   🚨 OUT OF STOCK: LMT_MIE_GORENG, MNL_LAKSA, BEV_LATTE, MNL_KWAY_TEOW, BEV_ORANGE_JUICE
🛒 [10:08:19 AM] TXN-1787886499982-169-907753
   Outlet 169 | Staff: Ng Jun Hao | 5 items | S$51.92
   🚨 OUT OF STOCK: BEV_LATTE, LMT_MIE_GORENG, LMT_MIE_GORENG, BEV_MILO, BEV_LATTE
🛒 [10:08:27 AM] TXN-1787886507033-170-360987
   Outlet 170 | Staff: Lee Jia En | 4 items | S$46.61
   🚨 OUT OF STOCK: LMT_ROTI_CANAI, BEV_ICED_TEA, BEV_ICED_TEA, BEV_ORANGE_JUICE
💰 [10:08:33 AM] TXN-1787886513943-171-475424
   Outlet 171 | Staff: Tan Wei Ming | 2 items | S$28.32
   🚨 OUT OF STOCK: MNL_KWAY_TEOW, BEV_ICED_TEA
💰 [10:08:40 AM] TXN-1787886520194-170-949304
   Outlet 170 | Staff: Lee Jia En | 2 items | S$28.32
   🚨 OUT OF STOCK: MNL_CHICKEN_RICE, LMT_MIE_GORENG
🛒 [10:08:46 AM] TXN-1787886526403-171-626786
   Outlet 171 | Staff: Chua Kai Xin | 5 items | S$53.10
   🚨 OUT OF STOCK: BEV_LATTE, BEV_KOPI_O, BEV_ICED_TEA, BEV_ICED_TEA, BEV_MILO
🛒 [10:08:53 AM] TXN-1787886533657-170-643122
   Outlet 170 | Staff: Muhd Danish Bin Razak | 5 items | S$70.21
   🚨 OUT OF STOCK: MNL_RICE_BOWL, BEV_ICED_TEA, BEV_ORANGE_JUICE, BEV_LATTE, BEV_MILO
🛒 [10:09:00 AM] TXN-1787886540767-164-460520
   Outlet 164 | Staff: Ng Jun Hao | 5 items | S$55.46
   🚨 OUT OF STOCK: BEV_ORANGE_JUICE, BEV_KOPI_O, BEV_MILO, BEV_LATTE, BEV_ICED_TEA
🛒 [10:09:07 AM] TXN-1787886547795-165-717424
   Outlet 165 | Staff: Tan Wei Ming | 5 items | S$54.87
   🚨 OUT OF STOCK: MNL_KWAY_TEOW, MNL_KWAY_TEOW, BEV_KOPI_O, BEV_ORANGE_JUICE, BEV_KOPI_O

📊 STATS:
   Total Sales: 720
   Total Revenue: S$29041.57
   Avg Ticket: S$40.34
   Low Stock Alerts: 33
   Out of Stock: 718
──────────────────────────────────────────────────
🛒 [10:09:14 AM] TXN-1787886554912-171-153259
   Outlet 171 | Staff: Priya D/O Mani | 4 items | S$54.28
   🚨 OUT OF STOCK: LMT_ROTI_CANAI, BEV_KOPI_O, BEV_MILO, BEV_ICED_TEA
🛒 [10:09:21 AM] TXN-1787886561917-202-754569
   Outlet 202 | Staff: None | 5 items | S$49.56
   🚨 OUT OF STOCK: MNL_CHICKEN_RICE, BEV_KOPI_O, BEV_MILO, BEV_ORANGE_JUICE, BEV_MILO
🛒 [10:09:29 AM] TXN-1787886569051-201-197905
   Outlet 201 | Staff: None | 3 items | S$43.07
   🚨 OUT OF STOCK: BEV_ORANGE_JUICE, BEV_MILO, BEV_ORANGE_JUICE
💰 [10:09:35 AM] TXN-1787886575597-169-910751
   Outlet 169 | Staff: Tan Wei Ming | 2 items | S$27.14
   🚨 OUT OF STOCK: LMT_ROTI_CANAI, BEV_ORANGE_JUICE
🛒 [10:09:41 AM] TXN-1787886581897-170-771478
   Outlet 170 | Staff: Lim Pei Ling | 3 items | S$28.91
   ⚠️ LOW STOCK: LMT_PRAWN_CRACKERS
   🚨 OUT OF STOCK: BEV_ORANGE_JUICE, BEV_KOPI_O
🛒 [10:09:48 AM] TXN-1787886588352-167-102555
   Outlet 167 | Staff: Ahmad Faiz Bin Hassan | 3 items | S$34.22
   🚨 OUT OF STOCK: BEV_MILO, BEV_MILO, BEV_ORANGE_JUICE
🛒 [10:09:55 AM] TXN-1787886595117-169-519493
   Outlet 169 | Staff: Ng Jun Hao | 4 items | S$37.17
   🚨 OUT OF STOCK: LMT_ROTI_CANAI, BEV_MILO, BEV_ICED_TEA, BEV_ICED_TEA
🛒 [10:10:01 AM] TXN-1787886601843-167-833785
   Outlet 167 | Staff: Muhd Danish Bin Razak | 4 items | S$63.13
   🚨 OUT OF STOCK: BEV_LATTE, BEV_ORANGE_JUICE, BEV_MILO, MNL_BEEG_HOON
🛒 [10:10:08 AM] TXN-1787886608601-165-322934
   Outlet 165 | Staff: Tan Wei Ming | 5 items | S$50.15
   🚨 OUT OF STOCK: LMT_MIE_GORENG, BEV_MILO, BEV_ICED_TEA, BEV_ICED_TEA, BEV_ORANGE_JUICE
🛒 [10:10:15 AM] TXN-1787886615663-170-294112
   Outlet 170 | Staff: Tan Wei Ming | 4 items | S$49.56
   🚨 OUT OF STOCK: BEV_KOPI_O, BEV_ORANGE_JUICE, BEV_ORANGE_JUICE, BEV_KOPI_O

📊 STATS:
   Total Sales: 730
   Total Revenue: S$29478.76
   Avg Ticket: S$40.38
   Low Stock Alerts: 34
   Out of Stock: 728
──────────────────────────────────────────────────
🛒 [10:10:25 AM] TXN-1787886625873-200-546773
   Outlet 200 | Staff: Syaza Aina | 3 items | S$45.43
   🚨 OUT OF STOCK: MNL_BEEG_HOON, BEV_ORANGE_JUICE, BEV_ORANGE_JUICE
🛒 [10:10:32 AM] TXN-1787886632489-168-934965
   Outlet 168 | Staff: Sanjay S/O Ramesh | 3 items | S$23.60
   🚨 OUT OF STOCK: BEV_KOPI_O, BEV_KOPI_O, BEV_MILO
💰 [10:10:39 AM] TXN-1787886639009-201-586363
   Outlet 201 | Staff: None | 2 items | S$24.19
   🚨 OUT OF STOCK: LMT_NASI_GORENG, BEV_LATTE
💰 [10:10:45 AM] TXN-1787886645335-164-631277
   Outlet 164 | Staff: Ahmad Faiz Bin Hassan | 1 items | S$8.26
   🚨 OUT OF STOCK: BEV_MILO
🛒 [10:10:51 AM] TXN-1787886651587-168-242356
   Outlet 168 | Staff: Lee Jia En | 4 items | S$48.38
   🚨 OUT OF STOCK: LMT_NASI_GORENG, BEV_KOPI_O, BEV_ICED_TEA, BEV_LATTE
💰 [10:10:58 AM] TXN-1787886658638-169-891359
   Outlet 169 | Staff: Koh Jia Yi | 1 items | S$8.26
   🚨 OUT OF STOCK: BEV_MILO
🛒 [10:11:04 AM] TXN-1787886664599-170-692863
   Outlet 170 | Staff: Tan Wei Ming | 5 items | S$68.44
   🚨 OUT OF STOCK: MNL_CHICKEN_RICE, BEV_MILO, BEV_MILO, BEV_LATTE, BEV_ORANGE_JUICE
🛒 [10:11:11 AM] TXN-1787886671820-200-917228
   Outlet 200 | Staff: Syaza Aina | 3 items | S$42.48
   🚨 OUT OF STOCK: MNL_CHICKEN_RICE, MNL_LAKSA, BEV_KOPI_O
🛒 [10:11:18 AM] TXN-1787886678340-164-803419
   Outlet 164 | Staff: Batch Staff 1 | 5 items | S$52.51
   🚨 OUT OF STOCK: BEV_LATTE, BEV_MILO, BEV_ICED_TEA, BEV_KOPI_O, LMT_MIE_GORENG
💰 [10:11:25 AM] TXN-1787886685438-169-714625
   Outlet 169 | Staff: Ng Jun Hao | 2 items | S$24.78
   🚨 OUT OF STOCK: LMT_ROTI_CANAI, BEV_KOPI_O

📊 STATS:
   Total Sales: 740
   Total Revenue: S$29825.09
   Avg Ticket: S$40.30
   Low Stock Alerts: 34
   Out of Stock: 738
──────────────────────────────────────────────────
💰 [10:11:31 AM] TXN-1787886691789-164-214719
   Outlet 164 | Staff: Ng Jun Hao | 2 items | S$38.94
   🚨 OUT OF STOCK: MNL_BEEG_HOON, BEV_LATTE
🛒 [10:11:38 AM] TXN-1787886698077-168-688779
   Outlet 168 | Staff: Sanjay S/O Ramesh | 5 items | S$119.77
   🚨 OUT OF STOCK: MNL_LAKSA, BEV_KOPI_O, LMT_SATE, LMT_SATE, MNL_KWAY_TEOW
🛒 [10:11:47 AM] TXN-1787886707259-202-919321
   Outlet 202 | Staff: None | 5 items | S$61.36
   🚨 OUT OF STOCK: LMT_ROTI_CANAI, BEV_MILO, BEV_LATTE, BEV_ORANGE_JUICE, BEV_MILO
🛒 [10:11:55 AM] TXN-1787886715440-201-561863
   Outlet 201 | Staff: None | 5 items | S$56.64
   🚨 OUT OF STOCK: LMT_MIE_GORENG, BEV_ICED_TEA, BEV_KOPI_O, BEV_ICED_TEA, BEV_ORANGE_JUICE
🛒 [10:12:03 AM] TXN-1787886723894-171-120014
   Outlet 171 | Staff: Lee Jia En | 4 items | S$48.38
   🚨 OUT OF STOCK: BEV_ICED_TEA, BEV_LATTE, BEV_ORANGE_JUICE, BEV_ICED_TEA
💰 [10:12:11 AM] TXN-1787886731055-167-817038
   Outlet 167 | Staff: Chong Wei Sheng | 2 items | S$27.73
   🚨 OUT OF STOCK: MNL_BEEG_HOON, BEV_ORANGE_JUICE
💰 [10:12:17 AM] TXN-1787886737856-201-704579
   Outlet 201 | Staff: None | 2 items | S$31.86
   🚨 OUT OF STOCK: BEV_MILO, LMT_MIE_GORENG
🛒 [10:12:24 AM] TXN-1787886744944-164-154334
   Outlet 164 | Staff: Tan Wei Ming | 5 items | S$64.31
   🚨 OUT OF STOCK: BEV_KOPI_O, BEV_MILO, BEV_ORANGE_JUICE, BEV_LATTE
🛒 [10:12:33 AM] TXN-1787886753505-202-935375
   Outlet 202 | Staff: None | 5 items | S$56.05
   🚨 OUT OF STOCK: LMT_PRAWN_CRACKERS, BEV_LATTE, BEV_MILO, BEV_MILO, BEV_ICED_TEA
🛒 [10:12:41 AM] TXN-1787886761467-167-186156
   Outlet 167 | Staff: Sanjay S/O Ramesh | 4 items | S$54.28
   🚨 OUT OF STOCK: MNL_RICE_BOWL, BEV_MILO, BEV_MILO, BEV_MILO

📊 STATS:
   Total Sales: 750
   Total Revenue: S$30384.41
   Avg Ticket: S$40.51
   Low Stock Alerts: 34
   Out of Stock: 748
──────────────────────────────────────────────────
🛒 [10:12:48 AM] TXN-1787886768337-200-312711
   Outlet 200 | Staff: Syaza Aina | 4 items | S$46.61
   🚨 OUT OF STOCK: LMT_ROTI_CANAI, MNL_CHICKEN_RICE, BEV_KOPI_O, BEV_ICED_TEA
🛒 [10:12:55 AM] TXN-1787886775156-164-578844
   Outlet 164 | Staff: Priya D/O Mani | 5 items | S$56.64
   🚨 OUT OF STOCK: LMT_MIE_GORENG, BEV_LATTE, LMT_ROTI_CANAI, BEV_ORANGE_JUICE, BEV_MILO
🛒 [10:13:05 AM] TXN-1787886785362-168-749386
   Outlet 168 | Staff: Sanjay S/O Ramesh | 4 items | S$38.35
   🚨 OUT OF STOCK: BEV_ICED_TEA, LMT_NASI_GORENG, BEV_ORANGE_JUICE, BEV_ORANGE_JUICE
🛒 [10:13:12 AM] TXN-1787886792685-171-467120
   Outlet 171 | Staff: Muhd Danish Bin Razak | 3 items | S$36.58
   🚨 OUT OF STOCK: LMT_MIE_GORENG, BEV_MILO, BEV_MILO
🛒 [10:13:19 AM] TXN-1787886799464-200-161562
   Outlet 200 | Staff: Kumar Sanjay | 4 items | S$35.99
   🚨 OUT OF STOCK: LMT_PRAWN_CRACKERS, LMT_NASI_GORENG, BEV_ORANGE_JUICE, BEV_MILO
🛒 [10:13:26 AM] TXN-1787886806225-169-404714
   Outlet 169 | Staff: Ng Jun Hao | 5 items | S$70.80
   🚨 OUT OF STOCK: BEV_ICED_TEA, BEV_KOPI_O, MNL_CHICKEN_RICE, BEV_LATTE, BEV_LATTE
💰 [10:13:33 AM] TXN-1787886813373-170-386935
   Outlet 170 | Staff: Tan Wei Ming | 1 items | S$18.88
   🚨 OUT OF STOCK: MNL_BEEG_HOON
💰 [10:13:39 AM] TXN-1787886819363-171-145127
   Outlet 171 | Staff: Ng Jun Hao | 1 items | S$17.70
   🚨 OUT OF STOCK: LMT_SATE
🛒 [10:13:45 AM] TXN-1787886825719-170-346195
   Outlet 170 | Staff: Muhd Danish Bin Razak | 4 items | S$36.58
   🚨 OUT OF STOCK: LMT_ROTI_CANAI, BEV_ORANGE_JUICE, BEV_LATTE, BEV_MILO
🛒 [10:13:52 AM] TXN-1787886832558-202-610099
   Outlet 202 | Staff: None | 3 items | S$34.81
   🚨 OUT OF STOCK: BEV_ORANGE_JUICE, BEV_ICED_TEA, BEV_ICED_TEA

📊 STATS:
   Total Sales: 760
   Total Revenue: S$30777.35
   Avg Ticket: S$40.50
   Low Stock Alerts: 34
   Out of Stock: 758
──────────────────────────────────────────────────
🛒 [10:13:59 AM] TXN-1787886839244-171-593798
   Outlet 171 | Staff: Nur Aisyah | 4 items | S$48.97
   🚨 OUT OF STOCK: BEV_KOPI_O, BEV_ICED_TEA, MNL_LAKSA, BEV_LATTE
🛒 [10:14:07 AM] TXN-1787886847265-169-903335
   Outlet 169 | Staff: Ng Jun Hao | 5 items | S$96.17
   🚨 OUT OF STOCK: BEV_ICED_TEA, LMT_ROTI_CANAI, BEV_ORANGE_JUICE, BEV_MILO, MNL_LAKSA
🛒 [10:14:14 AM] TXN-1787886854513-167-105715
   Outlet 167 | Staff: Nurul Huda Bte Ali | 3 items | S$49.56
   🚨 OUT OF STOCK: BEV_MILO, MNL_RICE_BOWL, MNL_KWAY_TEOW
🛒 [10:14:21 AM] TXN-1787886861457-200-865423
   Outlet 200 | Staff: Priya D/O Mani | 5 items | S$73.75
   🚨 OUT OF STOCK: BEV_ORANGE_JUICE, BEV_LATTE, BEV_ICED_TEA, BEV_LATTE, LMT_MIE_GORENG
🛒 [10:14:28 AM] TXN-1787886868414-170-929305
   Outlet 170 | Staff: Lim Pei Ling | 3 items | S$47.79
   🚨 OUT OF STOCK: LMT_NASI_GORENG, BEV_KOPI_O, MNL_RICE_BOWL
💰 [10:14:34 AM] TXN-1787886874972-167-317751
   Outlet 167 | Staff: Ng Jun Hao | 1 items | S$18.88
   🚨 OUT OF STOCK: MNL_BEEG_HOON
💰 [10:14:41 AM] TXN-1787886881074-167-408415
   Outlet 167 | Staff: Ahmad Faiz Bin Hassan | 1 items | S$9.44
   🚨 OUT OF STOCK: LMT_ROTI_CANAI
💰 [10:14:47 AM] TXN-1787886887235-202-895535
   Outlet 202 | Staff: None | 1 items | S$12.98
   🚨 OUT OF STOCK: MNL_RICE_BOWL
💰 [10:14:53 AM] TXN-1787886893265-171-907212
   Outlet 171 | Staff: Sanjay S/O Ramesh | 1 items | S$10.03
   🚨 OUT OF STOCK: BEV_LATTE
💰 [10:14:59 AM] TXN-1787886899248-164-634743
   Outlet 164 | Staff: Rajesh Kumar | 1 items | S$16.52
   🚨 OUT OF STOCK: MNL_CHICKEN_RICE

📊 STATS:
   Total Sales: 770
   Total Revenue: S$31161.44
   Avg Ticket: S$40.47
   Low Stock Alerts: 34
   Out of Stock: 768
──────────────────────────────────────────────────
💰 [10:15:05 AM] TXN-1787886905221-171-780858
   Outlet 171 | Staff: Chua Kai Xin | 1 items | S$8.26
   🚨 OUT OF STOCK: BEV_MILO
💰 [10:15:11 AM] TXN-1787886911617-200-137795
   Outlet 200 | Staff: Syaza Aina | 2 items | S$33.04
   🚨 OUT OF STOCK: MNL_CHICKEN_RICE, BEV_MILO
🛒 [10:15:18 AM] TXN-1787886918900-168-400155
   Outlet 168 | Staff: Sanjay S/O Ramesh | 5 items | S$76.70
   🚨 OUT OF STOCK: MNL_BEEG_HOON, BEV_ICED_TEA, BEV_MILO, BEV_MILO, BEV_LATTE
💰 [10:15:27 AM] TXN-1787886927092-202-476267
   Outlet 202 | Staff: None | 1 items | S$18.29
   🚨 OUT OF STOCK: MNL_LAKSA
🛒 [10:15:33 AM] TXN-1787886933554-164-175150
   Outlet 164 | Staff: Ahmad Faiz Bin Hassan | 3 items | S$35.40
   🚨 OUT OF STOCK: LMT_SATE, BEV_KOPI_O, BEV_LATTE
🛒 [10:15:40 AM] TXN-1787886940685-167-726652
   Outlet 167 | Staff: Nurul Huda Bte Ali | 5 items | S$67.26
   🚨 OUT OF STOCK: MNL_CHICKEN_RICE, MNL_BEEG_HOON, LMT_MIE_GORENG, BEV_LATTE, BEV_LATTE
🛒 [10:15:48 AM] TXN-1787886948672-168-940312
   Outlet 168 | Staff: Nurul Huda Bte Ali | 3 items | S$47.79
   🚨 OUT OF STOCK: MNL_LAKSA, MNL_CHICKEN_RICE, BEV_ICED_TEA
💰 [10:15:56 AM] TXN-1787886956010-169-402405
   Outlet 169 | Staff: Tan Wei Ming | 2 items | S$26.55
   🚨 OUT OF STOCK: BEV_LATTE, MNL_CHICKEN_RICE
🛒 [10:16:03 AM] TXN-1787886963520-164-785356
   Outlet 164 | Staff: Chua Kai Xin | 4 items | S$70.80
   🚨 OUT OF STOCK: LMT_MIE_GORENG, BEV_MILO, BEV_MILO, MNL_RICE_BOWL
💰 [10:16:11 AM] TXN-1787886971252-202-949488
   Outlet 202 | Staff: None | 1 items | S$12.98
   🚨 OUT OF STOCK: MNL_RICE_BOWL

📊 STATS:
   Total Sales: 780
   Total Revenue: S$31558.51
   Avg Ticket: S$40.46
   Low Stock Alerts: 34
   Out of Stock: 778
──────────────────────────────────────────────────
💰 [10:16:17 AM] TXN-1787886977463-169-137824
   Outlet 169 | Staff: Ng Jun Hao | 1 items | S$16.52
   🚨 OUT OF STOCK: MNL_CHICKEN_RICE
🛒 [10:16:23 AM] TXN-1787886983659-169-736564
   Outlet 169 | Staff: Tan Wei Ming | 4 items | S$44.84
   🚨 OUT OF STOCK: MNL_RICE_BOWL, BEV_ICED_TEA, BEV_KOPI_O, BEV_ORANGE_JUICE
🛒 [10:16:30 AM] TXN-1787886990863-201-490080
   Outlet 201 | Staff: None | 5 items | S$64.90
   🚨 OUT OF STOCK: MNL_RICE_BOWL, BEV_LATTE, BEV_ORANGE_JUICE, MNL_CHICKEN_RICE, BEV_KOPI_O
🛒 [10:16:38 AM] TXN-1787886998119-200-315227
   Outlet 200 | Staff: Kumar Sanjay | 4 items | S$43.66
   🚨 OUT OF STOCK: LMT_PRAWN_CRACKERS, BEV_MILO, BEV_ORANGE_JUICE, BEV_ICED_TEA
💰 [10:16:44 AM] TXN-1787887004831-164-965745
   Outlet 164 | Staff: Batch Staff 1 | 1 items | S$7.67
   🚨 OUT OF STOCK: BEV_KOPI_O
🛒 [10:16:50 AM] TXN-1787887010770-168-663265
   Outlet 168 | Staff: Sanjay S/O Ramesh | 4 items | S$62.54
   🚨 OUT OF STOCK: MNL_CHICKEN_RICE, BEV_KOPI_O, MNL_KWAY_TEOW, BEV_KOPI_O
🛒 [10:16:57 AM] TXN-1787887017481-171-540696
   Outlet 171 | Staff: Sanjay S/O Ramesh | 3 items | S$50.74
   🚨 OUT OF STOCK: MNL_KWAY_TEOW, BEV_LATTE, BEV_KOPI_O
🛒 [10:17:03 AM] TXN-1787887023947-167-613074
   Outlet 167 | Staff: Rajesh Kumar | 4 items | S$80.24
   🚨 OUT OF STOCK: LMT_MIE_GORENG, LMT_SATE, BEV_ICED_TEA, MNL_BEEG_HOON
🛒 [10:17:10 AM] TXN-1787887030655-170-623051
   Outlet 170 | Staff: Lee Jia En | 3 items | S$44.25
   🚨 OUT OF STOCK: MNL_CHICKEN_RICE, BEV_ORANGE_JUICE, BEV_LATTE
💰 [10:17:17 AM] TXN-1787887037066-170-257622
   Outlet 170 | Staff: Ng Jun Hao | 2 items | S$29.50
   🚨 OUT OF STOCK: MNL_RICE_BOWL, BEV_MILO

📊 STATS:
   Total Sales: 790
   Total Revenue: S$32003.37
   Avg Ticket: S$40.51
   Low Stock Alerts: 34
   Out of Stock: 788
──────────────────────────────────────────────────
🛒 [10:17:23 AM] TXN-1787887043330-170-633582
   Outlet 170 | Staff: Rajesh Kumar | 5 items | S$51.92
   🚨 OUT OF STOCK: BEV_ICED_TEA, BEV_ORANGE_JUICE, BEV_MILO, BEV_ICED_TEA, BEV_KOPI_O
🛒 [10:17:30 AM] TXN-1787887050458-202-985730
   Outlet 202 | Staff: None | 4 items | S$69.62
   🚨 OUT OF STOCK: MNL_RICE_BOWL, LMT_SATE, BEV_MILO, BEV_ICED_TEA
💰 [10:17:37 AM] TXN-1787887057253-168-173346
   Outlet 168 | Staff: Lee Jia En | 1 items | S$6.49
   🚨 OUT OF STOCK: BEV_ICED_TEA
🛒 [10:17:43 AM] TXN-1787887063409-200-292124
   Outlet 200 | Staff: Kumar Sanjay | 5 items | S$64.31
   🚨 OUT OF STOCK: LMT_MIE_GORENG, BEV_KOPI_O, BEV_KOPI_O, BEV_ORANGE_JUICE, BEV_ICED_TEA
🛒 [10:17:50 AM] TXN-1787887070431-200-734725
   Outlet 200 | Staff: Priya D/O Mani | 4 items | S$65.49
   🚨 OUT OF STOCK: BEV_LATTE, BEV_LATTE, LMT_SATE, BEV_ORANGE_JUICE
🛒 [10:17:57 AM] TXN-1787887077280-171-941966
   Outlet 171 | Staff: Priya D/O Mani | 3 items | S$59.59
   🚨 OUT OF STOCK: BEV_LATTE, BEV_ICED_TEA, MNL_LAKSA
🛒 [10:18:03 AM] TXN-1787887083762-202-183389
   Outlet 202 | Staff: None | 4 items | S$80.83
   🚨 OUT OF STOCK: MNL_CHICKEN_RICE, BEV_ICED_TEA, MNL_CHICKEN_RICE, MNL_LAKSA
🛒 [10:18:10 AM] TXN-1787887090568-201-212115
   Outlet 201 | Staff: None | 5 items | S$80.83
   🚨 OUT OF STOCK: LMT_ROTI_CANAI, BEV_LATTE, BEV_MILO, BEV_ORANGE_JUICE, LMT_SATE
🛒 [10:18:17 AM] TXN-1787887097684-170-351630
   Outlet 170 | Staff: Muhd Danish Bin Razak | 3 items | S$34.22
   🚨 OUT OF STOCK: BEV_KOPI_O, BEV_LATTE, BEV_MILO
🛒 [10:18:24 AM] TXN-1787887104169-167-659234
   Outlet 167 | Staff: Tan Wei Ming | 4 items | S$61.36
   🚨 OUT OF STOCK: MNL_LAKSA, MNL_CHICKEN_RICE, LMT_ROTI_CANAI, BEV_KOPI_O

📊 STATS:
   Total Sales: 800
   Total Revenue: S$32578.03
   Avg Ticket: S$40.72
   Low Stock Alerts: 34
   Out of Stock: 798
──────────────────────────────────────────────────
🛒 [10:18:30 AM] TXN-1787887110872-165-639783
   Outlet 165 | Staff: Tan Wei Ming | 4 items | S$44.84
   🚨 OUT OF STOCK: MNL_KWAY_TEOW, BEV_ICED_TEA, BEV_MILO, BEV_MILO
🛒 [10:18:37 AM] TXN-1787887117714-200-793052
   Outlet 200 | Staff: Syaza Aina | 5 items | S$105.02
   🚨 OUT OF STOCK: MNL_BEEG_HOON, BEV_LATTE, BEV_LATTE, LMT_SATE, LMT_NASI_GORENG
🛒 [10:18:44 AM] TXN-1787887124728-165-844374
   Outlet 165 | Staff: Ng Jun Hao | 4 items | S$59.00
   🚨 OUT OF STOCK: BEV_LATTE, BEV_LATTE, BEV_ICED_TEA, MNL_RICE_BOWL
💰 [10:18:51 AM] TXN-1787887131485-169-575864
   Outlet 169 | Staff: Ng Jun Hao | 1 items | S$6.49
   🚨 OUT OF STOCK: BEV_ICED_TEA
🛒 [10:18:57 AM] TXN-1787887137477-171-255871
   Outlet 171 | Staff: Sanjay S/O Ramesh | 5 items | S$51.33
   🚨 OUT OF STOCK: MNL_BEEG_HOON, BEV_KOPI_O, BEV_MILO, BEV_LATTE, BEV_ICED_TEA
🛒 [10:19:04 AM] TXN-1787887144538-171-476433
   Outlet 171 | Staff: Lee Jia En | 3 items | S$33.63
   🚨 OUT OF STOCK: BEV_ORANGE_JUICE, BEV_MILO, BEV_MILO
🛒 [10:19:11 AM] TXN-1787887151128-169-461692
   Outlet 169 | Staff: Muhd Danish Bin Razak | 3 items | S$26.55
   ⚠️ LOW STOCK: LMT_PRAWN_CRACKERS
   🚨 OUT OF STOCK: BEV_ICED_TEA, BEV_KOPI_O
🛒 [10:19:17 AM] TXN-1787887157722-167-334804
   Outlet 167 | Staff: Sanjay S/O Ramesh | 5 items | S$62.54
   🚨 OUT OF STOCK: BEV_ORANGE_JUICE, LMT_PRAWN_CRACKERS, BEV_KOPI_O, BEV_ORANGE_JUICE, BEV_LATTE
🛒 [10:19:24 AM] TXN-1787887164818-168-587757
   Outlet 168 | Staff: Sanjay S/O Ramesh | 5 items | S$59.59
   🚨 OUT OF STOCK: LMT_PRAWN_CRACKERS, BEV_ORANGE_JUICE, BEV_LATTE, BEV_KOPI_O, LMT_ROTI_CANAI
🛒 [10:19:31 AM] TXN-1787887171969-165-970079
   Outlet 165 | Staff: Tan Wei Ming | 4 items | S$50.15
   🚨 OUT OF STOCK: LMT_MIE_GORENG, BEV_KOPI_O, BEV_KOPI_O, BEV_KOPI_O

📊 STATS:
   Total Sales: 810
   Total Revenue: S$33077.17
   Avg Ticket: S$40.84
   Low Stock Alerts: 35
   Out of Stock: 808
──────────────────────────────────────────────────
🛒 [10:19:38 AM] TXN-1787887178785-200-349865
   Outlet 200 | Staff: Priya D/O Mani | 4 items | S$49.56
   🚨 OUT OF STOCK: LMT_NASI_GORENG, BEV_KOPI_O, BEV_KOPI_O, BEV_LATTE
🛒 [10:19:45 AM] TXN-1787887185784-200-702174
   Outlet 200 | Staff: Kumar Sanjay | 5 items | S$65.49
   🚨 OUT OF STOCK: MNL_RICE_BOWL, BEV_ICED_TEA, MNL_RICE_BOWL, BEV_MILO, BEV_LATTE
🛒 [10:19:52 AM] TXN-1787887192851-169-326849
   Outlet 169 | Staff: Tan Wei Ming | 3 items | S$48.38
   ⚠️ LOW STOCK: LMT_PRAWN_CRACKERS
   🚨 OUT OF STOCK: LMT_SATE, MNL_RICE_BOWL
💰 [10:19:59 AM] TXN-1787887199503-169-364909
   Outlet 169 | Staff: Sanjay S/O Ramesh | 1 items | S$9.44
   🚨 OUT OF STOCK: LMT_ROTI_CANAI
💰 [10:20:05 AM] TXN-1787887205519-170-498261
   Outlet 170 | Staff: Tan Wei Ming | 1 items | S$10.03
   🚨 OUT OF STOCK: BEV_LATTE
🛒 [10:20:11 AM] TXN-1787887211495-168-240027
   Outlet 168 | Staff: Ng Jun Hao | 5 items | S$78.47
   🚨 OUT OF STOCK: BEV_ORANGE_JUICE, BEV_LATTE, BEV_MILO, BEV_KOPI_O, BEV_ORANGE_JUICE
🛒 [10:20:18 AM] TXN-1787887218643-200-747702
   Outlet 200 | Staff: Priya D/O Mani | 3 items | S$59.00
   🚨 OUT OF STOCK: MNL_KWAY_TEOW, BEV_ORANGE_JUICE, MNL_RICE_BOWL
💰 [10:20:25 AM] TXN-1787887225208-164-679191
   Outlet 164 | Staff: Nurul Huda Bte Ali | 1 items | S$4.72
🛒 [10:20:31 AM] TXN-1787887231223-168-597833
   Outlet 168 | Staff: Priya D/O Mani | 5 items | S$56.64
   🚨 OUT OF STOCK: LMT_PRAWN_CRACKERS, BEV_ICED_TEA, BEV_ICED_TEA, BEV_ORANGE_JUICE, BEV_MILO
💰 [10:20:38 AM] TXN-1787887238347-170-732366
   Outlet 170 | Staff: Muhd Danish Bin Razak | 1 items | S$8.26
   🚨 OUT OF STOCK: BEV_MILO

📊 STATS:
   Total Sales: 820
   Total Revenue: S$33467.16
   Avg Ticket: S$40.81
   Low Stock Alerts: 36
   Out of Stock: 817
──────────────────────────────────────────────────
💰 [10:20:44 AM] TXN-1787887244393-167-635037
   Outlet 167 | Staff: Muhd Danish Bin Razak | 2 items | S$34.22
   🚨 OUT OF STOCK: LMT_SATE, BEV_MILO
🛒 [10:20:50 AM] TXN-1787887250801-170-991416
   Outlet 170 | Staff: Tan Wei Ming | 5 items | S$92.63
   🚨 OUT OF STOCK: MNL_BEEG_HOON, BEV_ORANGE_JUICE, MNL_BEEG_HOON, LMT_NASI_GORENG, BEV_ICED_TEA
🛒 [10:20:57 AM] TXN-1787887257951-201-578119
   Outlet 201 | Staff: None | 3 items | S$31.27
   🚨 OUT OF STOCK: BEV_MILO, BEV_ORANGE_JUICE, LMT_NASI_GORENG
💰 [10:21:04 AM] TXN-1787887264545-165-157084
   Outlet 165 | Staff: Lee Jia En | 1 items | S$17.70
   🚨 OUT OF STOCK: LMT_SATE
🛒 [10:21:10 AM] TXN-1787887270699-169-787903
   Outlet 169 | Staff: Tan Wei Ming | 3 items | S$46.61
   🚨 OUT OF STOCK: MNL_CHICKEN_RICE, BEV_ICED_TEA, LMT_MIE_GORENG
🛒 [10:21:17 AM] TXN-1787887277354-201-875765
   Outlet 201 | Staff: None | 5 items | S$94.40
   🚨 OUT OF STOCK: LMT_NASI_GORENG, BEV_ICED_TEA, BEV_ORANGE_JUICE, BEV_ICED_TEA, MNL_LAKSA
🛒 [10:21:24 AM] TXN-1787887284458-200-341008
   Outlet 200 | Staff: Kumar Sanjay | 5 items | S$63.72
   🚨 OUT OF STOCK: BEV_MILO, BEV_MILO, BEV_ICED_TEA, BEV_ICED_TEA, BEV_ICED_TEA
🛒 [10:21:31 AM] TXN-1787887291452-201-817989
   Outlet 201 | Staff: None | 4 items | S$41.89
   🚨 OUT OF STOCK: LMT_ROTI_CANAI, BEV_ICED_TEA, BEV_MILO, BEV_ORANGE_JUICE
🛒 [10:21:38 AM] TXN-1787887298263-171-182420
   Outlet 171 | Staff: Rajesh Kumar | 4 items | S$66.67
   🚨 OUT OF STOCK: BEV_ORANGE_JUICE, BEV_ICED_TEA, LMT_SATE, LMT_ROTI_CANAI
💰 [10:21:45 AM] TXN-1787887305097-200-359105
   Outlet 200 | Staff: Priya D/O Mani | 1 items | S$17.70
   🚨 OUT OF STOCK: LMT_SATE

📊 STATS:
   Total Sales: 830
   Total Revenue: S$33973.97
   Avg Ticket: S$40.93
   Low Stock Alerts: 36
   Out of Stock: 827
──────────────────────────────────────────────────
🛒 [10:21:51 AM] TXN-1787887311281-165-434207
   Outlet 165 | Staff: Tan Wei Ming | 4 items | S$66.08
   🚨 OUT OF STOCK: LMT_NASI_GORENG, BEV_MILO, MNL_RICE_BOWL, BEV_ORANGE_JUICE
🛒 [10:21:58 AM] TXN-1787887318196-202-337724
   Outlet 202 | Staff: None | 3 items | S$51.33
   🚨 OUT OF STOCK: MNL_LAKSA, MNL_KWAY_TEOW, BEV_ORANGE_JUICE
💰 [10:22:04 AM] TXN-1787887324750-201-579590
   Outlet 201 | Staff: None | 1 items | S$8.85
   🚨 OUT OF STOCK: BEV_ORANGE_JUICE
🛒 [10:22:10 AM] TXN-1787887330763-169-696672
   Outlet 169 | Staff: Sanjay S/O Ramesh | 4 items | S$56.05
   🚨 OUT OF STOCK: LMT_ROTI_CANAI, BEV_ICED_TEA, BEV_LATTE, BEV_LATTE
💰 [10:22:17 AM] TXN-1787887337706-165-467401
   Outlet 165 | Staff: Tan Wei Ming | 1 items | S$4.72
   🚨 OUT OF STOCK: LMT_PRAWN_CRACKERS
🛒 [10:22:23 AM] TXN-1787887343721-201-199435
   Outlet 201 | Staff: None | 3 items | S$27.14
   🚨 OUT OF STOCK: BEV_ICED_TEA, BEV_ICED_TEA, LMT_NASI_GORENG
💰 [10:22:30 AM] TXN-1787887350233-169-696758
   Outlet 169 | Staff: Lee Jia En | 1 items | S$9.44
   🚨 OUT OF STOCK: LMT_ROTI_CANAI
🛒 [10:22:36 AM] TXN-1787887356232-170-915968
   Outlet 170 | Staff: Muhd Danish Bin Razak | 4 items | S$48.97
   🚨 OUT OF STOCK: MNL_RICE_BOWL, BEV_KOPI_O, BEV_KOPI_O, BEV_ICED_TEA
🛒 [10:22:43 AM] TXN-1787887363009-171-668925
   Outlet 171 | Staff: Nur Aisyah | 4 items | S$63.13
   🚨 OUT OF STOCK: LMT_ROTI_CANAI, BEV_KOPI_O, LMT_NASI_GORENG, LMT_SATE
💰 [10:22:49 AM] TXN-1787887369801-201-995372
   Outlet 201 | Staff: None | 2 items | S$37.76
   🚨 OUT OF STOCK: LMT_SATE, BEV_LATTE

📊 STATS:
   Total Sales: 840
   Total Revenue: S$34347.44
   Avg Ticket: S$40.89
   Low Stock Alerts: 36
   Out of Stock: 837
──────────────────────────────────────────────────
🛒 [10:22:56 AM] TXN-1787887376006-200-727263
   Outlet 200 | Staff: Priya D/O Mani | 4 items | S$39.53
   🚨 OUT OF STOCK: LMT_ROTI_CANAI, BEV_MILO, BEV_ICED_TEA, BEV_KOPI_O
🛒 [10:23:03 AM] TXN-1787887383078-202-299776
   Outlet 202 | Staff: None | 4 items | S$38.94
   🚨 OUT OF STOCK: LMT_PRAWN_CRACKERS, BEV_MILO, BEV_KOPI_O, BEV_LATTE
🛒 [10:23:09 AM] TXN-1787887389854-200-606995
   Outlet 200 | Staff: Kumar Sanjay | 5 items | S$74.93
   🚨 OUT OF STOCK: BEV_LATTE, BEV_KOPI_O, BEV_LATTE, BEV_KOPI_O, LMT_NASI_GORENG
💰 [10:23:16 AM] TXN-1787887396928-170-996736
   Outlet 170 | Staff: Muhd Danish Bin Razak | 1 items | S$16.52
   🚨 OUT OF STOCK: MNL_CHICKEN_RICE
💰 [10:23:22 AM] TXN-1787887402982-165-829143
   Outlet 165 | Staff: Ahmad Faiz Bin Hassan | 2 items | S$30.68
   🚨 OUT OF STOCK: LMT_NASI_GORENG, MNL_CHICKEN_RICE
🛒 [10:23:29 AM] TXN-1787887409304-168-522509
   Outlet 168 | Staff: Chua Kai Xin | 4 items | S$52.51
   🚨 OUT OF STOCK: LMT_NASI_GORENG, BEV_ORANGE_JUICE, LMT_NASI_GORENG, BEV_KOPI_O
💰 [10:23:36 AM] TXN-1787887416178-200-112186
   Outlet 200 | Staff: Kumar Sanjay | 1 items | S$18.88
   🚨 OUT OF STOCK: MNL_BEEG_HOON
💰 [10:23:42 AM] TXN-1787887422164-201-711282
   Outlet 201 | Staff: None | 1 items | S$18.88
   🚨 OUT OF STOCK: MNL_BEEG_HOON
💰 [10:23:48 AM] TXN-1787887428164-171-909168
   Outlet 171 | Staff: Ng Jun Hao | 1 items | S$6.49
   🚨 OUT OF STOCK: BEV_ICED_TEA
💰 [10:23:54 AM] TXN-1787887434106-201-476874
   Outlet 201 | Staff: None | 2 items | S$27.14
   🚨 OUT OF STOCK: LMT_SATE, LMT_ROTI_CANAI

📊 STATS:
   Total Sales: 850
   Total Revenue: S$34671.94
   Avg Ticket: S$40.79
   Low Stock Alerts: 36
   Out of Stock: 847
──────────────────────────────────────────────────
🛒 [10:24:00 AM] TXN-1787887440338-165-199634
   Outlet 165 | Staff: Tan Wei Ming | 4 items | S$41.89
   🚨 OUT OF STOCK: MNL_BEEG_HOON, BEV_ICED_TEA, BEV_MILO, BEV_MILO
🛒 [10:24:07 AM] TXN-1787887447073-164-391510
   Outlet 164 | Staff: Rajesh Kumar | 5 items | S$66.08
   🚨 OUT OF STOCK: MNL_KWAY_TEOW, BEV_KOPI_O, BEV_LATTE, BEV_KOPI_O, BEV_KOPI_O
🛒 [10:24:14 AM] TXN-1787887454164-168-220125
   Outlet 168 | Staff: Chua Kai Xin | 5 items | S$76.11
   🚨 OUT OF STOCK: LMT_NASI_GORENG, LMT_ROTI_CANAI, BEV_LATTE, BEV_KOPI_O, BEV_KOPI_O
💰 [10:24:21 AM] TXN-1787887461267-171-396911
   Outlet 171 | Staff: Tan Mei Hua | 2 items | S$25.96
   🚨 OUT OF STOCK: LMT_SATE, BEV_MILO
💰 [10:24:27 AM] TXN-1787887467691-170-336790
   Outlet 170 | Staff: Lim Pei Ling | 2 items | S$33.04
   🚨 OUT OF STOCK: MNL_KWAY_TEOW, BEV_ORANGE_JUICE
🛒 [10:24:34 AM] TXN-1787887474106-168-406372
   Outlet 168 | Staff: Chua Kai Xin | 5 items | S$78.47
   🚨 OUT OF STOCK: BEV_LATTE, BEV_KOPI_O, BEV_LATTE, BEV_ORANGE_JUICE, MNL_KWAY_TEOW
🛒 [10:24:41 AM] TXN-1787887481152-164-550261
   Outlet 164 | Staff: Tan Jia Min | 4 items | S$69.62
   🚨 OUT OF STOCK: MNL_BEEG_HOON, BEV_ICED_TEA, BEV_LATTE, BEV_ORANGE_JUICE
🛒 [10:24:47 AM] TXN-1787887487925-169-853309
   Outlet 169 | Staff: Koh Jia Yi | 3 items | S$39.53
   🚨 OUT OF STOCK: BEV_ICED_TEA, BEV_MILO, BEV_MILO
🛒 [10:24:54 AM] TXN-1787887494435-168-635396
   Outlet 168 | Staff: Nurul Huda Bte Ali | 3 items | S$40.71
   🚨 OUT OF STOCK: MNL_CHICKEN_RICE, BEV_ORANGE_JUICE, BEV_ICED_TEA
🛒 [10:25:00 AM] TXN-1787887500985-167-499917
   Outlet 167 | Staff: Tan Wei Ming | 3 items | S$50.15
   🚨 OUT OF STOCK: MNL_RICE_BOWL, LMT_NASI_GORENG, BEV_ORANGE_JUICE

📊 STATS:
   Total Sales: 860
   Total Revenue: S$35193.50
   Avg Ticket: S$40.92
   Low Stock Alerts: 36
   Out of Stock: 857
──────────────────────────────────────────────────
💰 [10:25:07 AM] TXN-1787887507784-165-661999
   Outlet 165 | Staff: Tan Wei Ming | 2 items | S$14.16
   🚨 OUT OF STOCK: BEV_ICED_TEA, BEV_KOPI_O
💰 [10:25:14 AM] TXN-1787887514031-202-769929
   Outlet 202 | Staff: None | 2 items | S$26.55
   🚨 OUT OF STOCK: BEV_ICED_TEA, BEV_LATTE
🛒 [10:25:20 AM] TXN-1787887520279-201-628881
   Outlet 201 | Staff: None | 3 items | S$39.53
   🚨 OUT OF STOCK: BEV_LATTE, BEV_MILO, BEV_ICED_TEA
💰 [10:25:26 AM] TXN-1787887526891-201-461143
   Outlet 201 | Staff: None | 2 items | S$14.16
   🚨 OUT OF STOCK: BEV_KOPI_O, BEV_ICED_TEA
💰 [10:25:33 AM] TXN-1787887533267-170-363716
   Outlet 170 | Staff: Tan Wei Ming | 2 items | S$35.40
   🚨 OUT OF STOCK: LMT_SATE, BEV_ORANGE_JUICE
🛒 [10:25:39 AM] TXN-1787887539586-164-415720
   Outlet 164 | Staff: Priya D/O Mani | 4 items | S$40.71
   🚨 OUT OF STOCK: BEV_MILO, BEV_ORANGE_JUICE, BEV_MILO, BEV_KOPI_O
🛒 [10:25:46 AM] TXN-1787887546434-164-722920
   Outlet 164 | Staff: Tan Jia Min | 5 items | S$67.85
   🚨 OUT OF STOCK: MNL_BEEG_HOON, LMT_MIE_GORENG, BEV_KOPI_O, BEV_LATTE, LMT_ROTI_CANAI
💰 [10:25:53 AM] TXN-1787887553457-167-520052
   Outlet 167 | Staff: Ng Jun Hao | 2 items | S$23.01
   🚨 OUT OF STOCK: MNL_CHICKEN_RICE, BEV_ICED_TEA
🛒 [10:25:59 AM] TXN-1787887559782-171-284835
   Outlet 171 | Staff: Tan Wei Ming | 4 items | S$70.80
   🚨 OUT OF STOCK: MNL_RICE_BOWL, MNL_RICE_BOWL, BEV_KOPI_O, BEV_MILO
🛒 [10:26:07 AM] TXN-1787887567788-201-189601
   Outlet 201 | Staff: None | 4 items | S$71.39
   🚨 OUT OF STOCK: MNL_KWAY_TEOW, BEV_ICED_TEA, BEV_ICED_TEA, MNL_LAKSA

📊 STATS:
   Total Sales: 870
   Total Revenue: S$35597.06
   Avg Ticket: S$40.92
   Low Stock Alerts: 36
   Out of Stock: 867
──────────────────────────────────────────────────
💰 [10:26:14 AM] TXN-1787887574847-170-305186
   Outlet 170 | Staff: Lim Pei Ling | 1 items | S$18.29
   🚨 OUT OF STOCK: MNL_LAKSA
💰 [10:26:20 AM] TXN-1787887580888-168-843829
   Outlet 168 | Staff: Chua Kai Xin | 1 items | S$7.67
   🚨 OUT OF STOCK: BEV_KOPI_O
💰 [10:26:26 AM] TXN-1787887586871-200-222122
   Outlet 200 | Staff: Kumar Sanjay | 2 items | S$12.39
   🚨 OUT OF STOCK: LMT_PRAWN_CRACKERS, BEV_KOPI_O
🛒 [10:26:33 AM] TXN-1787887593222-202-444605
   Outlet 202 | Staff: None | 3 items | S$40.71
   🚨 OUT OF STOCK: MNL_RICE_BOWL, BEV_KOPI_O, BEV_LATTE
💰 [10:26:39 AM] TXN-1787887599760-171-163575
   Outlet 171 | Staff: Sanjay S/O Ramesh | 2 items | S$17.11
   🚨 OUT OF STOCK: BEV_KOPI_O, LMT_ROTI_CANAI
🛒 [10:26:46 AM] TXN-1787887606094-167-745122
   Outlet 167 | Staff: Ng Jun Hao | 3 items | S$25.96
   🚨 OUT OF STOCK: LMT_ROTI_CANAI, BEV_ICED_TEA, BEV_LATTE
🛒 [10:26:52 AM] TXN-1787887612583-170-768968
   Outlet 170 | Staff: Ng Jun Hao | 4 items | S$70.21
   🚨 OUT OF STOCK: LMT_NASI_GORENG, BEV_MILO, BEV_ORANGE_JUICE, MNL_KWAY_TEOW
💰 [10:26:59 AM] TXN-1787887619455-170-639941
   Outlet 170 | Staff: Ng Jun Hao | 2 items | S$24.78
   🚨 OUT OF STOCK: LMT_ROTI_CANAI, MNL_KWAY_TEOW
💰 [10:27:06 AM] TXN-1787887626007-171-888248
   Outlet 171 | Staff: Priya D/O Mani | 1 items | S$16.52
   🚨 OUT OF STOCK: MNL_CHICKEN_RICE
🛒 [10:27:11 AM] TXN-1787887631944-200-449184
   Outlet 200 | Staff: Syaza Aina | 4 items | S$41.30
   🚨 OUT OF STOCK: MNL_KWAY_TEOW, BEV_LATTE, BEV_KOPI_O, BEV_MILO

📊 STATS:
   Total Sales: 880
   Total Revenue: S$35872.00
   Avg Ticket: S$40.76
   Low Stock Alerts: 36
   Out of Stock: 877
──────────────────────────────────────────────────
💰 [10:27:18 AM] TXN-1787887638772-200-822587
   Outlet 200 | Staff: Priya D/O Mani | 2 items | S$33.63
   🚨 OUT OF STOCK: MNL_LAKSA, BEV_KOPI_O
💰 [10:27:25 AM] TXN-1787887645184-168-596164
   Outlet 168 | Staff: Li Ying Zhi | 1 items | S$6.49
   🚨 OUT OF STOCK: BEV_ICED_TEA
💰 [10:27:31 AM] TXN-1787887651220-164-845960
   Outlet 164 | Staff: Nurul Huda Bte Ali | 2 items | S$17.70
   🚨 OUT OF STOCK: BEV_ICED_TEA
🛒 [10:27:37 AM] TXN-1787887657544-202-972372
   Outlet 202 | Staff: None | 4 items | S$37.76
   🚨 OUT OF STOCK: BEV_ORANGE_JUICE, BEV_LATTE, BEV_LATTE, BEV_ORANGE_JUICE
💰 [10:27:44 AM] TXN-1787887664256-168-202353
   Outlet 168 | Staff: Tan Wei Ming | 1 items | S$17.70
   🚨 OUT OF STOCK: LMT_SATE
💰 [10:27:50 AM] TXN-1787887670373-170-210542
   Outlet 170 | Staff: Muhd Danish Bin Razak | 2 items | S$24.78
   🚨 OUT OF STOCK: MNL_CHICKEN_RICE, BEV_MILO
🛒 [10:27:56 AM] TXN-1787887676576-171-892068
   Outlet 171 | Staff: Nurul Huda Bte Ali | 5 items | S$83.19
   🚨 OUT OF STOCK: LMT_MIE_GORENG, BEV_ICED_TEA, MNL_BEEG_HOON, BEV_ICED_TEA, BEV_KOPI_O
🛒 [10:28:03 AM] TXN-1787887683688-202-819314
   Outlet 202 | Staff: None | 5 items | S$64.31
   🚨 OUT OF STOCK: MNL_KWAY_TEOW, LMT_PRAWN_CRACKERS, BEV_KOPI_O, BEV_ORANGE_JUICE, BEV_LATTE
🛒 [10:28:10 AM] TXN-1787887690760-170-506782
   Outlet 170 | Staff: Muhd Danish Bin Razak | 5 items | S$72.57
   🚨 OUT OF STOCK: LMT_NASI_GORENG, BEV_LATTE, BEV_MILO, BEV_ORANGE_JUICE, BEV_ICED_TEA
🛒 [10:28:17 AM] TXN-1787887697868-164-271370
   Outlet 164 | Staff: Rajesh Kumar | 4 items | S$61.95
   🚨 OUT OF STOCK: MNL_CHICKEN_RICE, BEV_LATTE, BEV_ORANGE_JUICE, MNL_CHICKEN_RICE

📊 STATS:
   Total Sales: 890
   Total Revenue: S$36292.08
   Avg Ticket: S$40.78
   Low Stock Alerts: 36
   Out of Stock: 887
──────────────────────────────────────────────────
🛒 [10:28:24 AM] TXN-1787887704688-171-722548
   Outlet 171 | Staff: Lee Jia En | 5 items | S$62.54
   🚨 OUT OF STOCK: MNL_BEEG_HOON, BEV_ICED_TEA, BEV_ORANGE_JUICE, BEV_MILO, BEV_LATTE
💰 [10:28:31 AM] TXN-1787887711848-171-226624
   Outlet 171 | Staff: Lee Jia En | 1 items | S$9.44
   🚨 OUT OF STOCK: LMT_ROTI_CANAI
🛒 [10:28:37 AM] TXN-1787887717816-201-407874
   Outlet 201 | Staff: None | 4 items | S$51.92
   🚨 OUT OF STOCK: BEV_ORANGE_JUICE, BEV_KOPI_O, BEV_LATTE, BEV_ORANGE_JUICE
💰 [10:28:44 AM] TXN-1787887724616-164-583354
   Outlet 164 | Staff: Batch Staff 1 | 1 items | S$17.70
   🚨 OUT OF STOCK: LMT_SATE
🛒 [10:28:50 AM] TXN-1787887730710-200-252453
   Outlet 200 | Staff: Kumar Sanjay | 5 items | S$67.85
   🚨 OUT OF STOCK: MNL_BEEG_HOON, BEV_MILO, BEV_MILO, BEV_ORANGE_JUICE, BEV_KOPI_O
🛒 [10:28:57 AM] TXN-1787887737712-170-177340
   Outlet 170 | Staff: Rajesh Kumar | 4 items | S$42.48
   🚨 OUT OF STOCK: LMT_MIE_GORENG, BEV_KOPI_O, LMT_NASI_GORENG, BEV_ORANGE_JUICE
💰 [10:29:04 AM] TXN-1787887744535-170-540212
   Outlet 170 | Staff: Tan Wei Ming | 2 items | S$34.22
   🚨 OUT OF STOCK: LMT_SATE, BEV_MILO
🛒 [10:29:10 AM] TXN-1787887750998-202-941451
   Outlet 202 | Staff: None | 4 items | S$52.51
   🚨 OUT OF STOCK: LMT_SATE, BEV_ORANGE_JUICE, MNL_LAKSA, BEV_KOPI_O
🛒 [10:29:17 AM] TXN-1787887757787-167-779398
   Outlet 167 | Staff: Chong Wei Sheng | 5 items | S$59.59
   🚨 OUT OF STOCK: MNL_LAKSA, LMT_NASI_GORENG, BEV_ICED_TEA, BEV_KOPI_O, BEV_ICED_TEA
💰 [10:29:25 AM] TXN-1787887765232-167-310421
   Outlet 167 | Staff: Muhd Danish Bin Razak | 1 items | S$16.52
   🚨 OUT OF STOCK: MNL_CHICKEN_RICE

📊 STATS:
   Total Sales: 900
   Total Revenue: S$36706.85
   Avg Ticket: S$40.79
   Low Stock Alerts: 36
   Out of Stock: 897
──────────────────────────────────────────────────
🛒 [10:29:31 AM] TXN-1787887771324-201-283963
   Outlet 201 | Staff: None | 4 items | S$51.92
   ⚠️ LOW STOCK: LMT_PRAWN_CRACKERS
   🚨 OUT OF STOCK: MNL_CHICKEN_RICE, BEV_ORANGE_JUICE, BEV_ICED_TEA
🛒 [10:29:38 AM] TXN-1787887778072-200-133558
   Outlet 200 | Staff: Syaza Aina | 3 items | S$24.78
   🚨 OUT OF STOCK: LMT_ROTI_CANAI, BEV_ICED_TEA, BEV_ORANGE_JUICE
💰 [10:29:44 AM] TXN-1787887784641-170-321236
   Outlet 170 | Staff: Rajesh Kumar | 2 items | S$26.55
   🚨 OUT OF STOCK: BEV_ICED_TEA, BEV_LATTE
💰 [10:29:50 AM] TXN-1787887790923-168-730741
   Outlet 168 | Staff: Nurul Huda Bte Ali | 1 items | S$14.16
   🚨 OUT OF STOCK: LMT_NASI_GORENG
🛒 [10:29:56 AM] TXN-1787887796927-170-185570
   Outlet 170 | Staff: Tan Wei Ming | 3 items | S$41.89
   🚨 OUT OF STOCK: BEV_ORANGE_JUICE, BEV_KOPI_O, BEV_ORANGE_JUICE
💰 [10:30:03 AM] TXN-1787887803382-164-618187
   Outlet 164 | Staff: Batch Staff 1 | 1 items | S$11.80
   🚨 OUT OF STOCK: LMT_MIE_GORENG
💰 [10:30:09 AM] TXN-1787887809377-171-528188
   Outlet 171 | Staff: Muhd Danish Bin Razak | 1 items | S$18.29
   🚨 OUT OF STOCK: MNL_LAKSA
🛒 [10:30:15 AM] TXN-1787887815854-171-604321
   Outlet 171 | Staff: Lee Jia En | 5 items | S$58.41
   🚨 OUT OF STOCK: BEV_ICED_TEA, BEV_ORANGE_JUICE, MNL_RICE_BOWL, MNL_CHICKEN_RICE, LMT_PRAWN_CRACKERS
💰 [10:30:23 AM] TXN-1787887823002-168-324441
   Outlet 168 | Staff: Sanjay S/O Ramesh | 1 items | S$7.67
   🚨 OUT OF STOCK: BEV_KOPI_O
💰 [10:30:29 AM] TXN-1787887829228-202-481156
   Outlet 202 | Staff: None | 2 items | S$25.96
   🚨 OUT OF STOCK: MNL_RICE_BOWL, BEV_ICED_TEA

📊 STATS:
   Total Sales: 910
   Total Revenue: S$36988.28
   Avg Ticket: S$40.65
   Low Stock Alerts: 37
   Out of Stock: 907
──────────────────────────────────────────────────
💰 [10:30:35 AM] TXN-1787887835826-164-246447
   Outlet 164 | Staff: Tan Jia Min | 1 items | S$12.98
   🚨 OUT OF STOCK: MNL_RICE_BOWL
🛒 [10:30:41 AM] TXN-1787887841897-168-560611
   Outlet 168 | Staff: Nurul Huda Bte Ali | 4 items | S$51.33
   🚨 OUT OF STOCK: BEV_MILO, BEV_LATTE, BEV_ORANGE_JUICE, BEV_KOPI_O
🛒 [10:30:48 AM] TXN-1787887848657-165-566458
   Outlet 165 | Staff: Lee Jia En | 3 items | S$43.07
   🚨 OUT OF STOCK: MNL_CHICKEN_RICE, BEV_LATTE, BEV_MILO
💰 [10:30:55 AM] TXN-1787887855271-167-134743
   Outlet 167 | Staff: Sanjay S/O Ramesh | 2 items | S$48.97
   🚨 OUT OF STOCK: MNL_LAKSA, MNL_KWAY_TEOW
💰 [10:31:01 AM] TXN-1787887861529-201-230109
   Outlet 201 | Staff: None | 1 items | S$18.29
   🚨 OUT OF STOCK: MNL_LAKSA
🛒 [10:31:07 AM] TXN-1787887867543-167-607341
   Outlet 167 | Staff: Sanjay S/O Ramesh | 5 items | S$48.38
   🚨 OUT OF STOCK: BEV_LATTE, BEV_ICED_TEA, BEV_ORANGE_JUICE, BEV_LATTE, BEV_ICED_TEA
🛒 [10:31:14 AM] TXN-1787887874628-164-483870
   Outlet 164 | Staff: Batch Staff 1 | 5 items | S$86.14
   🚨 OUT OF STOCK: MNL_CHICKEN_RICE, BEV_MILO, LMT_NASI_GORENG, MNL_CHICKEN_RICE, MNL_KWAY_TEOW
🛒 [10:31:21 AM] TXN-1787887881617-170-250497
   Outlet 170 | Staff: Lim Pei Ling | 3 items | S$39.53
   🚨 OUT OF STOCK: BEV_ORANGE_JUICE, BEV_ICED_TEA, LMT_SATE
🛒 [10:31:28 AM] TXN-1787887888192-165-622908
   Outlet 165 | Staff: Muhd Danish Bin Razak | 3 items | S$36.58
   🚨 OUT OF STOCK: BEV_ORANGE_JUICE, BEV_LATTE, BEV_KOPI_O
🛒 [10:31:34 AM] TXN-1787887894726-170-574163
   Outlet 170 | Staff: Lee Jia En | 3 items | S$35.99
   🚨 OUT OF STOCK: BEV_KOPI_O, BEV_LATTE, BEV_MILO

📊 STATS:
   Total Sales: 920
   Total Revenue: S$37409.54
   Avg Ticket: S$40.66
   Low Stock Alerts: 37
   Out of Stock: 917
──────────────────────────────────────────────────
💰 [10:31:41 AM] TXN-1787887901238-202-225439
   Outlet 202 | Staff: None | 1 items | S$8.85
   🚨 OUT OF STOCK: BEV_ORANGE_JUICE
🛒 [10:31:47 AM] TXN-1787887907271-200-279728
   Outlet 200 | Staff: Priya D/O Mani | 3 items | S$27.14
   🚨 OUT OF STOCK: LMT_MIE_GORENG, BEV_ICED_TEA, BEV_ORANGE_JUICE
🛒 [10:31:53 AM] TXN-1787887913757-169-380767
   Outlet 169 | Staff: Muhd Danish Bin Razak | 4 items | S$58.41
   🚨 OUT OF STOCK: LMT_SATE, BEV_LATTE, MNL_KWAY_TEOW, BEV_KOPI_O
🛒 [10:32:00 AM] TXN-1787887920534-168-861358
   Outlet 168 | Staff: Ng Jun Hao | 3 items | S$50.74
   🚨 OUT OF STOCK: MNL_CHICKEN_RICE, BEV_KOPI_O, MNL_BEEG_HOON
💰 [10:32:07 AM] TXN-1787887927184-171-394865
   Outlet 171 | Staff: Ng Jun Hao | 1 items | S$15.34
   🚨 OUT OF STOCK: MNL_KWAY_TEOW
🛒 [10:32:13 AM] TXN-1787887933144-168-716550
   Outlet 168 | Staff: Nurul Huda Bte Ali | 4 items | S$43.66
   🚨 OUT OF STOCK: LMT_NASI_GORENG, BEV_KOPI_O, BEV_KOPI_O, BEV_ICED_TEA
🛒 [10:32:19 AM] TXN-1787887939915-171-638602
   Outlet 171 | Staff: Chua Kai Xin | 4 items | S$39.53
   🚨 OUT OF STOCK: MNL_RICE_BOWL, BEV_LATTE, BEV_LATTE, BEV_ICED_TEA
🛒 [10:32:26 AM] TXN-1787887946744-201-334108
   Outlet 201 | Staff: None | 4 items | S$72.57
   🚨 OUT OF STOCK: LMT_NASI_GORENG, MNL_LAKSA, BEV_LATTE, BEV_LATTE
🛒 [10:32:33 AM] TXN-1787887953491-169-109408
   Outlet 169 | Staff: Tan Wei Ming | 5 items | S$90.27
   🚨 OUT OF STOCK: MNL_LAKSA, BEV_ORANGE_JUICE, MNL_BEEG_HOON, BEV_KOPI_O, BEV_LATTE
🛒 [10:32:40 AM] TXN-1787887960513-167-497534
   Outlet 167 | Staff: Lee Jia En | 3 items | S$44.25
   🚨 OUT OF STOCK: LMT_SATE, BEV_ORANGE_JUICE, BEV_ORANGE_JUICE

📊 STATS:
   Total Sales: 930
   Total Revenue: S$37860.30
   Avg Ticket: S$40.71
   Low Stock Alerts: 37
   Out of Stock: 927
──────────────────────────────────────────────────
🛒 [10:32:47 AM] TXN-1787887967221-168-551366
   Outlet 168 | Staff: Sanjay S/O Ramesh | 3 items | S$31.86
   🚨 OUT OF STOCK: LMT_SATE, BEV_ICED_TEA, BEV_KOPI_O
💰 [10:32:53 AM] TXN-1787887973797-168-748396
   Outlet 168 | Staff: Lee Jia En | 2 items | S$20.06
   🚨 OUT OF STOCK: BEV_LATTE, BEV_LATTE
💰 [10:33:00 AM] TXN-1787887980302-171-987010
   Outlet 171 | Staff: Ng Jun Hao | 1 items | S$8.26
   🚨 OUT OF STOCK: BEV_MILO
🛒 [10:33:06 AM] TXN-1787887986457-202-326222
   Outlet 202 | Staff: None | 4 items | S$53.69
   🚨 OUT OF STOCK: LMT_MIE_GORENG, MNL_KWAY_TEOW, BEV_ORANGE_JUICE, BEV_ORANGE_JUICE
🛒 [10:33:13 AM] TXN-1787887993503-165-957111
   Outlet 165 | Staff: Lee Jia En | 3 items | S$40.71
   🚨 OUT OF STOCK: MNL_RICE_BOWL, BEV_LATTE, BEV_KOPI_O
🛒 [10:33:20 AM] TXN-1787888000120-201-602297
   Outlet 201 | Staff: None | 4 items | S$41.30
   🚨 OUT OF STOCK: MNL_RICE_BOWL, BEV_KOPI_O, BEV_ICED_TEA, BEV_ICED_TEA
💰 [10:33:27 AM] TXN-1787888007222-202-283828
   Outlet 202 | Staff: None | 2 items | S$27.73
   🚨 OUT OF STOCK: LMT_SATE, BEV_LATTE
🛒 [10:33:33 AM] TXN-1787888013653-170-761713
   Outlet 170 | Staff: Tan Wei Ming | 3 items | S$40.71
   🚨 OUT OF STOCK: MNL_RICE_BOWL, BEV_KOPI_O, BEV_LATTE
💰 [10:33:40 AM] TXN-1787888020225-202-248414
   Outlet 202 | Staff: None | 2 items | S$29.50
   🚨 OUT OF STOCK: MNL_CHICKEN_RICE, BEV_ICED_TEA
🛒 [10:33:46 AM] TXN-1787888026594-164-832933
   Outlet 164 | Staff: Priya D/O Mani | 5 items | S$66.08
   🚨 OUT OF STOCK: LMT_SATE, BEV_LATTE, BEV_KOPI_O, BEV_ORANGE_JUICE, BEV_ICED_TEA

📊 STATS:
   Total Sales: 940
   Total Revenue: S$38220.20
   Avg Ticket: S$40.66
   Low Stock Alerts: 37
   Out of Stock: 937
──────────────────────────────────────────────────
🛒 [10:33:53 AM] TXN-1787888033844-200-204291
   Outlet 200 | Staff: Syaza Aina | 5 items | S$81.42
   🚨 OUT OF STOCK: LMT_SATE, BEV_MILO, BEV_KOPI_O, BEV_MILO, BEV_KOPI_O
💰 [10:34:01 AM] TXN-1787888041617-202-106551
   Outlet 202 | Staff: None | 2 items | S$39.53
   🚨 OUT OF STOCK: BEV_ORANGE_JUICE, MNL_KWAY_TEOW
💰 [10:34:07 AM] TXN-1787888047972-202-863935
   Outlet 202 | Staff: None | 1 items | S$11.80
   🚨 OUT OF STOCK: LMT_MIE_GORENG
🛒 [10:34:13 AM] TXN-1787888053921-201-411150
   Outlet 201 | Staff: None | 5 items | S$56.64
   🚨 OUT OF STOCK: LMT_NASI_GORENG, MNL_BEEG_HOON, BEV_ICED_TEA, BEV_MILO, BEV_ORANGE_JUICE
🛒 [10:34:21 AM] TXN-1787888061012-170-834912
   Outlet 170 | Staff: Lee Jia En | 3 items | S$29.50
   🚨 OUT OF STOCK: LMT_NASI_GORENG, BEV_ICED_TEA, BEV_ORANGE_JUICE
🛒 [10:34:27 AM] TXN-1787888067592-165-701822
   Outlet 165 | Staff: Lee Jia En | 3 items | S$38.35
   🚨 OUT OF STOCK: MNL_BEEG_HOON, BEV_ICED_TEA, BEV_ICED_TEA
🛒 [10:34:34 AM] TXN-1787888074152-201-451439
   Outlet 201 | Staff: None | 5 items | S$92.04
   🚨 OUT OF STOCK: MNL_RICE_BOWL, BEV_KOPI_O, BEV_LATTE, LMT_SATE, BEV_MILO
💰 [10:34:41 AM] TXN-1787888081099-169-574145
   Outlet 169 | Staff: Tan Wei Ming | 1 items | S$8.85
   🚨 OUT OF STOCK: BEV_ORANGE_JUICE
💰 [10:34:47 AM] TXN-1787888087055-170-247770
   Outlet 170 | Staff: Tan Wei Ming | 1 items | S$14.16
   🚨 OUT OF STOCK: LMT_NASI_GORENG
🛒 [10:34:53 AM] TXN-1787888093058-164-505367
   Outlet 164 | Staff: Ahmad Faiz Bin Hassan | 3 items | S$34.81
   🚨 OUT OF STOCK: BEV_MILO, BEV_ORANGE_JUICE, BEV_ORANGE_JUICE

📊 STATS:
   Total Sales: 950
   Total Revenue: S$38627.30
   Avg Ticket: S$40.66
   Low Stock Alerts: 37
   Out of Stock: 947
──────────────────────────────────────────────────
🛒 [10:34:59 AM] TXN-1787888099541-170-205390
   Outlet 170 | Staff: Tan Wei Ming | 5 items | S$73.16
   🚨 OUT OF STOCK: MNL_KWAY_TEOW, BEV_ICED_TEA, BEV_LATTE, BEV_ORANGE_JUICE, MNL_RICE_BOWL
🛒 [10:35:06 AM] TXN-1787888106731-165-372751
   Outlet 165 | Staff: Tan Wei Ming | 4 items | S$47.20
   🚨 OUT OF STOCK: BEV_ICED_TEA, BEV_KOPI_O, LMT_ROTI_CANAI, BEV_ICED_TEA
💰 [10:35:13 AM] TXN-1787888113560-168-949052
   Outlet 168 | Staff: Nurul Huda Bte Ali | 2 items | S$30.09
   🚨 OUT OF STOCK: BEV_LATTE, BEV_LATTE
🛒 [10:35:19 AM] TXN-1787888119807-170-109789
   Outlet 170 | Staff: Lee Jia En | 5 items | S$71.39
   🚨 OUT OF STOCK: LMT_NASI_GORENG, BEV_ICED_TEA, BEV_ORANGE_JUICE, BEV_ORANGE_JUICE, BEV_ORANGE_JUICE
🛒 [10:35:27 AM] TXN-1787888127197-165-430736
   Outlet 165 | Staff: Ng Jun Hao | 4 items | S$41.30
   🚨 OUT OF STOCK: BEV_ICED_TEA, BEV_KOPI_O, MNL_RICE_BOWL, BEV_ICED_TEA
🛒 [10:35:34 AM] TXN-1787888134056-164-262046
   Outlet 164 | Staff: Rajesh Kumar | 4 items | S$42.48
   🚨 OUT OF STOCK: BEV_KOPI_O, BEV_ICED_TEA, BEV_ICED_TEA, BEV_KOPI_O
💰 [10:35:40 AM] TXN-1787888140924-200-231342
   Outlet 200 | Staff: Priya D/O Mani | 1 items | S$8.85
   🚨 OUT OF STOCK: BEV_ORANGE_JUICE
💰 [10:35:46 AM] TXN-1787888146980-202-772702
   Outlet 202 | Staff: None | 1 items | S$18.29
   🚨 OUT OF STOCK: MNL_LAKSA
🛒 [10:35:53 AM] TXN-1787888153087-165-286387
   Outlet 165 | Staff: Ahmad Faiz Bin Hassan | 3 items | S$48.38
   🚨 OUT OF STOCK: MNL_LAKSA, BEV_LATTE, BEV_LATTE
💰 [10:35:59 AM] TXN-1787888159746-165-257987
   Outlet 165 | Staff: Tan Wei Ming | 1 items | S$15.34
   🚨 OUT OF STOCK: MNL_KWAY_TEOW

📊 STATS:
   Total Sales: 960
   Total Revenue: S$39023.78
   Avg Ticket: S$40.65
   Low Stock Alerts: 37
   Out of Stock: 957
──────────────────────────────────────────────────
🛒 [10:36:05 AM] TXN-1787888165753-201-751392
   Outlet 201 | Staff: None | 4 items | S$41.30
   🚨 OUT OF STOCK: BEV_MILO, BEV_MILO, BEV_MILO, BEV_MILO
🛒 [10:36:12 AM] TXN-1787888172559-164-579031
   Outlet 164 | Staff: Nurul Huda Bte Ali | 4 items | S$48.97
   🚨 OUT OF STOCK: MNL_KWAY_TEOW, BEV_KOPI_O, BEV_LATTE, BEV_MILO
💰 [10:36:19 AM] TXN-1787888179517-200-368981
   Outlet 200 | Staff: Syaza Aina | 1 items | S$4.72
   🚨 OUT OF STOCK: LMT_PRAWN_CRACKERS
🛒 [10:36:25 AM] TXN-1787888185559-165-396790
   Outlet 165 | Staff: Muhd Danish Bin Razak | 4 items | S$52.51
   🚨 OUT OF STOCK: LMT_MIE_GORENG, BEV_KOPI_O, BEV_MILO, BEV_MILO
💰 [10:36:32 AM] TXN-1787888192355-168-158947
   Outlet 168 | Staff: Chua Kai Xin | 1 items | S$9.44
   🚨 OUT OF STOCK: LMT_ROTI_CANAI
💰 [10:36:38 AM] TXN-1787888198411-202-207818
   Outlet 202 | Staff: None | 2 items | S$20.06
   🚨 OUT OF STOCK: LMT_PRAWN_CRACKERS, BEV_KOPI_O
🛒 [10:36:44 AM] TXN-1787888204839-201-622142
   Outlet 201 | Staff: None | 3 items | S$41.30
   🚨 OUT OF STOCK: LMT_ROTI_CANAI, BEV_ICED_TEA, MNL_BEEG_HOON
💰 [10:36:51 AM] TXN-1787888211348-167-282077
   Outlet 167 | Staff: Tan Wei Ming | 2 items | S$25.96
   🚨 OUT OF STOCK: LMT_ROTI_CANAI, BEV_MILO
💰 [10:36:57 AM] TXN-1787888217643-165-613057
   Outlet 165 | Staff: Lee Jia En | 1 items | S$4.72
   🚨 OUT OF STOCK: LMT_PRAWN_CRACKERS
🛒 [10:37:03 AM] TXN-1787888223708-200-610351
   Outlet 200 | Staff: Syaza Aina | 4 items | S$56.64
   🚨 OUT OF STOCK: LMT_MIE_GORENG, BEV_ICED_TEA, BEV_MILO, LMT_MIE_GORENG

📊 STATS:
   Total Sales: 970
   Total Revenue: S$39329.40
   Avg Ticket: S$40.55
   Low Stock Alerts: 37
   Out of Stock: 967
──────────────────────────────────────────────────
🛒 [10:37:10 AM] TXN-1787888230655-165-219014
   Outlet 165 | Staff: Tan Wei Ming | 3 items | S$30.68
   🚨 OUT OF STOCK: LMT_MIE_GORENG, BEV_ORANGE_JUICE, BEV_LATTE
🛒 [10:37:17 AM] TXN-1787888237386-171-832014
   Outlet 171 | Staff: Lee Jia En | 4 items | S$41.89
   🚨 OUT OF STOCK: BEV_ORANGE_JUICE, BEV_ICED_TEA, BEV_ICED_TEA, BEV_LATTE
🛒 [10:37:24 AM] TXN-1787888244280-171-191879
   Outlet 171 | Staff: Nurul Huda Bte Ali | 3 items | S$38.94
   🚨 OUT OF STOCK: LMT_SATE, BEV_MILO, MNL_RICE_BOWL
🛒 [10:37:30 AM] TXN-1787888250873-202-567177
   Outlet 202 | Staff: None | 5 items | S$71.98
   🚨 OUT OF STOCK: MNL_LAKSA, LMT_SATE, BEV_ICED_TEA, LMT_PRAWN_CRACKERS, BEV_LATTE
🛒 [10:37:38 AM] TXN-1787888258377-164-980198
   Outlet 164 | Staff: Chua Kai Xin | 5 items | S$50.15
   🚨 OUT OF STOCK: BEV_ORANGE_JUICE, BEV_MILO, BEV_KOPI_O, BEV_ICED_TEA
💰 [10:37:45 AM] TXN-1787888265480-170-404049
   Outlet 170 | Staff: Lim Pei Ling | 1 items | S$4.72
   ⚠️ LOW STOCK: LMT_PRAWN_CRACKERS
🛒 [10:37:52 AM] TXN-1787888272405-164-850518
   Outlet 164 | Staff: Nurul Huda Bte Ali | 4 items | S$64.90
   🚨 OUT OF STOCK: MNL_BEEG_HOON, BEV_KOPI_O, BEV_ICED_TEA, BEV_ORANGE_JUICE
💰 [10:38:00 AM] TXN-1787888280070-165-235032
   Outlet 165 | Staff: Tan Wei Ming | 2 items | S$21.83
   🚨 OUT OF STOCK: BEV_ICED_TEA, BEV_KOPI_O
🛒 [10:38:07 AM] TXN-1787888287064-200-402798
   Outlet 200 | Staff: Syaza Aina | 3 items | S$24.19
   🚨 OUT OF STOCK: BEV_MILO, BEV_MILO, BEV_KOPI_O
💰 [10:38:14 AM] TXN-1787888294551-170-969275
   Outlet 170 | Staff: Tan Wei Ming | 1 items | S$17.70
   🚨 OUT OF STOCK: LMT_SATE

📊 STATS:
   Total Sales: 980
   Total Revenue: S$39696.38
   Avg Ticket: S$40.51
   Low Stock Alerts: 38
   Out of Stock: 976
──────────────────────────────────────────────────
🛒 [10:38:21 AM] TXN-1787888301127-169-949040
   Outlet 169 | Staff: Muhd Danish Bin Razak | 4 items | S$50.74
   🚨 OUT OF STOCK: LMT_MIE_GORENG, BEV_LATTE, BEV_LATTE, BEV_ORANGE_JUICE
🛒 [10:38:28 AM] TXN-1787888308497-201-703118
   Outlet 201 | Staff: None | 4 items | S$67.26
   🚨 OUT OF STOCK: MNL_BEEG_HOON, BEV_ICED_TEA, BEV_KOPI_O, BEV_LATTE
💰 [10:38:36 AM] TXN-1787888316543-167-254623
   Outlet 167 | Staff: Ng Jun Hao | 1 items | S$11.80
   🚨 OUT OF STOCK: LMT_MIE_GORENG
💰 [10:38:43 AM] TXN-1787888323252-164-171794
   Outlet 164 | Staff: Tan Jia Min | 1 items | S$8.26
   🚨 OUT OF STOCK: BEV_MILO
💰 [10:38:49 AM] TXN-1787888329815-168-216432
   Outlet 168 | Staff: Chua Kai Xin | 1 items | S$9.44
   🚨 OUT OF STOCK: LMT_ROTI_CANAI
💰 [10:38:56 AM] TXN-1787888336056-165-346274
   Outlet 165 | Staff: Ng Jun Hao | 2 items | S$38.35
   🚨 OUT OF STOCK: MNL_LAKSA, BEV_LATTE
💰 [10:39:02 AM] TXN-1787888342359-171-401150
   Outlet 171 | Staff: Chua Kai Xin | 1 items | S$8.26
   🚨 OUT OF STOCK: BEV_MILO
💰 [10:39:08 AM] TXN-1787888348324-171-178589
   Outlet 171 | Staff: Ng Jun Hao | 2 items | S$27.73
   ❌ Webhook failed: 408
💰 [10:39:18 AM] TXN-1787888358421-201-397165
   Outlet 201 | Staff: None | 1 items | S$14.16
   🚨 OUT OF STOCK: LMT_NASI_GORENG
💰 [10:39:24 AM] TXN-1787888364503-169-150418
   Outlet 169 | Staff: Lee Jia En | 1 items | S$11.80
   🚨 OUT OF STOCK: LMT_MIE_GORENG

📊 STATS:
   Total Sales: 990
   Total Revenue: S$39944.18
   Avg Ticket: S$40.35
   Low Stock Alerts: 38
   Out of Stock: 985
──────────────────────────────────────────────────
🛒 [10:39:30 AM] TXN-1787888370527-200-692311
   Outlet 200 | Staff: Syaza Aina | 4 items | S$64.90
   🚨 OUT OF STOCK: LMT_SATE, BEV_ICED_TEA, BEV_ORANGE_JUICE, BEV_MILO
🛒 [10:39:37 AM] TXN-1787888377790-167-297646
   Outlet 167 | Staff: Nurul Huda Bte Ali | 5 items | S$66.08
   🚨 OUT OF STOCK: BEV_ORANGE_JUICE, BEV_KOPI_O, BEV_ORANGE_JUICE, BEV_MILO, MNL_CHICKEN_RICE
💰 [10:39:44 AM] TXN-1787888384805-170-247227
   Outlet 170 | Staff: Tan Wei Ming | 2 items | S$16.52
   🚨 OUT OF STOCK: BEV_ICED_TEA, BEV_LATTE
💰 [10:39:51 AM] TXN-1787888391095-167-608942
   Outlet 167 | Staff: Ng Jun Hao | 2 items | S$37.76
   🚨 OUT OF STOCK: LMT_SATE, BEV_LATTE
💰 [10:39:57 AM] TXN-1787888397413-168-775390
   Outlet 168 | Staff: Lee Jia En | 2 items | S$21.83
   🚨 OUT OF STOCK: BEV_ICED_TEA, BEV_KOPI_O
🛒 [10:40:03 AM] TXN-1787888403732-169-811299
   Outlet 169 | Staff: Sanjay S/O Ramesh | 4 items | S$60.18
   🚨 OUT OF STOCK: BEV_KOPI_O, MNL_RICE_BOWL, BEV_LATTE, BEV_MILO
🛒 [10:40:10 AM] TXN-1787888410604-165-360990
   Outlet 165 | Staff: Ahmad Faiz Bin Hassan | 4 items | S$36.58
   🚨 OUT OF STOCK: LMT_PRAWN_CRACKERS, BEV_KOPI_O, BEV_MILO, BEV_MILO
💰 [10:40:17 AM] TXN-1787888417442-171-710578
   Outlet 171 | Staff: Nur Aisyah | 1 items | S$4.72
   🚨 OUT OF STOCK: LMT_PRAWN_CRACKERS
🛒 [10:40:23 AM] TXN-1787888423656-168-682990
   Outlet 168 | Staff: Tan Wei Ming | 3 items | S$35.99
   🚨 OUT OF STOCK: MNL_KWAY_TEOW, BEV_KOPI_O, BEV_ICED_TEA
💰 [10:40:30 AM] TXN-1787888430344-201-458407
   Outlet 201 | Staff: None | 2 items | S$16.52
   🚨 OUT OF STOCK: BEV_LATTE, BEV_ICED_TEA

📊 STATS:
   Total Sales: 1000
   Total Revenue: S$40305.26
   Avg Ticket: S$40.31
   Low Stock Alerts: 38
   Out of Stock: 995
──────────────────────────────────────────────────
🛒 [10:40:36 AM] TXN-1787888436887-200-433058
   Outlet 200 | Staff: Syaza Aina | 5 items | S$74.93
   🚨 OUT OF STOCK: LMT_SATE, BEV_MILO, BEV_ORANGE_JUICE, BEV_LATTE, BEV_ICED_TEA
🛒 [10:40:43 AM] TXN-1787888443925-168-215437
   Outlet 168 | Staff: Ng Jun Hao | 5 items | S$71.39
   🚨 OUT OF STOCK: MNL_CHICKEN_RICE, BEV_ORANGE_JUICE, BEV_KOPI_O, BEV_KOPI_O, MNL_KWAY_TEOW
💰 [10:40:50 AM] TXN-1787888450888-200-731154
   Outlet 200 | Staff: Kumar Sanjay | 1 items | S$16.52
   🚨 OUT OF STOCK: MNL_CHICKEN_RICE
🛒 [10:40:57 AM] TXN-1787888457026-171-863708
   Outlet 171 | Staff: Chua Kai Xin | 5 items | S$71.39
   🚨 OUT OF STOCK: LMT_MIE_GORENG, BEV_ICED_TEA, MNL_RICE_BOWL, LMT_SATE, LMT_PRAWN_CRACKERS
💰 [10:41:04 AM] TXN-1787888464317-201-562833
   Outlet 201 | Staff: None | 1 items | S$9.44
   🚨 OUT OF STOCK: LMT_ROTI_CANAI
💰 [10:41:10 AM] TXN-1787888470457-164-619247
   Outlet 164 | Staff: Chua Kai Xin | 2 items | S$38.94
   🚨 OUT OF STOCK: MNL_BEEG_HOON, BEV_LATTE
🛒 [10:41:16 AM] TXN-1787888476920-201-508731
   Outlet 201 | Staff: None | 3 items | S$41.89
   🚨 OUT OF STOCK: MNL_RICE_BOWL, BEV_LATTE, LMT_ROTI_CANAI
💰 [10:41:23 AM] TXN-1787888483435-169-524423
   Outlet 169 | Staff: Koh Jia Yi | 1 items | S$9.44
   🚨 OUT OF STOCK: LMT_ROTI_CANAI
🛒 [10:41:29 AM] TXN-1787888489491-165-565182
   Outlet 165 | Staff: Muhd Danish Bin Razak | 4 items | S$47.79
   🚨 OUT OF STOCK: LMT_SATE, LMT_PRAWN_CRACKERS, BEV_KOPI_O, BEV_LATTE
💰 [10:41:36 AM] TXN-1787888496288-200-440990
   Outlet 200 | Staff: Syaza Aina | 1 items | S$6.49
   🚨 OUT OF STOCK: BEV_ICED_TEA

📊 STATS:
   Total Sales: 1010
   Total Revenue: S$40693.48
   Avg Ticket: S$40.29
   Low Stock Alerts: 38
   Out of Stock: 1005
──────────────────────────────────────────────────
🛒 [10:41:42 AM] TXN-1787888502257-165-205568
   Outlet 165 | Staff: Ng Jun Hao | 3 items | S$24.19
   🚨 OUT OF STOCK: BEV_ICED_TEA, BEV_KOPI_O, BEV_LATTE
🛒 [10:41:48 AM] TXN-1787888508735-171-186494
   Outlet 171 | Staff: Muhd Danish Bin Razak | 4 items | S$54.28
   🚨 OUT OF STOCK: MNL_KWAY_TEOW, BEV_ORANGE_JUICE, BEV_MILO, BEV_ICED_TEA
🛒 [10:41:55 AM] TXN-1787888515623-200-936780
   Outlet 200 | Staff: Priya D/O Mani | 3 items | S$48.38
   🚨 OUT OF STOCK: LMT_NASI_GORENG, BEV_MILO, LMT_SATE
🛒 [10:42:02 AM] TXN-1787888522219-171-172436
   Outlet 171 | Staff: Tan Wei Ming | 3 items | S$38.94
   🚨 OUT OF STOCK: BEV_LATTE, BEV_LATTE, BEV_ORANGE_JUICE
💰 [10:42:08 AM] TXN-1787888528816-201-231175
   Outlet 201 | Staff: None | 1 items | S$8.85
   🚨 OUT OF STOCK: BEV_ORANGE_JUICE
🛒 [10:42:14 AM] TXN-1787888534843-167-565721
   Outlet 167 | Staff: Ng Jun Hao | 3 items | S$40.12
   🚨 OUT OF STOCK: LMT_SATE, LMT_PRAWN_CRACKERS, BEV_ORANGE_JUICE
🛒 [10:42:21 AM] TXN-1787888541588-171-516668
   Outlet 171 | Staff: Muhd Danish Bin Razak | 5 items | S$69.03
   🚨 OUT OF STOCK: MNL_CHICKEN_RICE, BEV_LATTE, BEV_ICED_TEA, MNL_CHICKEN_RICE, BEV_ICED_TEA
💰 [10:42:28 AM] TXN-1787888548635-164-117550
   Outlet 164 | Staff: Chua Kai Xin | 1 items | S$18.88
   🚨 OUT OF STOCK: MNL_BEEG_HOON
🛒 [10:42:34 AM] TXN-1787888554718-200-760510
   Outlet 200 | Staff: Priya D/O Mani | 4 items | S$53.10
   🚨 OUT OF STOCK: MNL_CHICKEN_RICE, MNL_BEEG_HOON, BEV_LATTE, BEV_KOPI_O
🛒 [10:42:41 AM] TXN-1787888561448-168-452696
   Outlet 168 | Staff: Sanjay S/O Ramesh | 5 items | S$67.85
   🚨 OUT OF STOCK: BEV_MILO, BEV_LATTE, BEV_LATTE, BEV_ICED_TEA, BEV_MILO

📊 STATS:
   Total Sales: 1020
   Total Revenue: S$41117.10
   Avg Ticket: S$40.31
   Low Stock Alerts: 38
   Out of Stock: 1015
──────────────────────────────────────────────────
🛒 [10:42:48 AM] TXN-1787888568392-167-912927
   Outlet 167 | Staff: Sanjay S/O Ramesh | 4 items | S$54.87
   🚨 OUT OF STOCK: BEV_LATTE, BEV_ICED_TEA, LMT_MIE_GORENG, BEV_MILO
💰 [10:42:55 AM] TXN-1787888575172-171-207033
   Outlet 171 | Staff: Lee Jia En | 2 items | S$19.47
   🚨 OUT OF STOCK: MNL_RICE_BOWL, BEV_ICED_TEA
💰 [10:43:01 AM] TXN-1787888581391-170-889377
   Outlet 170 | Staff: Muhd Danish Bin Razak | 2 items | S$14.75
   🚨 OUT OF STOCK: BEV_ICED_TEA, BEV_MILO
🛒 [10:43:07 AM] TXN-1787888587625-202-254099
   Outlet 202 | Staff: None | 4 items | S$41.30
   🚨 OUT OF STOCK: LMT_ROTI_CANAI, BEV_KOPI_O, BEV_ORANGE_JUICE, BEV_KOPI_O
🛒 [10:43:14 AM] TXN-1787888594516-200-633956
   Outlet 200 | Staff: Kumar Sanjay | 3 items | S$27.14
   🚨 OUT OF STOCK: LMT_ROTI_CANAI, BEV_KOPI_O, BEV_LATTE
💰 [10:43:21 AM] TXN-1787888601003-201-109027
   Outlet 201 | Staff: None | 1 items | S$18.88
   🚨 OUT OF STOCK: MNL_BEEG_HOON
🛒 [10:43:27 AM] TXN-1787888607136-165-809023
   Outlet 165 | Staff: Lee Jia En | 4 items | S$47.79
   🚨 OUT OF STOCK: MNL_LAKSA, BEV_ICED_TEA, BEV_ICED_TEA, BEV_MILO
🛒 [10:43:34 AM] TXN-1787888614209-164-874652
   Outlet 164 | Staff: Batch Staff 1 | 3 items | S$43.66
   🚨 OUT OF STOCK: LMT_ROTI_CANAI, BEV_MILO, BEV_ORANGE_JUICE
🛒 [10:43:40 AM] TXN-1787888620663-202-578971
   Outlet 202 | Staff: None | 3 items | S$57.82
   🚨 OUT OF STOCK: LMT_SATE, BEV_LATTE, BEV_LATTE
💰 [10:43:50 AM] TXN-1787888630683-167-350638
   Outlet 167 | Staff: Rajesh Kumar | 1 items | S$18.88
   🚨 OUT OF STOCK: MNL_BEEG_HOON

📊 STATS:
   Total Sales: 1030
   Total Revenue: S$41461.66
   Avg Ticket: S$40.25
   Low Stock Alerts: 38
   Out of Stock: 1025
──────────────────────────────────────────────────
💰 [10:43:56 AM] TXN-1787888636721-164-871098
   Outlet 164 | Staff: Ng Jun Hao | 1 items | S$8.85
   🚨 OUT OF STOCK: BEV_ORANGE_JUICE
💰 [10:44:02 AM] TXN-1787888642658-202-672862
   Outlet 202 | Staff: None | 1 items | S$17.70
   🚨 OUT OF STOCK: LMT_SATE
💰 [10:44:08 AM] TXN-1787888648601-171-773535
   Outlet 171 | Staff: Tan Mei Hua | 2 items | S$56.64
   🚨 OUT OF STOCK: MNL_BEEG_HOON, MNL_BEEG_HOON
💰 [10:44:14 AM] TXN-1787888654816-170-789713
   Outlet 170 | Staff: Lee Jia En | 1 items | S$18.29
   🚨 OUT OF STOCK: MNL_LAKSA
💰 [10:44:20 AM] TXN-1787888660837-171-955871
   Outlet 171 | Staff: Muhd Danish Bin Razak | 2 items | S$24.78
   🚨 OUT OF STOCK: MNL_LAKSA, BEV_ICED_TEA
🛒 [10:44:27 AM] TXN-1787888667183-202-399822
   Outlet 202 | Staff: None | 3 items | S$35.99
   🚨 OUT OF STOCK: LMT_ROTI_CANAI, BEV_LATTE, BEV_MILO
🛒 [10:44:33 AM] TXN-1787888673638-168-422620
   Outlet 168 | Staff: Nurul Huda Bte Ali | 4 items | S$56.05
   🚨 OUT OF STOCK: LMT_SATE, BEV_LATTE, LMT_ROTI_CANAI, BEV_ORANGE_JUICE
🛒 [10:44:40 AM] TXN-1787888680365-167-523446
   Outlet 167 | Staff: Ahmad Faiz Bin Hassan | 3 items | S$29.50
   🚨 OUT OF STOCK: MNL_RICE_BOWL, BEV_ICED_TEA, BEV_LATTE
🛒 [10:44:46 AM] TXN-1787888686844-167-958688
   Outlet 167 | Staff: Nurul Huda Bte Ali | 5 items | S$46.61
   🚨 OUT OF STOCK: BEV_MILO, BEV_KOPI_O, BEV_ICED_TEA, BEV_ORANGE_JUICE, BEV_KOPI_O
🛒 [10:44:53 AM] TXN-1787888693919-202-939895
   Outlet 202 | Staff: None | 3 items | S$21.24
   🚨 OUT OF STOCK: LMT_PRAWN_CRACKERS, BEV_ORANGE_JUICE, BEV_KOPI_O

📊 STATS:
   Total Sales: 1040
   Total Revenue: S$41777.31
   Avg Ticket: S$40.17
   Low Stock Alerts: 38
   Out of Stock: 1035
──────────────────────────────────────────────────
💰 [10:45:00 AM] TXN-1787888700422-167-107288
   Outlet 167 | Staff: Sanjay S/O Ramesh | 1 items | S$4.72
   🚨 OUT OF STOCK: LMT_PRAWN_CRACKERS
🛒 [10:45:06 AM] TXN-1787888706460-164-977985
   Outlet 164 | Staff: Ahmad Faiz Bin Hassan | 4 items | S$50.74
   🚨 OUT OF STOCK: MNL_BEEG_HOON, BEV_ORANGE_JUICE, BEV_KOPI_O, BEV_KOPI_O
🛒 [10:45:13 AM] TXN-1787888713391-168-323669
   Outlet 168 | Staff: Tan Wei Ming | 4 items | S$41.30
   🚨 OUT OF STOCK: BEV_KOPI_O, BEV_ORANGE_JUICE, BEV_MILO, BEV_MILO
🛒 [10:45:20 AM] TXN-1787888720291-167-758997
   Outlet 167 | Staff: Lee Jia En | 4 items | S$74.34
   🚨 OUT OF STOCK: BEV_ORANGE_JUICE, BEV_LATTE, BEV_LATTE, LMT_SATE
💰 [10:45:26 AM] TXN-1787888726986-202-856406
   Outlet 202 | Staff: None | 2 items | S$35.40
   🚨 OUT OF STOCK: LMT_SATE, BEV_ORANGE_JUICE
🛒 [10:45:33 AM] TXN-1787888733545-165-746423
   Outlet 165 | Staff: Tan Wei Ming | 4 items | S$44.84
   🚨 OUT OF STOCK: BEV_LATTE, BEV_LATTE, BEV_MILO, BEV_MILO
🛒 [10:45:40 AM] TXN-1787888740418-202-886754
   Outlet 202 | Staff: None | 3 items | S$63.72
   🚨 OUT OF STOCK: LMT_SATE, MNL_RICE_BOWL, BEV_LATTE
🛒 [10:45:46 AM] TXN-1787888746891-165-839815
   Outlet 165 | Staff: Tan Wei Ming | 4 items | S$90.86
   🚨 OUT OF STOCK: MNL_KWAY_TEOW, BEV_KOPI_O, LMT_MIE_GORENG, MNL_LAKSA
🛒 [10:45:53 AM] TXN-1787888753693-169-314288
   Outlet 169 | Staff: Ng Jun Hao | 3 items | S$35.40
   🚨 OUT OF STOCK: LMT_MIE_GORENG, BEV_KOPI_O, BEV_MILO
💰 [10:46:00 AM] TXN-1787888760165-167-551539
   Outlet 167 | Staff: Tan Wei Ming | 2 items | S$30.68
   🚨 OUT OF STOCK: LMT_NASI_GORENG, BEV_MILO

📊 STATS:
   Total Sales: 1050
   Total Revenue: S$42249.31
   Avg Ticket: S$40.24
   Low Stock Alerts: 38
   Out of Stock: 1045
──────────────────────────────────────────────────
🛒 [10:46:06 AM] TXN-1787888766532-168-132176
   Outlet 168 | Staff: Li Ying Zhi | 5 items | S$73.16
   🚨 OUT OF STOCK: LMT_SATE, BEV_ICED_TEA, BEV_MILO, BEV_KOPI_O, MNL_CHICKEN_RICE
💰 [10:46:13 AM] TXN-1787888773549-164-810668
   Outlet 164 | Staff: Nurul Huda Bte Ali | 2 items | S$35.40
   🚨 OUT OF STOCK: MNL_BEEG_HOON, BEV_MILO
🛒 [10:46:19 AM] TXN-1787888779888-168-773809
   Outlet 168 | Staff: Priya D/O Mani | 3 items | S$31.86
   🚨 OUT OF STOCK: BEV_KOPI_O, BEV_ORANGE_JUICE, BEV_ICED_TEA
🛒 [10:46:26 AM] TXN-1787888786485-202-413827
   Outlet 202 | Staff: None | 3 items | S$48.38
   🚨 OUT OF STOCK: MNL_KWAY_TEOW, BEV_MILO, BEV_MILO
🛒 [10:46:33 AM] TXN-1787888793184-167-224858
   Outlet 167 | Staff: Ahmad Faiz Bin Hassan | 4 items | S$37.76
   🚨 OUT OF STOCK: BEV_ICED_TEA, BEV_MILO, BEV_LATTE, BEV_ICED_TEA
🛒 [10:46:40 AM] TXN-1787888800106-168-194378
   Outlet 168 | Staff: Sanjay S/O Ramesh | 4 items | S$73.16
   🚨 OUT OF STOCK: MNL_CHICKEN_RICE, LMT_ROTI_CANAI, BEV_ORANGE_JUICE, BEV_LATTE
🛒 [10:46:47 AM] TXN-1787888807004-167-851196
   Outlet 167 | Staff: Ahmad Faiz Bin Hassan | 4 items | S$41.89
   🚨 OUT OF STOCK: LMT_PRAWN_CRACKERS, BEV_KOPI_O, BEV_MILO, BEV_ICED_TEA
🛒 [10:46:53 AM] TXN-1787888813847-167-948175
   Outlet 167 | Staff: Ahmad Faiz Bin Hassan | 4 items | S$48.97
   🚨 OUT OF STOCK: LMT_PRAWN_CRACKERS, BEV_ORANGE_JUICE, BEV_KOPI_O, BEV_LATTE
🛒 [10:47:00 AM] TXN-1787888820658-201-219164
   Outlet 201 | Staff: None | 5 items | S$55.46
   🚨 OUT OF STOCK: BEV_ORANGE_JUICE, MNL_BEEG_HOON, BEV_ORANGE_JUICE, BEV_ORANGE_JUICE, BEV_LATTE
💰 [10:47:07 AM] TXN-1787888827826-167-424056
   Outlet 167 | Staff: Lee Jia En | 1 items | S$14.16
   🚨 OUT OF STOCK: LMT_NASI_GORENG

📊 STATS:
   Total Sales: 1060
   Total Revenue: S$42709.51
   Avg Ticket: S$40.29
   Low Stock Alerts: 38
   Out of Stock: 1055
──────────────────────────────────────────────────
🛒 [10:47:13 AM] TXN-1787888833850-165-539354
   Outlet 165 | Staff: Muhd Danish Bin Razak | 4 items | S$53.69
   🚨 OUT OF STOCK: LMT_SATE, BEV_LATTE, BEV_MILO, BEV_KOPI_O
🛒 [10:47:20 AM] TXN-1787888840584-169-920210
   Outlet 169 | Staff: Tan Wei Ming | 4 items | S$49.56
   ⚠️ LOW STOCK: LMT_PRAWN_CRACKERS
   🚨 OUT OF STOCK: LMT_MIE_GORENG, BEV_KOPI_O, MNL_RICE_BOWL
💰 [10:47:27 AM] TXN-1787888847403-168-254237
   Outlet 168 | Staff: Chua Kai Xin | 2 items | S$21.24
   🚨 OUT OF STOCK: LMT_PRAWN_CRACKERS, MNL_CHICKEN_RICE
🛒 [10:47:33 AM] TXN-1787888853690-169-925997
   Outlet 169 | Staff: Ng Jun Hao | 3 items | S$40.71
   🚨 OUT OF STOCK: BEV_KOPI_O, BEV_LATTE, BEV_ICED_TEA
💰 [10:47:40 AM] TXN-1787888860308-200-989220
   Outlet 200 | Staff: Priya D/O Mani | 2 items | S$22.42
   🚨 OUT OF STOCK: LMT_NASI_GORENG, BEV_MILO
💰 [10:47:46 AM] TXN-1787888866644-171-922773
   Outlet 171 | Staff: Tan Wei Ming | 1 items | S$4.72
   🚨 OUT OF STOCK: LMT_PRAWN_CRACKERS
💰 [10:47:52 AM] TXN-1787888872675-202-241671
   Outlet 202 | Staff: None | 1 items | S$15.34
   🚨 OUT OF STOCK: MNL_KWAY_TEOW
🛒 [10:47:58 AM] TXN-1787888878637-200-333081
   Outlet 200 | Staff: Kumar Sanjay | 5 items | S$70.80
   🚨 OUT OF STOCK: MNL_LAKSA, BEV_KOPI_O, BEV_ICED_TEA, BEV_MILO, BEV_KOPI_O
🛒 [10:48:05 AM] TXN-1787888885737-201-320109
   Outlet 201 | Staff: None | 5 items | S$45.43
   🚨 OUT OF STOCK: MNL_RICE_BOWL, BEV_ICED_TEA, BEV_MILO, BEV_KOPI_O, BEV_LATTE
🛒 [10:48:12 AM] TXN-1787888892822-168-811624
   Outlet 168 | Staff: Priya D/O Mani | 4 items | S$46.02
   🚨 OUT OF STOCK: LMT_NASI_GORENG, BEV_LATTE, BEV_ORANGE_JUICE, BEV_ICED_TEA

📊 STATS:
   Total Sales: 1070
   Total Revenue: S$43079.44
   Avg Ticket: S$40.26
   Low Stock Alerts: 39
   Out of Stock: 1065
──────────────────────────────────────────────────
🛒 [10:48:19 AM] TXN-1787888899726-201-949869
   Outlet 201 | Staff: None | 5 items | S$61.95
   🚨 OUT OF STOCK: MNL_RICE_BOWL, BEV_ORANGE_JUICE, BEV_ICED_TEA, BEV_LATTE, BEV_MILO
🛒 [10:48:26 AM] TXN-1787888906914-165-607578
   Outlet 165 | Staff: Lee Jia En | 3 items | S$35.40
   🚨 OUT OF STOCK: BEV_ORANGE_JUICE, MNL_CHICKEN_RICE, BEV_LATTE
💰 [10:48:33 AM] TXN-1787888913415-165-913111
   Outlet 165 | Staff: Lee Jia En | 1 items | S$8.26
   🚨 OUT OF STOCK: BEV_MILO
🛒 [10:48:39 AM] TXN-1787888919463-167-721546
   Outlet 167 | Staff: Ng Jun Hao | 5 items | S$67.85
   🚨 OUT OF STOCK: BEV_ICED_TEA, BEV_ICED_TEA, BEV_ORANGE_JUICE, MNL_KWAY_TEOW, BEV_KOPI_O
💰 [10:48:46 AM] TXN-1787888926463-201-746842
   Outlet 201 | Staff: None | 2 items | S$24.78
   🚨 OUT OF STOCK: MNL_LAKSA, BEV_ICED_TEA
🛒 [10:48:52 AM] TXN-1787888932670-201-475433
   Outlet 201 | Staff: None | 4 items | S$57.23
   🚨 OUT OF STOCK: LMT_SATE, BEV_ICED_TEA, BEV_ORANGE_JUICE, BEV_KOPI_O
🛒 [10:48:59 AM] TXN-1787888939446-167-555365
   Outlet 167 | Staff: Chong Wei Sheng | 3 items | S$28.91
   🚨 OUT OF STOCK: LMT_PRAWN_CRACKERS, BEV_ORANGE_JUICE, BEV_KOPI_O
🛒 [10:49:06 AM] TXN-1787888946022-171-430509
   Outlet 171 | Staff: Chua Kai Xin | 5 items | S$65.49
   🚨 OUT OF STOCK: LMT_NASI_GORENG, BEV_LATTE, MNL_CHICKEN_RICE, LMT_PRAWN_CRACKERS, BEV_LATTE
🛒 [10:49:13 AM] TXN-1787888953155-171-929891
   Outlet 171 | Staff: Chua Kai Xin | 5 items | S$70.21
   🚨 OUT OF STOCK: MNL_LAKSA, BEV_KOPI_O, BEV_MILO, MNL_KWAY_TEOW, MNL_RICE_BOWL
🛒 [10:49:20 AM] TXN-1787888960411-169-508251
   Outlet 169 | Staff: Muhd Danish Bin Razak | 4 items | S$47.79
   🚨 OUT OF STOCK: LMT_ROTI_CANAI, BEV_ORANGE_JUICE, BEV_MILO, BEV_ICED_TEA

📊 STATS:
   Total Sales: 1080
   Total Revenue: S$43547.31
   Avg Ticket: S$40.32
   Low Stock Alerts: 39
   Out of Stock: 1075
──────────────────────────────────────────────────
🛒 [10:49:27 AM] TXN-1787888967270-168-991653
   Outlet 168 | Staff: Tan Wei Ming | 3 items | S$49.56
   🚨 OUT OF STOCK: MNL_CHICKEN_RICE, BEV_LATTE, BEV_ICED_TEA
🛒 [10:49:34 AM] TXN-1787888974034-169-147793
   Outlet 169 | Staff: Tan Wei Ming | 5 items | S$64.31
   🚨 OUT OF STOCK: LMT_MIE_GORENG, BEV_LATTE, MNL_KWAY_TEOW, LMT_ROTI_CANAI, BEV_MILO
🛒 [10:49:41 AM] TXN-1787888981087-164-399974
   Outlet 164 | Staff: Ng Jun Hao | 5 items | S$63.72
   🚨 OUT OF STOCK: BEV_ICED_TEA, BEV_ORANGE_JUICE, BEV_KOPI_O, MNL_KWAY_TEOW, BEV_ORANGE_JUICE
💰 [10:49:48 AM] TXN-1787888988103-202-508755
   Outlet 202 | Staff: None | 1 items | S$17.70
   🚨 OUT OF STOCK: LMT_SATE
🛒 [10:49:54 AM] TXN-1787888994112-202-967280
   Outlet 202 | Staff: None | 5 items | S$70.80
   🚨 OUT OF STOCK: MNL_CHICKEN_RICE, BEV_LATTE, LMT_ROTI_CANAI, BEV_MILO, MNL_LAKSA
💰 [10:50:01 AM] TXN-1787889001096-201-667231
   Outlet 201 | Staff: None | 1 items | S$4.72
   ⚠️ LOW STOCK: LMT_PRAWN_CRACKERS
🛒 [10:50:07 AM] TXN-1787889007160-168-325204
   Outlet 168 | Staff: Tan Wei Ming | 3 items | S$47.20
   🚨 OUT OF STOCK: MNL_LAKSA, LMT_ROTI_CANAI, BEV_LATTE
🛒 [10:50:13 AM] TXN-1787889013747-168-602302
   Outlet 168 | Staff: Lee Jia En | 4 items | S$39.53
   🚨 OUT OF STOCK: BEV_ICED_TEA, BEV_KOPI_O, BEV_KOPI_O, BEV_LATTE
🛒 [10:50:20 AM] TXN-1787889020779-201-481211
   Outlet 201 | Staff: None | 4 items | S$84.96
   🚨 OUT OF STOCK: LMT_NASI_GORENG, MNL_LAKSA, MNL_RICE_BOWL, BEV_MILO
🛒 [10:50:27 AM] TXN-1787889027738-171-810906
   Outlet 171 | Staff: Tan Wei Ming | 4 items | S$71.98
   🚨 OUT OF STOCK: LMT_SATE, BEV_MILO, MNL_RICE_BOWL, BEV_LATTE

📊 STATS:
   Total Sales: 1090
   Total Revenue: S$44061.79
   Avg Ticket: S$40.42
   Low Stock Alerts: 40
   Out of Stock: 1084
──────────────────────────────────────────────────
🛒 [10:50:34 AM] TXN-1787889034504-164-501329
   Outlet 164 | Staff: Rajesh Kumar | 3 items | S$31.27
   🚨 OUT OF STOCK: MNL_CHICKEN_RICE, BEV_MILO, BEV_ICED_TEA
🛒 [10:50:40 AM] TXN-1787889040995-200-318324
   Outlet 200 | Staff: Kumar Sanjay | 5 items | S$97.35
   🚨 OUT OF STOCK: BEV_MILO, BEV_ICED_TEA, BEV_ICED_TEA, MNL_CHICKEN_RICE, MNL_LAKSA
💰 [10:50:48 AM] TXN-1787889048117-201-553343
   Outlet 201 | Staff: None | 1 items | S$10.03
   🚨 OUT OF STOCK: BEV_LATTE
🛒 [10:50:54 AM] TXN-1787889054069-165-962336
   Outlet 165 | Staff: Muhd Danish Bin Razak | 5 items | S$73.75
   🚨 OUT OF STOCK: LMT_NASI_GORENG, LMT_MIE_GORENG, BEV_ICED_TEA, MNL_RICE_BOWL, BEV_ORANGE_JUICE
🛒 [10:51:01 AM] TXN-1787889061302-171-773759
   Outlet 171 | Staff: Muhd Danish Bin Razak | 4 items | S$49.56
   🚨 OUT OF STOCK: MNL_RICE_BOWL, BEV_ICED_TEA, BEV_KOPI_O, BEV_MILO
🛒 [10:51:08 AM] TXN-1787889068056-167-965484
   Outlet 167 | Staff: Tan Wei Ming | 5 items | S$61.36
   🚨 OUT OF STOCK: MNL_KWAY_TEOW, BEV_LATTE, LMT_ROTI_CANAI, BEV_ORANGE_JUICE, BEV_KOPI_O
💰 [10:51:15 AM] TXN-1787889075143-164-708227
   Outlet 164 | Staff: Chua Kai Xin | 2 items | S$18.88
   🚨 OUT OF STOCK: BEV_ORANGE_JUICE, BEV_LATTE
🛒 [10:51:21 AM] TXN-1787889081613-202-392233
   Outlet 202 | Staff: None | 5 items | S$72.57
   🚨 OUT OF STOCK: BEV_ORANGE_JUICE, BEV_ORANGE_JUICE, BEV_ICED_TEA, BEV_KOPI_O, BEV_ORANGE_JUICE
💰 [10:51:28 AM] TXN-1787889088621-164-633824
   Outlet 164 | Staff: Nurul Huda Bte Ali | 1 items | S$10.03
   🚨 OUT OF STOCK: BEV_LATTE
🛒 [10:51:34 AM] TXN-1787889094597-200-207112
   Outlet 200 | Staff: Kumar Sanjay | 4 items | S$69.62
   🚨 OUT OF STOCK: LMT_NASI_GORENG, BEV_MILO, MNL_KWAY_TEOW, BEV_MILO

📊 STATS:
   Total Sales: 1100
   Total Revenue: S$44556.21
   Avg Ticket: S$40.51
   Low Stock Alerts: 40
   Out of Stock: 1094
──────────────────────────────────────────────────
🛒 [10:51:41 AM] TXN-1787889101285-170-250229
   Outlet 170 | Staff: Tan Wei Ming | 4 items | S$67.26
   🚨 OUT OF STOCK: BEV_ORANGE_JUICE, BEV_ICED_TEA, MNL_BEEG_HOON, BEV_KOPI_O
💰 [10:51:48 AM] TXN-1787889108167-168-356408
   Outlet 168 | Staff: Tan Wei Ming | 1 items | S$4.72
   🚨 OUT OF STOCK: LMT_PRAWN_CRACKERS
💰 [10:51:54 AM] TXN-1787889114197-168-221257
   Outlet 168 | Staff: Nurul Huda Bte Ali | 2 items | S$34.22
   🚨 OUT OF STOCK: MNL_CHICKEN_RICE, BEV_ORANGE_JUICE
🛒 [10:52:00 AM] TXN-1787889120639-169-725927
   Outlet 169 | Staff: Muhd Danish Bin Razak | 4 items | S$57.23
   🚨 OUT OF STOCK: BEV_KOPI_O, BEV_KOPI_O, LMT_SATE, BEV_MILO
💰 [10:52:07 AM] TXN-1787889127505-170-582366
   Outlet 170 | Staff: Tan Wei Ming | 2 items | S$28.32
   🚨 OUT OF STOCK: MNL_RICE_BOWL, BEV_KOPI_O
🛒 [10:52:13 AM] TXN-1787889133759-167-912322
   Outlet 167 | Staff: Lee Jia En | 5 items | S$53.10
   🚨 OUT OF STOCK: LMT_PRAWN_CRACKERS, BEV_MILO, MNL_RICE_BOWL, BEV_KOPI_O, BEV_ICED_TEA
💰 [10:52:20 AM] TXN-1787889140740-170-285481
   Outlet 170 | Staff: Muhd Danish Bin Razak | 1 items | S$14.16
   🚨 OUT OF STOCK: LMT_NASI_GORENG
🛒 [10:52:26 AM] TXN-1787889146768-170-239520
   Outlet 170 | Staff: Tan Wei Ming | 5 items | S$61.95
   🚨 OUT OF STOCK: LMT_ROTI_CANAI, BEV_MILO, BEV_LATTE, BEV_ORANGE_JUICE, BEV_MILO
🛒 [10:52:33 AM] TXN-1787889153834-201-788197
   Outlet 201 | Staff: None | 3 items | S$51.92
   🚨 OUT OF STOCK: MNL_CHICKEN_RICE, MNL_BEEG_HOON, BEV_MILO
💰 [10:52:40 AM] TXN-1787889160376-200-166584
   Outlet 200 | Staff: Kumar Sanjay | 1 items | S$4.72
   🚨 OUT OF STOCK: LMT_PRAWN_CRACKERS

📊 STATS:
   Total Sales: 1110
   Total Revenue: S$44933.81
   Avg Ticket: S$40.48
   Low Stock Alerts: 40
   Out of Stock: 1104
──────────────────────────────────────────────────
🛒 [10:52:46 AM] TXN-1787889166304-164-307498
   Outlet 164 | Staff: Nurul Huda Bte Ali | 4 items | S$63.13
   🚨 OUT OF STOCK: BEV_LATTE, BEV_ORANGE_JUICE, BEV_LATTE, BEV_KOPI_O
🛒 [10:52:53 AM] TXN-1787889173021-171-655009
   Outlet 171 | Staff: Rajesh Kumar | 5 items | S$53.10
   🚨 OUT OF STOCK: LMT_MIE_GORENG, BEV_MILO, BEV_ICED_TEA, BEV_ORANGE_JUICE, BEV_ORANGE_JUICE
🛒 [10:53:00 AM] TXN-1787889180128-170-257820
   Outlet 170 | Staff: Ng Jun Hao | 3 items | S$56.05
   🚨 OUT OF STOCK: BEV_ORANGE_JUICE, MNL_KWAY_TEOW, BEV_MILO
💰 [10:53:06 AM] TXN-1787889186722-202-366116
   Outlet 202 | Staff: None | 2 items | S$25.37
   🚨 OUT OF STOCK: BEV_ORANGE_JUICE, BEV_MILO
🛒 [10:53:13 AM] TXN-1787889193464-165-891602
   Outlet 165 | Staff: Tan Wei Ming | 3 items | S$25.37
   🚨 OUT OF STOCK: LMT_ROTI_CANAI, BEV_MILO, BEV_KOPI_O
🛒 [10:53:20 AM] TXN-1787889200003-168-533237
   Outlet 168 | Staff: Chua Kai Xin | 5 items | S$48.38
   🚨 OUT OF STOCK: LMT_PRAWN_CRACKERS, BEV_ICED_TEA, BEV_ICED_TEA, BEV_KOPI_O, BEV_ORANGE_JUICE
🛒 [10:53:27 AM] TXN-1787889207010-165-724290
   Outlet 165 | Staff: Lee Jia En | 3 items | S$30.09
   🚨 OUT OF STOCK: BEV_MILO, BEV_ORANGE_JUICE, BEV_ICED_TEA
💰 [10:53:33 AM] TXN-1787889213571-165-153321
   Outlet 165 | Staff: Ahmad Faiz Bin Hassan | 2 items | S$19.47
   🚨 OUT OF STOCK: LMT_MIE_GORENG, BEV_KOPI_O
🛒 [10:53:39 AM] TXN-1787889219867-167-987141
   Outlet 167 | Staff: Lee Jia En | 5 items | S$58.41
   🚨 OUT OF STOCK: LMT_SATE, BEV_KOPI_O, BEV_KOPI_O, BEV_ORANGE_JUICE, BEV_KOPI_O
💰 [10:53:46 AM] TXN-1787889226970-168-204142
   Outlet 168 | Staff: Sanjay S/O Ramesh | 2 items | S$24.78
   🚨 OUT OF STOCK: LMT_ROTI_CANAI, BEV_KOPI_O

📊 STATS:
   Total Sales: 1120
   Total Revenue: S$45337.96
   Avg Ticket: S$40.48
   Low Stock Alerts: 40
   Out of Stock: 1114
──────────────────────────────────────────────────
🛒 [10:53:53 AM] TXN-1787889233276-200-781631
   Outlet 200 | Staff: Priya D/O Mani | 3 items | S$49.56
   🚨 OUT OF STOCK: MNL_LAKSA, LMT_MIE_GORENG, BEV_KOPI_O
🛒 [10:53:59 AM] TXN-1787889239968-167-369770
   Outlet 167 | Staff: Ng Jun Hao | 4 items | S$49.56
   🚨 OUT OF STOCK: LMT_PRAWN_CRACKERS, LMT_MIE_GORENG, BEV_LATTE, BEV_ICED_TEA
🛒 [10:54:06 AM] TXN-1787889246988-202-281130
   Outlet 202 | Staff: None | 5 items | S$100.30
   🚨 OUT OF STOCK: MNL_LAKSA, MNL_CHICKEN_RICE, MNL_RICE_BOWL, LMT_NASI_GORENG, BEV_ORANGE_JUICE
🛒 [10:54:13 AM] TXN-1787889253982-165-180202
   Outlet 165 | Staff: Lee Jia En | 5 items | S$83.19
   🚨 OUT OF STOCK: MNL_LAKSA, BEV_ICED_TEA, MNL_BEEG_HOON, BEV_ORANGE_JUICE, BEV_KOPI_O
💰 [10:54:21 AM] TXN-1787889261156-201-143740
   Outlet 201 | Staff: None | 1 items | S$8.85
   🚨 OUT OF STOCK: BEV_ORANGE_JUICE
🛒 [10:54:28 AM] TXN-1787889268044-200-193808
   Outlet 200 | Staff: Kumar Sanjay | 5 items | S$76.11
   🚨 OUT OF STOCK: BEV_LATTE, BEV_ORANGE_JUICE, MNL_KWAY_TEOW, BEV_LATTE, BEV_KOPI_O
💰 [10:54:35 AM] TXN-1787889275179-167-444557
   Outlet 167 | Staff: Chong Wei Sheng | 2 items | S$26.55
   🚨 OUT OF STOCK: MNL_BEEG_HOON, BEV_KOPI_O
🛒 [10:54:41 AM] TXN-1787889281323-202-594157
   Outlet 202 | Staff: None | 4 items | S$51.33
   🚨 OUT OF STOCK: MNL_RICE_BOWL, BEV_MILO, BEV_ICED_TEA, BEV_KOPI_O
💰 [10:54:48 AM] TXN-1787889288108-201-349155
   Outlet 201 | Staff: None | 2 items | S$28.32
   🚨 OUT OF STOCK: BEV_MILO, BEV_LATTE
🛒 [10:54:54 AM] TXN-1787889294296-165-724259
   Outlet 165 | Staff: Ahmad Faiz Bin Hassan | 5 items | S$58.41
   🚨 OUT OF STOCK: BEV_ICED_TEA, BEV_MILO, BEV_ORANGE_JUICE, BEV_MILO, BEV_ORANGE_JUICE

📊 STATS:
   Total Sales: 1130
   Total Revenue: S$45870.14
   Avg Ticket: S$40.59
   Low Stock Alerts: 40
   Out of Stock: 1124
──────────────────────────────────────────────────
💰 [10:55:01 AM] TXN-1787889301296-164-242990
   Outlet 164 | Staff: Batch Staff 1 | 1 items | S$10.03
   🚨 OUT OF STOCK: BEV_LATTE
🛒 [10:55:07 AM] TXN-1787889307408-167-110721
   Outlet 167 | Staff: Sanjay S/O Ramesh | 3 items | S$34.81
   🚨 OUT OF STOCK: BEV_LATTE, BEV_MILO, BEV_MILO
🛒 [10:55:14 AM] TXN-1787889314257-200-302471
   Outlet 200 | Staff: Priya D/O Mani | 5 items | S$55.46
   🚨 OUT OF STOCK: LMT_MIE_GORENG, BEV_ICED_TEA, BEV_LATTE, BEV_KOPI_O, BEV_ICED_TEA
💰 [10:55:21 AM] TXN-1787889321564-170-759934
   Outlet 170 | Staff: Tan Wei Ming | 1 items | S$14.16
   🚨 OUT OF STOCK: LMT_NASI_GORENG
🛒 [10:55:27 AM] TXN-1787889327556-169-104560
   Outlet 169 | Staff: Tan Wei Ming | 3 items | S$32.45
   🚨 OUT OF STOCK: BEV_MILO, LMT_SATE, BEV_ICED_TEA
🛒 [10:55:34 AM] TXN-1787889334132-169-817616
   Outlet 169 | Staff: Tan Wei Ming | 4 items | S$76.70
   🚨 OUT OF STOCK: MNL_BEEG_HOON, BEV_LATTE, BEV_ORANGE_JUICE, BEV_LATTE
💰 [10:55:40 AM] TXN-1787889340865-164-881604
   Outlet 164 | Staff: Ong Wei Jian | 2 items | S$34.81
   🚨 OUT OF STOCK: MNL_CHICKEN_RICE, MNL_LAKSA
💰 [10:55:47 AM] TXN-1787889347059-170-515347
   Outlet 170 | Staff: Tan Wei Ming | 1 items | S$6.49
   🚨 OUT OF STOCK: BEV_ICED_TEA
🛒 [10:55:53 AM] TXN-1787889353090-169-720101
   Outlet 169 | Staff: Tan Wei Ming | 5 items | S$48.38
   🚨 OUT OF STOCK: BEV_MILO, BEV_ORANGE_JUICE, BEV_LATTE, BEV_MILO, MNL_RICE_BOWL
🛒 [10:56:00 AM] TXN-1787889360150-164-807886
   Outlet 164 | Staff: Ng Jun Hao | 3 items | S$50.74
   🚨 OUT OF STOCK: LMT_NASI_GORENG, BEV_ORANGE_JUICE

📊 STATS:
   Total Sales: 1140
   Total Revenue: S$46234.17
   Avg Ticket: S$40.56
   Low Stock Alerts: 40
   Out of Stock: 1134
──────────────────────────────────────────────────
💰 [10:56:06 AM] TXN-1787889366692-202-840725
   Outlet 202 | Staff: None | 2 items | S$24.19
   🚨 OUT OF STOCK: LMT_SATE, BEV_ICED_TEA
💰 [10:56:13 AM] TXN-1787889373003-201-161310
   Outlet 201 | Staff: None | 1 items | S$14.16
   🚨 OUT OF STOCK: LMT_NASI_GORENG
💰 [10:56:19 AM] TXN-1787889379025-202-140570
   Outlet 202 | Staff: None | 1 items | S$18.88
   🚨 OUT OF STOCK: MNL_BEEG_HOON
🛒 [10:56:24 AM] TXN-1787889384963-169-890750
   Outlet 169 | Staff: Ng Jun Hao | 5 items | S$72.57
   🚨 OUT OF STOCK: LMT_ROTI_CANAI, MNL_RICE_BOWL, BEV_ICED_TEA, MNL_RICE_BOWL, BEV_ORANGE_JUICE
🛒 [10:56:32 AM] TXN-1787889392131-171-778865
   Outlet 171 | Staff: Nurul Huda Bte Ali | 5 items | S$79.06
   🚨 OUT OF STOCK: BEV_MILO, BEV_ORANGE_JUICE, BEV_LATTE, BEV_ORANGE_JUICE, BEV_KOPI_O
🛒 [10:56:39 AM] TXN-1787889399170-200-820688
   Outlet 200 | Staff: Syaza Aina | 4 items | S$54.28
   🚨 OUT OF STOCK: MNL_LAKSA, LMT_PRAWN_CRACKERS, BEV_ORANGE_JUICE, LMT_SATE
🛒 [10:56:45 AM] TXN-1787889405908-167-785134
   Outlet 167 | Staff: Chong Wei Sheng | 4 items | S$37.76
   🚨 OUT OF STOCK: MNL_RICE_BOWL, BEV_KOPI_O, BEV_ORANGE_JUICE, BEV_MILO
💰 [10:56:52 AM] TXN-1787889412652-200-767744
   Outlet 200 | Staff: Priya D/O Mani | 1 items | S$6.49
   🚨 OUT OF STOCK: BEV_ICED_TEA
💰 [10:56:58 AM] TXN-1787889418613-165-835388
   Outlet 165 | Staff: Lee Jia En | 1 items | S$14.16
   🚨 OUT OF STOCK: LMT_NASI_GORENG
💰 [10:57:04 AM] TXN-1787889424846-200-174532
   Outlet 200 | Staff: Kumar Sanjay | 1 items | S$14.16
   🚨 OUT OF STOCK: LMT_NASI_GORENG

📊 STATS:
   Total Sales: 1150
   Total Revenue: S$46569.88
   Avg Ticket: S$40.50
   Low Stock Alerts: 40
   Out of Stock: 1144
──────────────────────────────────────────────────
🛒 [10:57:10 AM] TXN-1787889430834-201-957868
   Outlet 201 | Staff: None | 4 items | S$64.90
   🚨 OUT OF STOCK: MNL_RICE_BOWL, BEV_ICED_TEA, MNL_BEEG_HOON, BEV_KOPI_O
🛒 [10:57:17 AM] TXN-1787889437599-167-380766
   Outlet 167 | Staff: Ng Jun Hao | 5 items | S$81.42
   🚨 OUT OF STOCK: MNL_KWAY_TEOW, BEV_ORANGE_JUICE, LMT_MIE_GORENG, MNL_CHICKEN_RICE, BEV_LATTE
🛒 [10:57:24 AM] TXN-1787889444645-202-251948
   Outlet 202 | Staff: None | 5 items | S$53.69
   🚨 OUT OF STOCK: LMT_NASI_GORENG, BEV_MILO, BEV_KOPI_O, BEV_KOPI_O, BEV_KOPI_O
💰 [10:57:31 AM] TXN-1787889451672-202-659872
   Outlet 202 | Staff: None | 2 items | S$27.14
   🚨 OUT OF STOCK: BEV_MILO, MNL_BEEG_HOON
💰 [10:57:37 AM] TXN-1787889457893-171-169895
   Outlet 171 | Staff: Chua Kai Xin | 2 items | S$33.04
   🚨 OUT OF STOCK: MNL_CHICKEN_RICE, BEV_MILO
🛒 [10:57:44 AM] TXN-1787889464192-169-938210
   Outlet 169 | Staff: Lee Jia En | 4 items | S$61.36
   🚨 OUT OF STOCK: MNL_RICE_BOWL, LMT_SATE, MNL_RICE_BOWL, BEV_ORANGE_JUICE
💰 [10:57:50 AM] TXN-1787889470897-169-822704
   Outlet 169 | Staff: Ng Jun Hao | 2 items | S$40.12
   🚨 OUT OF STOCK: MNL_CHICKEN_RICE, LMT_MIE_GORENG
🛒 [10:57:57 AM] TXN-1787889477113-200-587216
   Outlet 200 | Staff: Syaza Aina | 5 items | S$69.62
   🚨 OUT OF STOCK: LMT_PRAWN_CRACKERS, BEV_MILO, BEV_MILO, BEV_MILO, BEV_KOPI_O
💰 [10:58:04 AM] TXN-1787889484128-201-495119
   Outlet 201 | Staff: None | 2 items | S$16.52
   🚨 OUT OF STOCK: BEV_KOPI_O, BEV_ORANGE_JUICE
🛒 [10:58:10 AM] TXN-1787889490349-164-435612
   Outlet 164 | Staff: Chua Kai Xin | 5 items | S$46.02
   🚨 OUT OF STOCK: BEV_MILO, BEV_ICED_TEA, BEV_ORANGE_JUICE, LMT_ROTI_CANAI

📊 STATS:
   Total Sales: 1160
   Total Revenue: S$47063.71
   Avg Ticket: S$40.57
   Low Stock Alerts: 40
   Out of Stock: 1154
──────────────────────────────────────────────────
💰 [10:58:17 AM] TXN-1787889497415-164-476043
   Outlet 164 | Staff: Priya D/O Mani | 1 items | S$18.29
   🚨 OUT OF STOCK: MNL_LAKSA
🛒 [10:58:23 AM] TXN-1787889503403-170-824725
   Outlet 170 | Staff: Muhd Danish Bin Razak | 3 items | S$41.89
   🚨 OUT OF STOCK: LMT_SATE, BEV_ICED_TEA, BEV_ORANGE_JUICE
💰 [10:58:29 AM] TXN-1787889509984-170-823392
   Outlet 170 | Staff: Lim Pei Ling | 2 items | S$28.32
   ⚠️ LOW STOCK: LMT_PRAWN_CRACKERS
   🚨 OUT OF STOCK: LMT_MIE_GORENG
💰 [10:58:36 AM] TXN-1787889516352-202-365822
   Outlet 202 | Staff: None | 1 items | S$16.52
   🚨 OUT OF STOCK: MNL_CHICKEN_RICE
🛒 [10:58:42 AM] TXN-1787889522294-202-733054
   Outlet 202 | Staff: None | 3 items | S$39.53
   🚨 OUT OF STOCK: BEV_KOPI_O, MNL_CHICKEN_RICE, BEV_KOPI_O
💰 [10:58:48 AM] TXN-1787889528776-170-434870
   Outlet 170 | Staff: Tan Wei Ming | 1 items | S$11.80
   🚨 OUT OF STOCK: LMT_MIE_GORENG
💰 [10:58:54 AM] TXN-1787889534733-169-862528
   Outlet 169 | Staff: Ng Jun Hao | 2 items | S$28.32
   🚨 OUT OF STOCK: MNL_KWAY_TEOW, BEV_ICED_TEA
🛒 [10:59:00 AM] TXN-1787889540934-168-714789
   Outlet 168 | Staff: Lee Jia En | 4 items | S$44.84
   🚨 OUT OF STOCK: MNL_CHICKEN_RICE, BEV_ICED_TEA, BEV_ICED_TEA, BEV_ORANGE_JUICE
🛒 [10:59:07 AM] TXN-1787889547758-171-756885
   Outlet 171 | Staff: Muhd Danish Bin Razak | 5 items | S$73.75
   🚨 OUT OF STOCK: LMT_SATE, BEV_MILO, BEV_MILO, BEV_ICED_TEA, BEV_LATTE
💰 [10:59:14 AM] TXN-1787889554765-200-836763
   Outlet 200 | Staff: Priya D/O Mani | 1 items | S$15.34
   🚨 OUT OF STOCK: MNL_KWAY_TEOW

📊 STATS:
   Total Sales: 1170
   Total Revenue: S$47382.31
   Avg Ticket: S$40.50
   Low Stock Alerts: 41
   Out of Stock: 1164
──────────────────────────────────────────────────
💰 [10:59:20 AM] TXN-1787889560821-171-562759
   Outlet 171 | Staff: Lee Jia En | 1 items | S$18.29
   🚨 OUT OF STOCK: MNL_LAKSA
💰 [10:59:27 AM] TXN-1787889567048-168-269470
   Outlet 168 | Staff: Tan Wei Ming | 2 items | S$51.92
   🚨 OUT OF STOCK: LMT_NASI_GORENG, MNL_BEEG_HOON
🛒 [10:59:33 AM] TXN-1787889573244-202-413405
   Outlet 202 | Staff: None | 5 items | S$82.01
   🚨 OUT OF STOCK: BEV_LATTE, BEV_ORANGE_JUICE, BEV_MILO, BEV_ORANGE_JUICE, BEV_LATTE
💰 [10:59:40 AM] TXN-1787889580331-170-693012
   Outlet 170 | Staff: Ng Jun Hao | 2 items | S$35.40
   🚨 OUT OF STOCK: LMT_SATE, BEV_ORANGE_JUICE
🛒 [10:59:46 AM] TXN-1787889586560-200-581097
   Outlet 200 | Staff: Priya D/O Mani | 3 items | S$29.50
   🚨 OUT OF STOCK: MNL_CHICKEN_RICE, LMT_PRAWN_CRACKERS, BEV_MILO
💰 [10:59:53 AM] TXN-1787889593185-167-588986
   Outlet 167 | Staff: Chong Wei Sheng | 1 items | S$18.88
   🚨 OUT OF STOCK: MNL_BEEG_HOON
🛒 [10:59:59 AM] TXN-1787889599125-167-572073
   Outlet 167 | Staff: Tan Wei Ming | 4 items | S$40.12
   🚨 OUT OF STOCK: LMT_ROTI_CANAI, LMT_NASI_GORENG, BEV_KOPI_O, BEV_ORANGE_JUICE
🛒 [11:00:05 AM] TXN-1787889605979-167-107747
   Outlet 167 | Staff: Lee Jia En | 4 items | S$38.94
   🚨 OUT OF STOCK: BEV_LATTE, BEV_ICED_TEA, BEV_MILO, BEV_KOPI_O
🛒 [11:00:12 AM] TXN-1787889612837-202-293302
   Outlet 202 | Staff: None | 4 items | S$58.41
   🚨 OUT OF STOCK: BEV_ORANGE_JUICE, BEV_ICED_TEA, BEV_LATTE, BEV_MILO
🛒 [11:00:20 AM] TXN-1787889620158-170-863638
   Outlet 170 | Staff: Ng Jun Hao | 5 items | S$60.18
   🚨 OUT OF STOCK: MNL_BEEG_HOON, BEV_MILO, BEV_LATTE, BEV_ICED_TEA, BEV_ICED_TEA

📊 STATS:
   Total Sales: 1180
   Total Revenue: S$47815.96
   Avg Ticket: S$40.52
   Low Stock Alerts: 41
   Out of Stock: 1174
──────────────────────────────────────────────────
🛒 [11:00:27 AM] TXN-1787889627445-167-894274
   Outlet 167 | Staff: Ng Jun Hao | 5 items | S$61.36
   🚨 OUT OF STOCK: BEV_LATTE, BEV_ICED_TEA, BEV_KOPI_O, LMT_NASI_GORENG, BEV_ORANGE_JUICE
🛒 [11:00:34 AM] TXN-1787889634608-170-925805
   Outlet 170 | Staff: Tan Wei Ming | 4 items | S$50.15
   ⚠️ LOW STOCK: LMT_PRAWN_CRACKERS
   🚨 OUT OF STOCK: BEV_MILO, BEV_ORANGE_JUICE, BEV_LATTE
💰 [11:00:41 AM] TXN-1787889641394-165-581801
   Outlet 165 | Staff: Tan Wei Ming | 2 items | S$31.86
   🚨 OUT OF STOCK: MNL_KWAY_TEOW, BEV_MILO
💰 [11:00:47 AM] TXN-1787889647597-169-665557
   Outlet 169 | Staff: Muhd Danish Bin Razak | 2 items | S$15.34
   🚨 OUT OF STOCK: BEV_KOPI_O, BEV_KOPI_O
🛒 [11:00:54 AM] TXN-1787889654060-169-627667
   Outlet 169 | Staff: Muhd Danish Bin Razak | 5 items | S$47.79
   🚨 OUT OF STOCK: MNL_KWAY_TEOW, BEV_ICED_TEA, LMT_ROTI_CANAI, BEV_MILO, BEV_MILO
💰 [11:01:01 AM] TXN-1787889661417-201-805891
   Outlet 201 | Staff: None | 2 items | S$26.55
   🚨 OUT OF STOCK: BEV_ORANGE_JUICE, LMT_SATE
💰 [11:01:07 AM] TXN-1787889667814-170-578307
   Outlet 170 | Staff: Muhd Danish Bin Razak | 2 items | S$14.16
   🚨 OUT OF STOCK: BEV_KOPI_O, BEV_ICED_TEA
🛒 [11:01:14 AM] TXN-1787889674035-170-448481
   Outlet 170 | Staff: Tan Wei Ming | 3 items | S$33.04
   🚨 OUT OF STOCK: LMT_NASI_GORENG, BEV_ORANGE_JUICE, BEV_LATTE
🛒 [11:01:20 AM] TXN-1787889680555-202-741976
   Outlet 202 | Staff: None | 4 items | S$56.05
   🚨 OUT OF STOCK: LMT_NASI_GORENG, BEV_ICED_TEA, BEV_ORANGE_JUICE, BEV_ORANGE_JUICE
🛒 [11:01:27 AM] TXN-1787889687337-164-673547
   Outlet 164 | Staff: Rajesh Kumar | 3 items | S$30.68
   🚨 OUT OF STOCK: BEV_KOPI_O, BEV_KOPI_O, BEV_KOPI_O

📊 STATS:
   Total Sales: 1190
   Total Revenue: S$48182.94
   Avg Ticket: S$40.49
   Low Stock Alerts: 42
   Out of Stock: 1184
──────────────────────────────────────────────────
🛒 [11:01:33 AM] TXN-1787889693875-171-177202
   Outlet 171 | Staff: Muhd Danish Bin Razak | 5 items | S$62.54
   🚨 OUT OF STOCK: MNL_CHICKEN_RICE, BEV_MILO, MNL_CHICKEN_RICE, BEV_MILO, BEV_ICED_TEA
💰 [11:01:40 AM] TXN-1787889700975-201-274744
   Outlet 201 | Staff: None | 1 items | S$4.72
   ⚠️ LOW STOCK: LMT_PRAWN_CRACKERS
🛒 [11:01:46 AM] TXN-1787889706932-169-610697
   Outlet 169 | Staff: Tan Wei Ming | 5 items | S$64.31
   🚨 OUT OF STOCK: LMT_MIE_GORENG, BEV_ORANGE_JUICE, LMT_NASI_GORENG, BEV_KOPI_O, BEV_ICED_TEA
🛒 [11:01:54 AM] TXN-1787889714064-167-446959
   Outlet 167 | Staff: Ng Jun Hao | 4 items | S$56.05
   🚨 OUT OF STOCK: LMT_NASI_GORENG, BEV_ICED_TEA, BEV_LATTE, BEV_KOPI_O
🛒 [11:02:00 AM] TXN-1787889720846-171-216770
   Outlet 171 | Staff: Chua Kai Xin | 5 items | S$82.01
   🚨 OUT OF STOCK: MNL_LAKSA, BEV_ORANGE_JUICE, LMT_NASI_GORENG, BEV_MILO, BEV_LATTE
🛒 [11:02:07 AM] TXN-1787889727931-167-646058
   Outlet 167 | Staff: Ahmad Faiz Bin Hassan | 3 items | S$29.50
   🚨 OUT OF STOCK: BEV_ICED_TEA, BEV_ICED_TEA, BEV_MILO
💰 [11:02:14 AM] TXN-1787889734545-200-205549
   Outlet 200 | Staff: Kumar Sanjay | 2 items | S$21.83
   🚨 OUT OF STOCK: LMT_MIE_GORENG, BEV_LATTE
🛒 [11:02:21 AM] TXN-1787889741040-202-924979
   Outlet 202 | Staff: None | 5 items | S$54.28
   🚨 OUT OF STOCK: MNL_KWAY_TEOW, BEV_ORANGE_JUICE, BEV_ICED_TEA, BEV_ICED_TEA, BEV_MILO
🛒 [11:02:28 AM] TXN-1787889748070-202-161568
   Outlet 202 | Staff: None | 5 items | S$67.26
   🚨 OUT OF STOCK: LMT_ROTI_CANAI, BEV_KOPI_O, BEV_MILO, MNL_LAKSA, BEV_KOPI_O
🛒 [11:02:35 AM] TXN-1787889755177-202-259985
   Outlet 202 | Staff: None | 3 items | S$30.68
   🚨 OUT OF STOCK: BEV_ICED_TEA, LMT_NASI_GORENG, BEV_LATTE

📊 STATS:
   Total Sales: 1200
   Total Revenue: S$48656.12
   Avg Ticket: S$40.55
   Low Stock Alerts: 43
   Out of Stock: 1193
──────────────────────────────────────────────────
🛒 [11:02:41 AM] TXN-1787889761617-167-615028
   Outlet 167 | Staff: Tan Wei Ming | 4 items | S$74.34
   🚨 OUT OF STOCK: LMT_SATE, BEV_KOPI_O, BEV_KOPI_O, MNL_RICE_BOWL
🛒 [11:02:48 AM] TXN-1787889768438-164-149074
   Outlet 164 | Staff: Batch Staff 1 | 4 items | S$80.83
   🚨 OUT OF STOCK: MNL_KWAY_TEOW, BEV_KOPI_O, MNL_BEEG_HOON, BEV_LATTE
🛒 [11:02:55 AM] TXN-1787889775217-170-109734
   Outlet 170 | Staff: Muhd Danish Bin Razak | 5 items | S$77.29
   🚨 OUT OF STOCK: BEV_LATTE, BEV_ICED_TEA, BEV_MILO, LMT_SATE, BEV_ORANGE_JUICE
💰 [11:03:02 AM] TXN-1787889782373-200-917096
   Outlet 200 | Staff: Syaza Aina | 2 items | S$28.32
   🚨 OUT OF STOCK: MNL_LAKSA, BEV_LATTE
🛒 [11:03:08 AM] TXN-1787889788658-171-199550
   Outlet 171 | Staff: Nurul Huda Bte Ali | 3 items | S$34.81
   🚨 OUT OF STOCK: LMT_MIE_GORENG, BEV_KOPI_O, BEV_KOPI_O
💰 [11:03:15 AM] TXN-1787889795180-164-553095
   Outlet 164 | Staff: Ng Jun Hao | 2 items | S$34.81
   🚨 OUT OF STOCK: MNL_LAKSA, BEV_MILO
💰 [11:03:21 AM] TXN-1787889801479-164-417262
   Outlet 164 | Staff: Ong Wei Jian | 2 items | S$31.86
   🚨 OUT OF STOCK: MNL_BEEG_HOON, BEV_ICED_TEA
💰 [11:03:27 AM] TXN-1787889807670-167-595177
   Outlet 167 | Staff: Rajesh Kumar | 1 items | S$6.49
   🚨 OUT OF STOCK: BEV_ICED_TEA
🛒 [11:03:33 AM] TXN-1787889813760-167-836678
   Outlet 167 | Staff: Ahmad Faiz Bin Hassan | 5 items | S$50.15
   🚨 OUT OF STOCK: BEV_KOPI_O, BEV_MILO, BEV_KOPI_O, BEV_LATTE, BEV_MILO
🛒 [11:03:40 AM] TXN-1787889820773-164-499936
   Outlet 164 | Staff: Chua Kai Xin | 3 items | S$37.76
   🚨 OUT OF STOCK: BEV_LATTE, BEV_LATTE, BEV_ORANGE_JUICE

📊 STATS:
   Total Sales: 1210
   Total Revenue: S$49112.78
   Avg Ticket: S$40.59
   Low Stock Alerts: 43
   Out of Stock: 1203
──────────────────────────────────────────────────
💰 [11:03:47 AM] TXN-1787889827437-200-167065
   Outlet 200 | Staff: Priya D/O Mani | 1 items | S$17.70
   🚨 OUT OF STOCK: LMT_SATE
🛒 [11:03:53 AM] TXN-1787889833481-200-618524
   Outlet 200 | Staff: Syaza Aina | 5 items | S$51.92
   🚨 OUT OF STOCK: LMT_ROTI_CANAI, BEV_ORANGE_JUICE, BEV_LATTE, BEV_ICED_TEA, BEV_MILO
🛒 [11:04:00 AM] TXN-1787889840533-201-726288
   Outlet 201 | Staff: None | 3 items | S$43.07
   🚨 OUT OF STOCK: BEV_ORANGE_JUICE, BEV_MILO, BEV_ORANGE_JUICE
🛒 [11:04:07 AM] TXN-1787889847180-201-298515
   Outlet 201 | Staff: None | 3 items | S$47.20
   🚨 OUT OF STOCK: LMT_NASI_GORENG, BEV_ICED_TEA, BEV_LATTE
💰 [11:04:13 AM] TXN-1787889853667-168-187027
   Outlet 168 | Staff: Chua Kai Xin | 1 items | S$10.03
   🚨 OUT OF STOCK: BEV_LATTE
💰 [11:04:19 AM] TXN-1787889859674-164-554683
   Outlet 164 | Staff: Batch Staff 1 | 1 items | S$17.70
   🚨 OUT OF STOCK: LMT_SATE
💰 [11:04:25 AM] TXN-1787889865680-164-612115
   Outlet 164 | Staff: Nurul Huda Bte Ali | 2 items | S$15.93
   🚨 OUT OF STOCK: BEV_MILO, BEV_KOPI_O
💰 [11:04:32 AM] TXN-1787889872291-168-312263
   Outlet 168 | Staff: Lee Jia En | 2 items | S$21.24
   🚨 OUT OF STOCK: MNL_RICE_BOWL, BEV_MILO
💰 [11:04:38 AM] TXN-1787889878475-201-209897
   Outlet 201 | Staff: None | 1 items | S$14.16
   🚨 OUT OF STOCK: LMT_NASI_GORENG
💰 [11:04:44 AM] TXN-1787889884412-200-984974
   Outlet 200 | Staff: Kumar Sanjay | 2 items | S$17.70
   🚨 OUT OF STOCK: LMT_ROTI_CANAI, BEV_MILO

📊 STATS:
   Total Sales: 1220
   Total Revenue: S$49369.43
   Avg Ticket: S$40.47
   Low Stock Alerts: 43
   Out of Stock: 1213
──────────────────────────────────────────────────
🛒 [11:04:50 AM] TXN-1787889890611-202-728607
   Outlet 202 | Staff: None | 5 items | S$78.47
   🚨 OUT OF STOCK: MNL_BEEG_HOON, BEV_LATTE, BEV_MILO, BEV_LATTE, BEV_ICED_TEA
💰 [11:04:57 AM] TXN-1787889897581-165-171692
   Outlet 165 | Staff: Lee Jia En | 1 items | S$15.34
   🚨 OUT OF STOCK: MNL_KWAY_TEOW
💰 [11:05:03 AM] TXN-1787889903570-200-664905
   Outlet 200 | Staff: Syaza Aina | 1 items | S$12.98
   🚨 OUT OF STOCK: MNL_RICE_BOWL
🛒 [11:05:09 AM] TXN-1787889909617-165-635022
   Outlet 165 | Staff: Lee Jia En | 5 items | S$47.20
   🚨 OUT OF STOCK: BEV_ICED_TEA, BEV_MILO, BEV_KOPI_O, BEV_ICED_TEA, MNL_LAKSA
💰 [11:05:16 AM] TXN-1787889916682-169-243075
   Outlet 169 | Staff: Muhd Danish Bin Razak | 2 items | S$12.98
   ⚠️ LOW STOCK: LMT_PRAWN_CRACKERS
   🚨 OUT OF STOCK: BEV_MILO
🛒 [11:05:23 AM] TXN-1787889923198-200-715406
   Outlet 200 | Staff: Kumar Sanjay | 3 items | S$34.81
   🚨 OUT OF STOCK: LMT_ROTI_CANAI, BEV_LATTE, BEV_KOPI_O
💰 [11:05:29 AM] TXN-1787889929670-169-768951
   Outlet 169 | Staff: Ng Jun Hao | 2 items | S$29.50
   🚨 OUT OF STOCK: MNL_RICE_BOWL, BEV_MILO
💰 [11:05:36 AM] TXN-1787889936009-164-938182
   Outlet 164 | Staff: Tan Jia Min | 1 items | S$10.03
   🚨 OUT OF STOCK: BEV_LATTE
💰 [11:05:41 AM] TXN-1787889941979-171-186145
   Outlet 171 | Staff: Chua Kai Xin | 1 items | S$7.67
   🚨 OUT OF STOCK: BEV_KOPI_O
💰 [11:05:48 AM] TXN-1787889948040-169-355845
   Outlet 169 | Staff: Ng Jun Hao | 1 items | S$10.03
   🚨 OUT OF STOCK: BEV_LATTE

📊 STATS:
   Total Sales: 1230
   Total Revenue: S$49628.44
   Avg Ticket: S$40.35
   Low Stock Alerts: 44
   Out of Stock: 1223
──────────────────────────────────────────────────
🛒 [11:05:54 AM] TXN-1787889954015-170-335485
   Outlet 170 | Staff: Tan Wei Ming | 3 items | S$43.66
   🚨 OUT OF STOCK: MNL_LAKSA, BEV_ICED_TEA, LMT_ROTI_CANAI
🛒 [11:06:00 AM] TXN-1787889960587-165-266886
   Outlet 165 | Staff: Ng Jun Hao | 5 items | S$35.99
   🚨 OUT OF STOCK: BEV_ORANGE_JUICE, BEV_ICED_TEA, LMT_PRAWN_CRACKERS, BEV_MILO, BEV_KOPI_O
🛒 [11:06:07 AM] TXN-1787889967798-164-645014
   Outlet 164 | Staff: Chua Kai Xin | 4 items | S$47.79
   🚨 OUT OF STOCK: BEV_MILO, BEV_LATTE, BEV_ICED_TEA, BEV_MILO
💰 [11:06:14 AM] TXN-1787889974628-202-969835
   Outlet 202 | Staff: None | 2 items | S$27.14
   🚨 OUT OF STOCK: LMT_ROTI_CANAI, BEV_ORANGE_JUICE
💰 [11:06:20 AM] TXN-1787889980907-170-235941
   Outlet 170 | Staff: Ng Jun Hao | 1 items | S$6.49
   🚨 OUT OF STOCK: BEV_ICED_TEA
🛒 [11:06:26 AM] TXN-1787889986977-167-965105
   Outlet 167 | Staff: Muhd Danish Bin Razak | 3 items | S$55.46
   🚨 OUT OF STOCK: LMT_SATE, BEV_ORANGE_JUICE, BEV_LATTE
🛒 [11:06:33 AM] TXN-1787889993555-168-335037
   Outlet 168 | Staff: Li Ying Zhi | 4 items | S$45.43
   🚨 OUT OF STOCK: LMT_ROTI_CANAI, BEV_MILO, BEV_LATTE, BEV_ORANGE_JUICE
🛒 [11:06:40 AM] TXN-1787890000286-168-528872
   Outlet 168 | Staff: Sanjay S/O Ramesh | 5 items | S$88.50
   🚨 OUT OF STOCK: MNL_BEEG_HOON, LMT_SATE, BEV_LATTE, BEV_KOPI_O, BEV_ICED_TEA
🛒 [11:06:47 AM] TXN-1787890007234-165-910530
   Outlet 165 | Staff: Ahmad Faiz Bin Hassan | 3 items | S$46.02
   🚨 OUT OF STOCK: MNL_RICE_BOWL, BEV_KOPI_O, BEV_ORANGE_JUICE
🛒 [11:06:53 AM] TXN-1787890013743-169-754547
   Outlet 169 | Staff: Koh Jia Yi | 5 items | S$45.43
   ⚠️ LOW STOCK: LMT_PRAWN_CRACKERS
   🚨 OUT OF STOCK: BEV_KOPI_O, BEV_ORANGE_JUICE, BEV_KOPI_O, BEV_ORANGE_JUICE

📊 STATS:
   Total Sales: 1240
   Total Revenue: S$50070.35
   Avg Ticket: S$40.38
   Low Stock Alerts: 45
   Out of Stock: 1233
──────────────────────────────────────────────────
💰 [11:07:00 AM] TXN-1787890020865-168-581267
   Outlet 168 | Staff: Nurul Huda Bte Ali | 1 items | S$16.52
   🚨 OUT OF STOCK: MNL_CHICKEN_RICE
🛒 [11:07:06 AM] TXN-1787890026867-171-793083
   Outlet 171 | Staff: Sanjay S/O Ramesh | 5 items | S$76.11
   🚨 OUT OF STOCK: MNL_RICE_BOWL, BEV_LATTE, BEV_KOPI_O, BEV_ORANGE_JUICE, BEV_LATTE
🛒 [11:07:14 AM] TXN-1787890034062-171-167812
   Outlet 171 | Staff: Nur Aisyah | 3 items | S$37.76
   🚨 OUT OF STOCK: LMT_MIE_GORENG, BEV_ICED_TEA, BEV_ICED_TEA
💰 [11:07:20 AM] TXN-1787890040521-164-319336
   Outlet 164 | Staff: Batch Staff 1 | 2 items | S$17.70
   🚨 OUT OF STOCK: BEV_ORANGE_JUICE, BEV_ORANGE_JUICE
🛒 [11:07:26 AM] TXN-1787890046768-164-396270
   Outlet 164 | Staff: Rajesh Kumar | 3 items | S$45.43
   🚨 OUT OF STOCK: MNL_CHICKEN_RICE, BEV_LATTE, BEV_ORANGE_JUICE
🛒 [11:07:33 AM] TXN-1787890053406-170-645632
   Outlet 170 | Staff: Tan Wei Ming | 4 items | S$37.17
   🚨 OUT OF STOCK: BEV_MILO, BEV_LATTE, BEV_LATTE, BEV_ORANGE_JUICE
🛒 [11:07:40 AM] TXN-1787890060060-201-810204
   Outlet 201 | Staff: None | 3 items | S$39.53
   🚨 OUT OF STOCK: BEV_ORANGE_JUICE, BEV_MILO, LMT_NASI_GORENG
🛒 [11:07:46 AM] TXN-1787890066512-200-971886
   Outlet 200 | Staff: Syaza Aina | 3 items | S$64.31
   🚨 OUT OF STOCK: BEV_LATTE, BEV_ORANGE_JUICE, MNL_LAKSA
💰 [11:07:53 AM] TXN-1787890073029-170-862206
   Outlet 170 | Staff: Ng Jun Hao | 2 items | S$27.73
   🚨 OUT OF STOCK: LMT_SATE, BEV_LATTE
🛒 [11:07:59 AM] TXN-1787890079267-171-337395
   Outlet 171 | Staff: Priya D/O Mani | 5 items | S$57.82
   🚨 OUT OF STOCK: BEV_ICED_TEA, LMT_SATE, LMT_PRAWN_CRACKERS, BEV_ORANGE_JUICE, BEV_KOPI_O

📊 STATS:
   Total Sales: 1250
   Total Revenue: S$50490.43
   Avg Ticket: S$40.39
   Low Stock Alerts: 45
   Out of Stock: 1243
──────────────────────────────────────────────────
💰 [11:08:06 AM] TXN-1787890086238-165-540048
   Outlet 165 | Staff: Tan Wei Ming | 1 items | S$14.16
   🚨 OUT OF STOCK: LMT_NASI_GORENG
🛒 [11:08:12 AM] TXN-1787890092312-167-386240
   Outlet 167 | Staff: Tan Wei Ming | 5 items | S$67.85
   🚨 OUT OF STOCK: MNL_RICE_BOWL, BEV_ORANGE_JUICE, BEV_ICED_TEA, BEV_KOPI_O, BEV_KOPI_O
🛒 [11:08:19 AM] TXN-1787890099346-168-763848
   Outlet 168 | Staff: Sanjay S/O Ramesh | 3 items | S$46.02
   🚨 OUT OF STOCK: BEV_ORANGE_JUICE, BEV_ICED_TEA, MNL_KWAY_TEOW
💰 [11:08:25 AM] TXN-1787890105830-170-311210
   Outlet 170 | Staff: Ng Jun Hao | 1 items | S$16.52
   🚨 OUT OF STOCK: MNL_CHICKEN_RICE
🛒 [11:08:31 AM] TXN-1787890111780-165-346617
   Outlet 165 | Staff: Tan Wei Ming | 3 items | S$47.79
   🚨 OUT OF STOCK: MNL_LAKSA, LMT_MIE_GORENG, BEV_ORANGE_JUICE
🛒 [11:08:38 AM] TXN-1787890118501-164-785472
   Outlet 164 | Staff: Chua Kai Xin | 4 items | S$40.12
   🚨 OUT OF STOCK: BEV_KOPI_O, BEV_MILO, BEV_MILO, BEV_KOPI_O
🛒 [11:08:45 AM] TXN-1787890125252-202-226791
   Outlet 202 | Staff: None | 4 items | S$69.62
   🚨 OUT OF STOCK: LMT_NASI_GORENG, LMT_ROTI_CANAI, MNL_CHICKEN_RICE, BEV_LATTE
🛒 [11:08:52 AM] TXN-1787890132095-201-980645
   Outlet 201 | Staff: None | 4 items | S$58.41
   🚨 OUT OF STOCK: BEV_MILO, BEV_LATTE, BEV_LATTE, BEV_LATTE
💰 [11:08:58 AM] TXN-1787890138867-167-580038
   Outlet 167 | Staff: Ahmad Faiz Bin Hassan | 1 items | S$4.72
   🚨 OUT OF STOCK: LMT_PRAWN_CRACKERS
💰 [11:09:04 AM] TXN-1787890144921-201-176351
   Outlet 201 | Staff: None | 1 items | S$10.03
   🚨 OUT OF STOCK: BEV_LATTE

📊 STATS:
   Total Sales: 1260
   Total Revenue: S$50865.67
   Avg Ticket: S$40.37
   Low Stock Alerts: 45
   Out of Stock: 1253
──────────────────────────────────────────────────
💰 [11:09:11 AM] TXN-1787890151004-170-551271
   Outlet 170 | Staff: Tan Wei Ming | 2 items | S$19.47
   🚨 OUT OF STOCK: BEV_ICED_TEA, BEV_ICED_TEA
🛒 [11:09:17 AM] TXN-1787890157358-201-663491
   Outlet 201 | Staff: None | 3 items | S$25.37
   🚨 OUT OF STOCK: BEV_ORANGE_JUICE, BEV_ORANGE_JUICE, BEV_KOPI_O
🛒 [11:09:23 AM] TXN-1787890163904-164-466916
   Outlet 164 | Staff: Ong Wei Jian | 4 items | S$53.10
   🚨 OUT OF STOCK: LMT_MIE_GORENG, BEV_ORANGE_JUICE, BEV_ICED_TEA, MNL_RICE_BOWL
💰 [11:09:30 AM] TXN-1787890170804-169-159915
   Outlet 169 | Staff: Ng Jun Hao | 2 items | S$21.83
   🚨 OUT OF STOCK: BEV_ICED_TEA, BEV_KOPI_O
🛒 [11:09:37 AM] TXN-1787890177043-168-371965
   Outlet 168 | Staff: Li Ying Zhi | 3 items | S$43.07
   🚨 OUT OF STOCK: BEV_ORANGE_JUICE, BEV_MILO, LMT_SATE
💰 [11:09:43 AM] TXN-1787890183522-201-733855
   Outlet 201 | Staff: None | 2 items | S$30.68
   🚨 OUT OF STOCK: LMT_NASI_GORENG, BEV_MILO
💰 [11:09:49 AM] TXN-1787890189838-171-582846
   Outlet 171 | Staff: Tan Wei Ming | 2 items | S$34.22
   🚨 OUT OF STOCK: MNL_CHICKEN_RICE, BEV_ORANGE_JUICE
💰 [11:09:56 AM] TXN-1787890196226-169-427433
   Outlet 169 | Staff: Ng Jun Hao | 1 items | S$8.85
   🚨 OUT OF STOCK: BEV_ORANGE_JUICE
🛒 [11:10:02 AM] TXN-1787890202298-168-635229
   Outlet 168 | Staff: Li Ying Zhi | 4 items | S$40.12
   🚨 OUT OF STOCK: MNL_RICE_BOWL, BEV_KOPI_O, BEV_ICED_TEA, BEV_ICED_TEA
🛒 [11:10:09 AM] TXN-1787890209452-164-530832
   Outlet 164 | Staff: Chua Kai Xin | 3 items | S$37.76
   🚨 OUT OF STOCK: LMT_ROTI_CANAI, BEV_LATTE, BEV_MILO

📊 STATS:
   Total Sales: 1270
   Total Revenue: S$51180.14
   Avg Ticket: S$40.30
   Low Stock Alerts: 45
   Out of Stock: 1263
──────────────────────────────────────────────────
💰 [11:10:16 AM] TXN-1787890216749-169-393643
   Outlet 169 | Staff: Ng Jun Hao | 1 items | S$11.80
   🚨 OUT OF STOCK: LMT_MIE_GORENG
🛒 [11:10:23 AM] TXN-1787890223407-165-888669
   Outlet 165 | Staff: Ng Jun Hao | 5 items | S$99.12
   🚨 OUT OF STOCK: MNL_KWAY_TEOW, LMT_SATE, BEV_ICED_TEA, BEV_LATTE, BEV_KOPI_O
🛒 [11:10:31 AM] TXN-1787890231267-164-896777
   Outlet 164 | Staff: Ng Jun Hao | 4 items | S$43.66
   🚨 OUT OF STOCK: LMT_ROTI_CANAI, BEV_MILO, BEV_MILO
🛒 [11:10:38 AM] TXN-1787890238688-202-605248
   Outlet 202 | Staff: None | 5 items | S$49.56
   🚨 OUT OF STOCK: BEV_ICED_TEA, BEV_KOPI_O, BEV_ORANGE_JUICE, BEV_ICED_TEA, BEV_LATTE
💰 [11:10:46 AM] TXN-1787890246283-170-504272
   Outlet 170 | Staff: Tan Wei Ming | 2 items | S$31.86
   🚨 OUT OF STOCK: MNL_KWAY_TEOW, BEV_MILO
💰 [11:10:52 AM] TXN-1787890252517-165-173500
   Outlet 165 | Staff: Tan Wei Ming | 2 items | S$24.19
   🚨 OUT OF STOCK: MNL_CHICKEN_RICE, BEV_KOPI_O
🛒 [11:10:58 AM] TXN-1787890258739-171-750888
   Outlet 171 | Staff: Nurul Huda Bte Ali | 5 items | S$47.79
   🚨 OUT OF STOCK: MNL_KWAY_TEOW, BEV_MILO, BEV_MILO, BEV_KOPI_O, BEV_MILO
💰 [11:11:05 AM] TXN-1787890265680-165-200238
   Outlet 165 | Staff: Tan Wei Ming | 2 items | S$19.47
   🚨 OUT OF STOCK: BEV_LATTE, LMT_ROTI_CANAI
🛒 [11:11:11 AM] TXN-1787890271968-200-307274
   Outlet 200 | Staff: Syaza Aina | 4 items | S$60.18
   🚨 OUT OF STOCK: MNL_CHICKEN_RICE, BEV_ICED_TEA, BEV_KOPI_O, BEV_KOPI_O
🛒 [11:11:18 AM] TXN-1787890278686-171-177709
   Outlet 171 | Staff: Tan Mei Hua | 4 items | S$37.17
   🚨 OUT OF STOCK: BEV_ICED_TEA, LMT_PRAWN_CRACKERS, LMT_NASI_GORENG, LMT_MIE_GORENG

📊 STATS:
   Total Sales: 1280
   Total Revenue: S$51604.94
   Avg Ticket: S$40.32
   Low Stock Alerts: 45
   Out of Stock: 1273
──────────────────────────────────────────────────
💰 [11:11:25 AM] TXN-1787890285415-171-501830
   Outlet 171 | Staff: Tan Mei Hua | 2 items | S$32.45
   🚨 OUT OF STOCK: MNL_LAKSA, LMT_NASI_GORENG
🛒 [11:11:31 AM] TXN-1787890291602-167-684625
   Outlet 167 | Staff: Sanjay S/O Ramesh | 5 items | S$48.97
   🚨 OUT OF STOCK: LMT_PRAWN_CRACKERS, LMT_PRAWN_CRACKERS, BEV_ORANGE_JUICE, BEV_ICED_TEA, BEV_ORANGE_JUICE
🛒 [11:11:38 AM] TXN-1787890298733-200-905885
   Outlet 200 | Staff: Syaza Aina | 4 items | S$49.56
   🚨 OUT OF STOCK: LMT_MIE_GORENG, BEV_LATTE, BEV_LATTE, BEV_ORANGE_JUICE
🛒 [11:11:45 AM] TXN-1787890305787-171-501553
   Outlet 171 | Staff: Ng Jun Hao | 3 items | S$41.30
   🚨 OUT OF STOCK: LMT_ROTI_CANAI, BEV_LATTE, LMT_MIE_GORENG
💰 [11:11:52 AM] TXN-1787890312313-168-259078
   Outlet 168 | Staff: Li Ying Zhi | 1 items | S$7.67
   🚨 OUT OF STOCK: BEV_KOPI_O
💰 [11:11:58 AM] TXN-1787890318401-168-282396
   Outlet 168 | Staff: Ng Jun Hao | 1 items | S$17.70
   🚨 OUT OF STOCK: LMT_SATE
🛒 [11:12:04 AM] TXN-1787890324434-167-892581
   Outlet 167 | Staff: Tan Wei Ming | 3 items | S$25.37
   🚨 OUT OF STOCK: BEV_KOPI_O, LMT_PRAWN_CRACKERS, BEV_ICED_TEA
💰 [11:12:10 AM] TXN-1787890330934-202-758297
   Outlet 202 | Staff: None | 2 items | S$25.37
   🚨 OUT OF STOCK: BEV_LATTE, MNL_KWAY_TEOW
🛒 [11:12:17 AM] TXN-1787890337254-171-788587
   Outlet 171 | Staff: Lee Jia En | 5 items | S$61.36
   🚨 OUT OF STOCK: BEV_LATTE, BEV_ICED_TEA, MNL_KWAY_TEOW, LMT_NASI_GORENG, BEV_KOPI_O
💰 [11:12:24 AM] TXN-1787890344321-171-242491
   Outlet 171 | Staff: Sanjay S/O Ramesh | 1 items | S$8.85
   🚨 OUT OF STOCK: BEV_ORANGE_JUICE

📊 STATS:
   Total Sales: 1290
   Total Revenue: S$51923.54
   Avg Ticket: S$40.25
   Low Stock Alerts: 45
   Out of Stock: 1283
──────────────────────────────────────────────────
💰 [11:12:30 AM] TXN-1787890350283-165-798033
   Outlet 165 | Staff: Tan Wei Ming | 2 items | S$26.55
   ❌ Webhook failed: 408
🛒 [11:12:40 AM] TXN-1787890360458-201-714053
   Outlet 201 | Staff: None | 4 items | S$57.82
   ⚠️ LOW STOCK: LMT_PRAWN_CRACKERS
   🚨 OUT OF STOCK: LMT_NASI_GORENG, LMT_SATE, MNL_CHICKEN_RICE
💰 [11:12:49 AM] TXN-1787890369501-167-826415
   Outlet 167 | Staff: Ng Jun Hao | 2 items | S$28.32
   🚨 OUT OF STOCK: MNL_KWAY_TEOW, MNL_RICE_BOWL
🛒 [11:12:55 AM] TXN-1787890375807-169-178130
   Outlet 169 | Staff: Tan Wei Ming | 3 items | S$38.94
   🚨 OUT OF STOCK: LMT_NASI_GORENG, BEV_MILO, BEV_MILO
🛒 [11:13:02 AM] TXN-1787890382282-165-591436
   Outlet 165 | Staff: Tan Wei Ming | 4 items | S$52.51
   🚨 OUT OF STOCK: MNL_KWAY_TEOW, BEV_LATTE, BEV_ORANGE_JUICE, BEV_MILO
🛒 [11:13:08 AM] TXN-1787890388964-202-437171
   Outlet 202 | Staff: None | 5 items | S$54.87
   🚨 OUT OF STOCK: BEV_ICED_TEA, BEV_ORANGE_JUICE, BEV_MILO, BEV_KOPI_O, BEV_ICED_TEA
🛒 [11:13:15 AM] TXN-1787890395945-164-622063
   Outlet 164 | Staff: Tan Jia Min | 4 items | S$51.33
   🚨 OUT OF STOCK: BEV_ICED_TEA, BEV_KOPI_O, BEV_ICED_TEA, BEV_MILO
🛒 [11:13:22 AM] TXN-1787890402645-169-964133
   Outlet 169 | Staff: Tan Wei Ming | 4 items | S$76.70
   🚨 OUT OF STOCK: LMT_ROTI_CANAI, MNL_LAKSA, LMT_SATE, BEV_ICED_TEA
🛒 [11:13:29 AM] TXN-1787890409461-169-664678
   Outlet 169 | Staff: Ng Jun Hao | 4 items | S$49.56
   🚨 OUT OF STOCK: BEV_ORANGE_JUICE, BEV_KOPI_O, BEV_MILO, BEV_ORANGE_JUICE
💰 [11:13:36 AM] TXN-1787890416242-171-865655
   Outlet 171 | Staff: Muhd Danish Bin Razak | 2 items | S$29.50
   🚨 OUT OF STOCK: LMT_MIE_GORENG, BEV_ORANGE_JUICE

📊 STATS:
   Total Sales: 1300
   Total Revenue: S$52389.64
   Avg Ticket: S$40.30
   Low Stock Alerts: 46
   Out of Stock: 1292
──────────────────────────────────────────────────
🛒 [11:13:42 AM] TXN-1787890422430-170-438288
   Outlet 170 | Staff: Tan Wei Ming | 4 items | S$48.97
   🚨 OUT OF STOCK: MNL_RICE_BOWL, BEV_ICED_TEA, BEV_ICED_TEA, BEV_LATTE
🛒 [11:13:49 AM] TXN-1787890429129-200-748373
   Outlet 200 | Staff: Priya D/O Mani | 4 items | S$43.66
   🚨 OUT OF STOCK: LMT_SATE, LMT_ROTI_CANAI, BEV_MILO, BEV_MILO
💰 [11:13:55 AM] TXN-1787890435878-168-414517
   Outlet 168 | Staff: Nurul Huda Bte Ali | 2 items | S$23.01
   🚨 OUT OF STOCK: LMT_PRAWN_CRACKERS, MNL_LAKSA
🛒 [11:14:02 AM] TXN-1787890442081-170-801582
   Outlet 170 | Staff: Lim Pei Ling | 5 items | S$63.13
   🚨 OUT OF STOCK: BEV_LATTE, BEV_ORANGE_JUICE, BEV_MILO, BEV_KOPI_O, BEV_LATTE
💰 [11:14:09 AM] TXN-1787890449086-170-625592
   Outlet 170 | Staff: Rajesh Kumar | 1 items | S$4.72
   ⚠️ LOW STOCK: LMT_PRAWN_CRACKERS
🛒 [11:14:15 AM] TXN-1787890455266-170-376244
   Outlet 170 | Staff: Muhd Danish Bin Razak | 3 items | S$30.09
   🚨 OUT OF STOCK: MNL_RICE_BOWL, BEV_MILO, BEV_ORANGE_JUICE
🛒 [11:14:21 AM] TXN-1787890461836-200-110814
   Outlet 200 | Staff: Priya D/O Mani | 4 items | S$52.51
   🚨 OUT OF STOCK: BEV_KOPI_O, BEV_MILO, BEV_LATTE, BEV_MILO
💰 [11:14:28 AM] TXN-1787890468676-167-382130
   Outlet 167 | Staff: Rajesh Kumar | 2 items | S$35.40
   🚨 OUT OF STOCK: MNL_KWAY_TEOW, BEV_LATTE
🛒 [11:14:34 AM] TXN-1787890474880-170-710376
   Outlet 170 | Staff: Lee Jia En | 4 items | S$39.53
   🚨 OUT OF STOCK: BEV_LATTE, BEV_MILO, BEV_ICED_TEA, BEV_ICED_TEA
🛒 [11:14:41 AM] TXN-1787890481629-164-188806
   Outlet 164 | Staff: Chua Kai Xin | 4 items | S$50.74
   🚨 OUT OF STOCK: BEV_MILO, BEV_MILO, BEV_MILO, BEV_ORANGE_JUICE

📊 STATS:
   Total Sales: 1310
   Total Revenue: S$52781.40
   Avg Ticket: S$40.29
   Low Stock Alerts: 47
   Out of Stock: 1301
──────────────────────────────────────────────────
🛒 [11:14:48 AM] TXN-1787890488472-168-325790
   Outlet 168 | Staff: Lee Jia En | 4 items | S$41.30
   🚨 OUT OF STOCK: LMT_PRAWN_CRACKERS, BEV_ICED_TEA, BEV_MILO, BEV_KOPI_O
🛒 [11:14:55 AM] TXN-1787890495279-202-563000
   Outlet 202 | Staff: None | 5 items | S$40.12
   🚨 OUT OF STOCK: BEV_ORANGE_JUICE, BEV_MILO, BEV_ICED_TEA, BEV_ICED_TEA, BEV_LATTE
🛒 [11:15:02 AM] TXN-1787890502296-202-625793
   Outlet 202 | Staff: None | 4 items | S$56.64
   🚨 OUT OF STOCK: MNL_BEEG_HOON, BEV_KOPI_O, BEV_LATTE, BEV_LATTE
🛒 [11:15:09 AM] TXN-1787890509199-167-154391
   Outlet 167 | Staff: Ng Jun Hao | 5 items | S$56.64
   🚨 OUT OF STOCK: MNL_CHICKEN_RICE, BEV_ICED_TEA, BEV_LATTE, BEV_KOPI_O, BEV_MILO
💰 [11:15:16 AM] TXN-1787890516371-168-367296
   Outlet 168 | Staff: Priya D/O Mani | 1 items | S$12.98
   🚨 OUT OF STOCK: MNL_RICE_BOWL
🛒 [11:15:22 AM] TXN-1787890522350-169-563743
   Outlet 169 | Staff: Sanjay S/O Ramesh | 4 items | S$60.77
   🚨 OUT OF STOCK: LMT_MIE_GORENG, MNL_RICE_BOWL, BEV_KOPI_O, BEV_KOPI_O
💰 [11:15:29 AM] TXN-1787890529133-169-308838
   Outlet 169 | Staff: Tan Wei Ming | 2 items | S$14.16
   🚨 OUT OF STOCK: BEV_KOPI_O, BEV_ICED_TEA
🛒 [11:15:35 AM] TXN-1787890535326-170-451775
   Outlet 170 | Staff: Tan Wei Ming | 4 items | S$51.92
   🚨 OUT OF STOCK: MNL_RICE_BOWL, BEV_MILO, BEV_ORANGE_JUICE, BEV_ICED_TEA
🛒 [11:15:42 AM] TXN-1787890542004-169-811598
   Outlet 169 | Staff: Lee Jia En | 3 items | S$37.17
   🚨 OUT OF STOCK: MNL_RICE_BOWL, BEV_KOPI_O, BEV_MILO
💰 [11:15:48 AM] TXN-1787890548511-164-771612
   Outlet 164 | Staff: Rajesh Kumar | 2 items | S$30.68
   🚨 OUT OF STOCK: LMT_NASI_GORENG, BEV_MILO

📊 STATS:
   Total Sales: 1320
   Total Revenue: S$53183.78
   Avg Ticket: S$40.29
   Low Stock Alerts: 47
   Out of Stock: 1311
──────────────────────────────────────────────────
💰 [11:15:54 AM] TXN-1787890554707-169-554682
   Outlet 169 | Staff: Sanjay S/O Ramesh | 2 items | S$19.47
   🚨 OUT OF STOCK: MNL_RICE_BOWL, BEV_ICED_TEA
🛒 [11:16:00 AM] TXN-1787890560963-167-215661
   Outlet 167 | Staff: Ahmad Faiz Bin Hassan | 4 items | S$54.28
   🚨 OUT OF STOCK: MNL_BEEG_HOON, BEV_LATTE, BEV_KOPI_O, BEV_LATTE
💰 [11:16:08 AM] TXN-1787890568302-202-111204
   Outlet 202 | Staff: None | 2 items | S$33.04
   🚨 OUT OF STOCK: MNL_RICE_BOWL, BEV_LATTE
💰 [11:16:14 AM] TXN-1787890574501-169-437323
   Outlet 169 | Staff: Muhd Danish Bin Razak | 2 items | S$24.78
   🚨 OUT OF STOCK: BEV_MILO, BEV_MILO
🛒 [11:16:20 AM] TXN-1787890580807-171-266827
   Outlet 171 | Staff: Muhd Danish Bin Razak | 3 items | S$38.35
   🚨 OUT OF STOCK: MNL_KWAY_TEOW, BEV_ICED_TEA, BEV_LATTE
💰 [11:16:27 AM] TXN-1787890587344-200-471589
   Outlet 200 | Staff: Priya D/O Mani | 2 items | S$18.29
   🚨 OUT OF STOCK: BEV_MILO, BEV_LATTE
💰 [11:16:33 AM] TXN-1787890593556-164-866138
   Outlet 164 | Staff: Batch Staff 1 | 2 items | S$18.29
   🚨 OUT OF STOCK: BEV_ICED_TEA, LMT_MIE_GORENG
🛒 [11:16:39 AM] TXN-1787890599875-165-991798
   Outlet 165 | Staff: Lee Jia En | 4 items | S$35.40
   🚨 OUT OF STOCK: BEV_LATTE, BEV_ORANGE_JUICE, BEV_KOPI_O, BEV_ORANGE_JUICE
🛒 [11:16:46 AM] TXN-1787890606609-202-471627
   Outlet 202 | Staff: None | 3 items | S$30.68
   🚨 OUT OF STOCK: LMT_PRAWN_CRACKERS, BEV_MILO, LMT_SATE
🛒 [11:16:53 AM] TXN-1787890613319-169-944507
   Outlet 169 | Staff: Lee Jia En | 3 items | S$34.22
   🚨 OUT OF STOCK: LMT_SATE, BEV_LATTE, BEV_ICED_TEA

📊 STATS:
   Total Sales: 1330
   Total Revenue: S$53490.58
   Avg Ticket: S$40.22
   Low Stock Alerts: 47
   Out of Stock: 1321
──────────────────────────────────────────────────
🛒 [11:16:59 AM] TXN-1787890619753-169-445196
   Outlet 169 | Staff: Lee Jia En | 3 items | S$34.81
   🚨 OUT OF STOCK: MNL_RICE_BOWL, BEV_KOPI_O, BEV_ICED_TEA
💰 [11:17:06 AM] TXN-1787890626359-164-306273
   Outlet 164 | Staff: Chua Kai Xin | 1 items | S$6.49
   🚨 OUT OF STOCK: BEV_ICED_TEA
🛒 [11:17:12 AM] TXN-1787890632341-200-668423
   Outlet 200 | Staff: Priya D/O Mani | 5 items | S$76.11
   🚨 OUT OF STOCK: MNL_RICE_BOWL, LMT_SATE, BEV_KOPI_O, BEV_LATTE, BEV_LATTE
🛒 [11:17:19 AM] TXN-1787890639557-168-384259
   Outlet 168 | Staff: Ng Jun Hao | 4 items | S$50.15
   🚨 OUT OF STOCK: BEV_LATTE, LMT_MIE_GORENG, BEV_KOPI_O, BEV_ORANGE_JUICE
🛒 [11:17:26 AM] TXN-1787890646342-200-727025
   Outlet 200 | Staff: Kumar Sanjay | 3 items | S$42.48
   🚨 OUT OF STOCK: LMT_ROTI_CANAI, BEV_KOPI_O, BEV_ORANGE_JUICE
🛒 [11:17:32 AM] TXN-1787890652847-200-931136
   Outlet 200 | Staff: Priya D/O Mani | 5 items | S$60.18
   🚨 OUT OF STOCK: BEV_ORANGE_JUICE, BEV_MILO, MNL_BEEG_HOON, BEV_KOPI_O, BEV_ORANGE_JUICE
🛒 [11:17:40 AM] TXN-1787890660194-200-439304
   Outlet 200 | Staff: Syaza Aina | 4 items | S$74.34
   🚨 OUT OF STOCK: MNL_BEEG_HOON, BEV_KOPI_O, BEV_LATTE, BEV_LATTE
🛒 [11:17:47 AM] TXN-1787890667017-165-772526
   Outlet 165 | Staff: Ahmad Faiz Bin Hassan | 5 items | S$70.21
   🚨 OUT OF STOCK: MNL_BEEG_HOON, BEV_LATTE, LMT_ROTI_CANAI, BEV_ORANGE_JUICE, BEV_ICED_TEA
🛒 [11:17:54 AM] TXN-1787890674453-202-621291
   Outlet 202 | Staff: None | 5 items | S$76.70
   🚨 OUT OF STOCK: LMT_PRAWN_CRACKERS, BEV_KOPI_O, BEV_KOPI_O, LMT_MIE_GORENG, BEV_ORANGE_JUICE
💰 [11:18:01 AM] TXN-1787890681679-169-876910
   Outlet 169 | Staff: Tan Wei Ming | 2 items | S$34.22
   🚨 OUT OF STOCK: MNL_BEEG_HOON, BEV_KOPI_O

📊 STATS:
   Total Sales: 1340
   Total Revenue: S$54016.27
   Avg Ticket: S$40.31
   Low Stock Alerts: 47
   Out of Stock: 1331
──────────────────────────────────────────────────
🛒 [11:18:08 AM] TXN-1787890688207-168-672347
   Outlet 168 | Staff: Li Ying Zhi | 4 items | S$61.95
   🚨 OUT OF STOCK: MNL_CHICKEN_RICE, LMT_NASI_GORENG, BEV_ORANGE_JUICE, BEV_MILO
🛒 [11:18:15 AM] TXN-1787890695111-164-628039
   Outlet 164 | Staff: Tan Jia Min | 4 items | S$63.72
   🚨 OUT OF STOCK: BEV_ICED_TEA, MNL_RICE_BOWL, BEV_KOPI_O, MNL_LAKSA
🛒 [11:18:22 AM] TXN-1787890702018-171-377684
   Outlet 171 | Staff: Nurul Huda Bte Ali | 4 items | S$62.54
   🚨 OUT OF STOCK: LMT_MIE_GORENG, LMT_ROTI_CANAI, BEV_KOPI_O, BEV_MILO
💰 [11:18:28 AM] TXN-1787890708820-170-678607
   Outlet 170 | Staff: Ng Jun Hao | 2 items | S$22.42
   🚨 OUT OF STOCK: LMT_ROTI_CANAI, BEV_ICED_TEA
🛒 [11:18:35 AM] TXN-1787890715094-170-628304
   Outlet 170 | Staff: Tan Wei Ming | 3 items | S$48.97
   🚨 OUT OF STOCK: MNL_LAKSA, BEV_ICED_TEA, BEV_ORANGE_JUICE
🛒 [11:18:41 AM] TXN-1787890721800-201-446649
   Outlet 201 | Staff: None | 3 items | S$57.82
   🚨 OUT OF STOCK: LMT_SATE, BEV_LATTE, BEV_LATTE
🛒 [11:18:48 AM] TXN-1787890728582-201-163528
   Outlet 201 | Staff: None | 3 items | S$34.22
   🚨 OUT OF STOCK: MNL_BEEG_HOON, BEV_ORANGE_JUICE, BEV_ICED_TEA
💰 [11:18:55 AM] TXN-1787890735072-171-216159
   Outlet 171 | Staff: Chua Kai Xin | 2 items | S$34.22
   🚨 OUT OF STOCK: MNL_BEEG_HOON, BEV_KOPI_O
💰 [11:19:01 AM] TXN-1787890741286-171-829733
   Outlet 171 | Staff: Rajesh Kumar | 2 items | S$28.32
   🚨 OUT OF STOCK: MNL_RICE_BOWL, BEV_KOPI_O
🛒 [11:19:10 AM] TXN-1787890750544-167-943489
   Outlet 167 | Staff: Ahmad Faiz Bin Hassan | 4 items | S$54.28
   🚨 OUT OF STOCK: LMT_ROTI_CANAI, LMT_ROTI_CANAI, BEV_ORANGE_JUICE, BEV_ORANGE_JUICE

📊 STATS:
   Total Sales: 1350
   Total Revenue: S$54484.73
   Avg Ticket: S$40.36
   Low Stock Alerts: 47
   Out of Stock: 1341
──────────────────────────────────────────────────
🛒 [11:19:17 AM] TXN-1787890757680-164-495301
   Outlet 164 | Staff: Chua Kai Xin | 3 items | S$45.43
   🚨 OUT OF STOCK: BEV_ORANGE_JUICE, BEV_MILO, BEV_LATTE
🛒 [11:19:24 AM] TXN-1787890764458-168-322866
   Outlet 168 | Staff: Lee Jia En | 3 items | S$66.08
   🚨 OUT OF STOCK: LMT_NASI_GORENG, MNL_LAKSA, BEV_KOPI_O
🛒 [11:19:31 AM] TXN-1787890771007-170-236005
   Outlet 170 | Staff: Tan Wei Ming | 5 items | S$47.20
   🚨 OUT OF STOCK: BEV_ORANGE_JUICE, BEV_ICED_TEA, BEV_KOPI_O, BEV_KOPI_O, BEV_ORANGE_JUICE
🛒 [11:19:38 AM] TXN-1787890778094-164-337793
   Outlet 164 | Staff: Tan Jia Min | 4 items | S$62.54
   🚨 OUT OF STOCK: MNL_RICE_BOWL, BEV_LATTE, BEV_MILO, MNL_RICE_BOWL
💰 [11:19:44 AM] TXN-1787890784936-168-370417
   Outlet 168 | Staff: Sanjay S/O Ramesh | 1 items | S$16.52
   🚨 OUT OF STOCK: MNL_CHICKEN_RICE
🛒 [11:19:50 AM] TXN-1787890790863-200-917876
   Outlet 200 | Staff: Kumar Sanjay | 4 items | S$66.08
   🚨 OUT OF STOCK: LMT_ROTI_CANAI, BEV_ICED_TEA, MNL_RICE_BOWL, BEV_ORANGE_JUICE
🛒 [11:19:57 AM] TXN-1787890797623-169-866438
   Outlet 169 | Staff: Muhd Danish Bin Razak | 4 items | S$45.43
   🚨 OUT OF STOCK: BEV_LATTE, BEV_ICED_TEA, BEV_ORANGE_JUICE, BEV_LATTE
🛒 [11:20:04 AM] TXN-1787890804414-168-613793
   Outlet 168 | Staff: Tan Wei Ming | 4 items | S$76.70
   🚨 OUT OF STOCK: MNL_LAKSA, MNL_LAKSA, BEV_LATTE, BEV_LATTE
🛒 [11:20:11 AM] TXN-1787890811131-202-636719
   Outlet 202 | Staff: None | 3 items | S$37.17
   🚨 OUT OF STOCK: LMT_ROTI_CANAI, BEV_LATTE, BEV_ORANGE_JUICE
💰 [11:20:17 AM] TXN-1787890817970-171-707460
   Outlet 171 | Staff: Nurul Huda Bte Ali | 1 items | S$18.29
   🚨 OUT OF STOCK: MNL_LAKSA

📊 STATS:
   Total Sales: 1360
   Total Revenue: S$54966.17
   Avg Ticket: S$40.42
   Low Stock Alerts: 47
   Out of Stock: 1351
──────────────────────────────────────────────────
🛒 [11:20:23 AM] TXN-1787890823986-168-932932
   Outlet 168 | Staff: Sanjay S/O Ramesh | 5 items | S$53.10
   🚨 OUT OF STOCK: BEV_ICED_TEA, BEV_MILO, BEV_ICED_TEA, LMT_ROTI_CANAI, BEV_ICED_TEA
🛒 [11:20:30 AM] TXN-1787890830973-167-478478
   Outlet 167 | Staff: Tan Wei Ming | 4 items | S$52.51
   🚨 OUT OF STOCK: LMT_SATE, BEV_MILO, BEV_ORANGE_JUICE, BEV_ORANGE_JUICE
🛒 [11:20:37 AM] TXN-1787890837722-168-300155
   Outlet 168 | Staff: Sanjay S/O Ramesh | 3 items | S$24.78
   🚨 OUT OF STOCK: BEV_MILO, BEV_ICED_TEA, BEV_LATTE
🛒 [11:20:44 AM] TXN-1787890844191-202-478711
   Outlet 202 | Staff: None | 4 items | S$49.56
   🚨 OUT OF STOCK: BEV_ICED_TEA, BEV_ORANGE_JUICE, BEV_ORANGE_JUICE, BEV_MILO
🛒 [11:20:51 AM] TXN-1787890851213-165-396789
   Outlet 165 | Staff: Lee Jia En | 3 items | S$36.58
   🚨 OUT OF STOCK: LMT_PRAWN_CRACKERS, BEV_MILO, MNL_KWAY_TEOW
💰 [11:20:57 AM] TXN-1787890857769-168-558526
   Outlet 168 | Staff: Sanjay S/O Ramesh | 2 items | S$21.24
   🚨 OUT OF STOCK: LMT_MIE_GORENG, LMT_ROTI_CANAI
🛒 [11:21:04 AM] TXN-1787890864071-170-401202
   Outlet 170 | Staff: Tan Wei Ming | 5 items | S$60.77
   🚨 OUT OF STOCK: MNL_RICE_BOWL, LMT_MIE_GORENG, BEV_KOPI_O, BEV_KOPI_O, BEV_ORANGE_JUICE
🛒 [11:21:11 AM] TXN-1787890871148-200-704879
   Outlet 200 | Staff: Kumar Sanjay | 5 items | S$105.02
   🚨 OUT OF STOCK: BEV_MILO, MNL_KWAY_TEOW, BEV_LATTE, BEV_ORANGE_JUICE, LMT_NASI_GORENG
🛒 [11:21:18 AM] TXN-1787890878251-167-354819
   Outlet 167 | Staff: Muhd Danish Bin Razak | 5 items | S$61.95
   🚨 OUT OF STOCK: MNL_LAKSA, LMT_PRAWN_CRACKERS, BEV_KOPI_O, BEV_MILO, BEV_LATTE
🛒 [11:21:25 AM] TXN-1787890885622-167-346356
   Outlet 167 | Staff: Ng Jun Hao | 3 items | S$34.81
   🚨 OUT OF STOCK: BEV_ICED_TEA, LMT_MIE_GORENG, MNL_CHICKEN_RICE

📊 STATS:
   Total Sales: 1370
   Total Revenue: S$55466.49
   Avg Ticket: S$40.49
   Low Stock Alerts: 47
   Out of Stock: 1361
──────────────────────────────────────────────────
🛒 [11:21:32 AM] TXN-1787890892125-165-398637
   Outlet 165 | Staff: Tan Wei Ming | 5 items | S$62.54
   🚨 OUT OF STOCK: MNL_LAKSA, MNL_LAKSA, BEV_LATTE, BEV_MILO, BEV_KOPI_O
🛒 [11:21:39 AM] TXN-1787890899203-165-112934
   Outlet 165 | Staff: Tan Wei Ming | 4 items | S$41.30
   🚨 OUT OF STOCK: MNL_LAKSA, BEV_KOPI_O, BEV_KOPI_O, BEV_KOPI_O
🛒 [11:21:46 AM] TXN-1787890906020-202-990736
   Outlet 202 | Staff: None | 3 items | S$34.22
   🚨 OUT OF STOCK: BEV_KOPI_O, BEV_LATTE, BEV_ICED_TEA
💰 [11:21:52 AM] TXN-1787890912662-165-540543
   Outlet 165 | Staff: Tan Wei Ming | 2 items | S$28.32
   🚨 OUT OF STOCK: MNL_LAKSA, BEV_LATTE
🛒 [11:21:59 AM] TXN-1787890919047-167-157858
   Outlet 167 | Staff: Sanjay S/O Ramesh | 3 items | S$45.43
   🚨 OUT OF STOCK: LMT_SATE, BEV_ORANGE_JUICE, BEV_LATTE
🛒 [11:22:05 AM] TXN-1787890925565-168-572190
   Outlet 168 | Staff: Li Ying Zhi | 5 items | S$57.23
   🚨 OUT OF STOCK: BEV_MILO, BEV_ICED_TEA, BEV_ORANGE_JUICE, BEV_MILO, BEV_MILO
💰 [11:22:12 AM] TXN-1787890932835-201-149795
   Outlet 201 | Staff: None | 2 items | S$25.37
   🚨 OUT OF STOCK: BEV_ORANGE_JUICE, BEV_MILO
🛒 [11:22:19 AM] TXN-1787890939255-168-844851
   Outlet 168 | Staff: Sanjay S/O Ramesh | 5 items | S$87.91
   🚨 OUT OF STOCK: MNL_CHICKEN_RICE, BEV_MILO, BEV_LATTE, LMT_SATE, BEV_KOPI_O
💰 [11:22:26 AM] TXN-1787890946458-169-842890
   Outlet 169 | Staff: Ng Jun Hao | 1 items | S$18.88
   🚨 OUT OF STOCK: MNL_BEEG_HOON
🛒 [11:22:32 AM] TXN-1787890952516-165-752885
   Outlet 165 | Staff: Tan Wei Ming | 4 items | S$48.97
   🚨 OUT OF STOCK: LMT_NASI_GORENG, BEV_ICED_TEA, BEV_ICED_TEA, BEV_ORANGE_JUICE

📊 STATS:
   Total Sales: 1380
   Total Revenue: S$55916.66
   Avg Ticket: S$40.52
   Low Stock Alerts: 47
   Out of Stock: 1371
──────────────────────────────────────────────────
💰 [11:22:39 AM] TXN-1787890959390-169-789659
   Outlet 169 | Staff: Muhd Danish Bin Razak | 1 items | S$11.80
   🚨 OUT OF STOCK: LMT_MIE_GORENG
🛒 [11:22:45 AM] TXN-1787890965418-202-920862
   Outlet 202 | Staff: None | 4 items | S$60.18
   🚨 OUT OF STOCK: LMT_MIE_GORENG, MNL_BEEG_HOON, BEV_ICED_TEA, BEV_MILO
🛒 [11:22:52 AM] TXN-1787890972193-168-586983
   Outlet 168 | Staff: Tan Wei Ming | 4 items | S$71.98
   🚨 OUT OF STOCK: MNL_BEEG_HOON, BEV_KOPI_O, MNL_BEEG_HOON, BEV_KOPI_O
🛒 [11:22:59 AM] TXN-1787890979295-165-307927
   Outlet 165 | Staff: Lee Jia En | 4 items | S$60.18
   🚨 OUT OF STOCK: LMT_MIE_GORENG, BEV_MILO, BEV_KOPI_O, BEV_MILO
🛒 [11:23:06 AM] TXN-1787890986151-202-957774
   Outlet 202 | Staff: None | 3 items | S$25.37
   🚨 OUT OF STOCK: BEV_ICED_TEA, BEV_ORANGE_JUICE, BEV_LATTE
🛒 [11:23:12 AM] TXN-1787890992662-165-555377
   Outlet 165 | Staff: Lee Jia En | 5 items | S$67.85
   🚨 OUT OF STOCK: BEV_KOPI_O, BEV_KOPI_O, LMT_NASI_GORENG, BEV_ORANGE_JUICE, BEV_KOPI_O
💰 [11:23:19 AM] TXN-1787890999677-171-306909
   Outlet 171 | Staff: Tan Mei Hua | 2 items | S$18.88
   🚨 OUT OF STOCK: BEV_LATTE, BEV_ORANGE_JUICE
🛒 [11:23:25 AM] TXN-1787891005956-165-514637
   Outlet 165 | Staff: Tan Wei Ming | 4 items | S$44.25
   🚨 OUT OF STOCK: MNL_KWAY_TEOW, LMT_PRAWN_CRACKERS, BEV_ORANGE_JUICE, BEV_ICED_TEA
💰 [11:23:32 AM] TXN-1787891012658-168-791756
   Outlet 168 | Staff: Nurul Huda Bte Ali | 2 items | S$43.66
   🚨 OUT OF STOCK: BEV_MILO, LMT_SATE
🛒 [11:23:38 AM] TXN-1787891018880-169-360342
   Outlet 169 | Staff: Koh Jia Yi | 5 items | S$58.41
   🚨 OUT OF STOCK: BEV_MILO, BEV_LATTE, MNL_BEEG_HOON, BEV_ICED_TEA, BEV_MILO

📊 STATS:
   Total Sales: 1390
   Total Revenue: S$56379.22
   Avg Ticket: S$40.56
   Low Stock Alerts: 47
   Out of Stock: 1381
──────────────────────────────────────────────────
💰 [11:23:45 AM] TXN-1787891025809-164-225939
   Outlet 164 | Staff: Tan Jia Min | 1 items | S$18.29
   🚨 OUT OF STOCK: MNL_LAKSA
💰 [11:23:51 AM] TXN-1787891031757-165-787796
   Outlet 165 | Staff: Tan Wei Ming | 1 items | S$7.67
   🚨 OUT OF STOCK: BEV_KOPI_O
🛒 [11:23:57 AM] TXN-1787891037712-201-770011
   Outlet 201 | Staff: None | 3 items | S$47.20
   🚨 OUT OF STOCK: LMT_SATE, BEV_MILO, BEV_ICED_TEA
🛒 [11:24:04 AM] TXN-1787891044255-164-414627
   Outlet 164 | Staff: Ng Jun Hao | 3 items | S$39.53
   🚨 OUT OF STOCK: MNL_KWAY_TEOW, BEV_ORANGE_JUICE, BEV_KOPI_O
💰 [11:24:10 AM] TXN-1787891050750-169-915174
   Outlet 169 | Staff: Sanjay S/O Ramesh | 1 items | S$7.67
   🚨 OUT OF STOCK: BEV_KOPI_O
💰 [11:24:16 AM] TXN-1787891056778-200-200917
   Outlet 200 | Staff: Priya D/O Mani | 1 items | S$4.72
   🚨 OUT OF STOCK: LMT_PRAWN_CRACKERS
💰 [11:24:22 AM] TXN-1787891062906-169-429894
   Outlet 169 | Staff: Muhd Danish Bin Razak | 2 items | S$15.93
   🚨 OUT OF STOCK: BEV_KOPI_O, BEV_MILO
🛒 [11:24:29 AM] TXN-1787891069096-201-570172
   Outlet 201 | Staff: None | 3 items | S$48.38
   🚨 OUT OF STOCK: LMT_MIE_GORENG, BEV_ORANGE_JUICE, MNL_BEEG_HOON
💰 [11:24:35 AM] TXN-1787891075636-168-640190
   Outlet 168 | Staff: Sanjay S/O Ramesh | 1 items | S$18.88
   🚨 OUT OF STOCK: MNL_BEEG_HOON
🛒 [11:24:41 AM] TXN-1787891081629-167-467929
   Outlet 167 | Staff: Ahmad Faiz Bin Hassan | 5 items | S$46.02
   🚨 OUT OF STOCK: BEV_ICED_TEA, BEV_MILO, BEV_ICED_TEA, BEV_ORANGE_JUICE, BEV_KOPI_O

📊 STATS:
   Total Sales: 1400
   Total Revenue: S$56633.51
   Avg Ticket: S$40.45
   Low Stock Alerts: 47
   Out of Stock: 1391
──────────────────────────────────────────────────
🛒 [11:24:48 AM] TXN-1787891088627-164-130553
   Outlet 164 | Staff: Ng Jun Hao | 3 items | S$28.32
   🚨 OUT OF STOCK: BEV_ORANGE_JUICE, BEV_LATTE
🛒 [11:24:55 AM] TXN-1787891095163-165-502749
   Outlet 165 | Staff: Lee Jia En | 4 items | S$46.61
   🚨 OUT OF STOCK: BEV_KOPI_O, BEV_ICED_TEA, BEV_ICED_TEA, BEV_ICED_TEA
💰 [11:25:02 AM] TXN-1787891102100-165-975364
   Outlet 165 | Staff: Ahmad Faiz Bin Hassan | 1 items | S$9.44
   🚨 OUT OF STOCK: LMT_ROTI_CANAI
🛒 [11:25:08 AM] TXN-1787891108052-168-296568
   Outlet 168 | Staff: Lee Jia En | 4 items | S$38.94
   🚨 OUT OF STOCK: LMT_PRAWN_CRACKERS, BEV_ORANGE_JUICE, BEV_MILO, BEV_ORANGE_JUICE
💰 [11:25:14 AM] TXN-1787891114949-200-450515
   Outlet 200 | Staff: Syaza Aina | 2 items | S$31.86
   🚨 OUT OF STOCK: MNL_CHICKEN_RICE, BEV_KOPI_O
🛒 [11:25:21 AM] TXN-1787891121237-167-511586
   Outlet 167 | Staff: Tan Wei Ming | 3 items | S$33.63
   🚨 OUT OF STOCK: BEV_KOPI_O, MNL_LAKSA, BEV_KOPI_O
💰 [11:25:27 AM] TXN-1787891127836-171-510674
   Outlet 171 | Staff: Lee Jia En | 1 items | S$6.49
   🚨 OUT OF STOCK: BEV_ICED_TEA
🛒 [11:25:33 AM] TXN-1787891133864-169-288356
   Outlet 169 | Staff: Tan Wei Ming | 3 items | S$27.14
   🚨 OUT OF STOCK: LMT_ROTI_CANAI, BEV_KOPI_O, BEV_LATTE
🛒 [11:25:40 AM] TXN-1787891140384-169-893410
   Outlet 169 | Staff: Koh Jia Yi | 3 items | S$53.10
   🚨 OUT OF STOCK: MNL_LAKSA, MNL_LAKSA, BEV_MILO
🛒 [11:25:46 AM] TXN-1787891146817-164-807044
   Outlet 164 | Staff: Tan Wei Ming | 4 items | S$44.84
   🚨 OUT OF STOCK: BEV_KOPI_O, BEV_ORANGE_JUICE, BEV_ICED_TEA, BEV_ICED_TEA

📊 STATS:
   Total Sales: 1410
   Total Revenue: S$56953.88
   Avg Ticket: S$40.39
   Low Stock Alerts: 47
   Out of Stock: 1401
──────────────────────────────────────────────────
🛒 [11:25:53 AM] TXN-1787891153698-201-968394
   Outlet 201 | Staff: None | 5 items | S$67.26
   🚨 OUT OF STOCK: LMT_ROTI_CANAI, BEV_MILO, BEV_MILO, BEV_KOPI_O, BEV_ORANGE_JUICE
🛒 [11:26:00 AM] TXN-1787891160753-164-286138
   Outlet 164 | Staff: Ng Jun Hao | 4 items | S$50.74
   🚨 OUT OF STOCK: LMT_NASI_GORENG, MNL_RICE_BOWL, BEV_MILO, MNL_KWAY_TEOW
🛒 [11:26:07 AM] TXN-1787891167675-201-905261
   Outlet 201 | Staff: None | 4 items | S$58.41
   ⚠️ LOW STOCK: LMT_PRAWN_CRACKERS
   🚨 OUT OF STOCK: MNL_LAKSA, BEV_LATTE, BEV_KOPI_O
🛒 [11:26:14 AM] TXN-1787891174495-168-170921
   Outlet 168 | Staff: Chua Kai Xin | 4 items | S$63.72
   🚨 OUT OF STOCK: BEV_ORANGE_JUICE, BEV_MILO, MNL_LAKSA, BEV_LATTE
💰 [11:26:21 AM] TXN-1787891181489-171-701580
   Outlet 171 | Staff: Sanjay S/O Ramesh | 1 items | S$6.49
   🚨 OUT OF STOCK: BEV_ICED_TEA
💰 [11:26:27 AM] TXN-1787891187603-171-750690
   Outlet 171 | Staff: Chua Kai Xin | 2 items | S$31.86
   🚨 OUT OF STOCK: MNL_KWAY_TEOW, BEV_MILO
🛒 [11:26:33 AM] TXN-1787891193880-164-183781
   Outlet 164 | Staff: Chua Kai Xin | 4 items | S$53.69
   🚨 OUT OF STOCK: MNL_RICE_BOWL, BEV_LATTE, LMT_NASI_GORENG, BEV_ICED_TEA
🛒 [11:26:40 AM] TXN-1787891200640-201-507068
   Outlet 201 | Staff: None | 3 items | S$36.58
   🚨 OUT OF STOCK: BEV_KOPI_O, BEV_ORANGE_JUICE, BEV_LATTE
💰 [11:26:47 AM] TXN-1787891207172-165-713611
   Outlet 165 | Staff: Ng Jun Hao | 2 items | S$21.83
   🚨 OUT OF STOCK: BEV_ORANGE_JUICE, BEV_ICED_TEA
💰 [11:26:53 AM] TXN-1787891213400-170-903837
   Outlet 170 | Staff: Ng Jun Hao | 1 items | S$10.03
   🚨 OUT OF STOCK: BEV_LATTE

📊 STATS:
   Total Sales: 1420
   Total Revenue: S$57354.49
   Avg Ticket: S$40.39
   Low Stock Alerts: 48
   Out of Stock: 1411
──────────────────────────────────────────────────
💰 [11:26:59 AM] TXN-1787891219586-200-194242
   Outlet 200 | Staff: Syaza Aina | 2 items | S$24.78
   🚨 OUT OF STOCK: BEV_MILO, BEV_MILO
💰 [11:27:05 AM] TXN-1787891225887-169-305849
   Outlet 169 | Staff: Tan Wei Ming | 2 items | S$30.68
   🚨 OUT OF STOCK: MNL_RICE_BOWL, BEV_ORANGE_JUICE
🛒 [11:27:12 AM] TXN-1787891232257-171-867578
   Outlet 171 | Staff: Tan Wei Ming | 3 items | S$37.76
   🚨 OUT OF STOCK: MNL_RICE_BOWL, BEV_MILO, BEV_MILO
🛒 [11:27:18 AM] TXN-1787891238876-170-360107
   Outlet 170 | Staff: Tan Wei Ming | 3 items | S$38.35
   🚨 OUT OF STOCK: BEV_LATTE, BEV_KOPI_O, BEV_ICED_TEA
🛒 [11:27:25 AM] TXN-1787891245400-167-829147
   Outlet 167 | Staff: Tan Wei Ming | 5 items | S$68.44
   🚨 OUT OF STOCK: BEV_LATTE, BEV_ORANGE_JUICE, MNL_CHICKEN_RICE, BEV_MILO, BEV_KOPI_O
🛒 [11:27:32 AM] TXN-1787891252424-170-543192
   Outlet 170 | Staff: Rajesh Kumar | 5 items | S$70.80
   🚨 OUT OF STOCK: BEV_KOPI_O, MNL_CHICKEN_RICE, BEV_KOPI_O, BEV_ICED_TEA, BEV_MILO
💰 [11:27:39 AM] TXN-1787891259445-168-936656
   Outlet 168 | Staff: Lee Jia En | 2 items | S$24.19
   🚨 OUT OF STOCK: BEV_ICED_TEA, BEV_ORANGE_JUICE
🛒 [11:27:47 AM] TXN-1787891267071-165-778092
   Outlet 165 | Staff: Ahmad Faiz Bin Hassan | 5 items | S$62.54
   🚨 OUT OF STOCK: LMT_PRAWN_CRACKERS, BEV_ICED_TEA, LMT_SATE, BEV_KOPI_O, MNL_RICE_BOWL
💰 [11:27:54 AM] TXN-1787891274175-165-898934
   Outlet 165 | Staff: Ahmad Faiz Bin Hassan | 2 items | S$14.16
   🚨 OUT OF STOCK: LMT_PRAWN_CRACKERS, LMT_ROTI_CANAI
🛒 [11:28:00 AM] TXN-1787891280458-201-592376
   Outlet 201 | Staff: None | 4 items | S$40.12
   🚨 OUT OF STOCK: BEV_LATTE, BEV_ICED_TEA, BEV_KOPI_O, BEV_MILO

📊 STATS:
   Total Sales: 1430
   Total Revenue: S$57766.31
   Avg Ticket: S$40.40
   Low Stock Alerts: 48
   Out of Stock: 1421
──────────────────────────────────────────────────
💰 [11:28:07 AM] TXN-1787891287329-171-533789
   Outlet 171 | Staff: Tan Wei Ming | 1 items | S$8.26
   🚨 OUT OF STOCK: BEV_MILO
💰 [11:28:13 AM] TXN-1787891293312-201-602476
   Outlet 201 | Staff: None | 1 items | S$18.29
   🚨 OUT OF STOCK: MNL_LAKSA
🛒 [11:28:19 AM] TXN-1787891299328-165-453781
   Outlet 165 | Staff: Lee Jia En | 5 items | S$43.66
   🚨 OUT OF STOCK: MNL_RICE_BOWL, BEV_ICED_TEA, BEV_MILO, BEV_ICED_TEA, LMT_PRAWN_CRACKERS
🛒 [11:28:26 AM] TXN-1787891306408-171-927756
   Outlet 171 | Staff: Sanjay S/O Ramesh | 3 items | S$60.18
   🚨 OUT OF STOCK: LMT_ROTI_CANAI, LMT_SATE, BEV_KOPI_O
🛒 [11:28:33 AM] TXN-1787891313141-170-352665
   Outlet 170 | Staff: Tan Wei Ming | 4 items | S$35.40
   ⚠️ LOW STOCK: LMT_PRAWN_CRACKERS
   🚨 OUT OF STOCK: BEV_ORANGE_JUICE, BEV_ORANGE_JUICE, BEV_ICED_TEA
💰 [11:28:39 AM] TXN-1787891319964-165-176890
   Outlet 165 | Staff: Lee Jia En | 2 items | S$16.52
   🚨 OUT OF STOCK: BEV_MILO, BEV_MILO
🛒 [11:28:46 AM] TXN-1787891326281-200-558508
   Outlet 200 | Staff: Syaza Aina | 3 items | S$34.81
   🚨 OUT OF STOCK: BEV_LATTE, BEV_MILO, BEV_MILO
🛒 [11:28:53 AM] TXN-1787891333000-169-623350
   Outlet 169 | Staff: Tan Wei Ming | 4 items | S$83.78
   🚨 OUT OF STOCK: MNL_BEEG_HOON, BEV_LATTE, MNL_LAKSA, BEV_MILO
🛒 [11:29:00 AM] TXN-1787891340097-168-982098
   Outlet 168 | Staff: Tan Wei Ming | 3 items | S$35.40
   🚨 OUT OF STOCK: BEV_ORANGE_JUICE, BEV_ORANGE_JUICE, BEV_ORANGE_JUICE
🛒 [11:29:06 AM] TXN-1787891346751-169-610517
   Outlet 169 | Staff: Sanjay S/O Ramesh | 4 items | S$68.44
   ⚠️ LOW STOCK: LMT_PRAWN_CRACKERS
   🚨 OUT OF STOCK: BEV_MILO, MNL_KWAY_TEOW, BEV_MILO

📊 STATS:
   Total Sales: 1440
   Total Revenue: S$58171.05
   Avg Ticket: S$40.40
   Low Stock Alerts: 50
   Out of Stock: 1431
──────────────────────────────────────────────────
🛒 [11:29:13 AM] TXN-1787891353744-164-920526
   Outlet 164 | Staff: Priya D/O Mani | 4 items | S$35.40
   🚨 OUT OF STOCK: BEV_LATTE, BEV_ORANGE_JUICE, BEV_MILO, BEV_MILO
💰 [11:29:20 AM] TXN-1787891360999-200-466943
   Outlet 200 | Staff: Syaza Aina | 2 items | S$14.75
   🚨 OUT OF STOCK: BEV_ICED_TEA, BEV_MILO
🛒 [11:29:27 AM] TXN-1787891367359-200-488990
   Outlet 200 | Staff: Kumar Sanjay | 4 items | S$48.38
   🚨 OUT OF STOCK: MNL_CHICKEN_RICE, BEV_KOPI_O, BEV_KOPI_O, BEV_ORANGE_JUICE
💰 [11:29:34 AM] TXN-1787891374153-168-901120
   Outlet 168 | Staff: Sanjay S/O Ramesh | 2 items | S$33.04
   🚨 OUT OF STOCK: LMT_SATE, BEV_KOPI_O
🛒 [11:29:40 AM] TXN-1787891380595-165-692269
   Outlet 165 | Staff: Tan Wei Ming | 5 items | S$64.90
   🚨 OUT OF STOCK: BEV_MILO, BEV_LATTE, LMT_ROTI_CANAI, BEV_LATTE, BEV_ORANGE_JUICE
💰 [11:29:47 AM] TXN-1787891387815-170-781975
   Outlet 170 | Staff: Lim Pei Ling | 2 items | S$34.81
   🚨 OUT OF STOCK: MNL_LAKSA, BEV_MILO
💰 [11:29:54 AM] TXN-1787891394120-164-907226
   Outlet 164 | Staff: Chua Kai Xin | 2 items | S$23.01
   🚨 OUT OF STOCK: MNL_KWAY_TEOW, BEV_KOPI_O
💰 [11:30:00 AM] TXN-1787891400620-202-725687
   Outlet 202 | Staff: None | 1 items | S$8.85
   🚨 OUT OF STOCK: BEV_ORANGE_JUICE
🛒 [11:30:06 AM] TXN-1787891406823-202-863314
   Outlet 202 | Staff: None | 3 items | S$24.19
   🚨 OUT OF STOCK: LMT_PRAWN_CRACKERS, BEV_ICED_TEA, BEV_ICED_TEA
🛒 [11:30:13 AM] TXN-1787891413849-168-824896
   Outlet 168 | Staff: Priya D/O Mani | 5 items | S$50.74
   🚨 OUT OF STOCK: BEV_KOPI_O, BEV_KOPI_O, BEV_KOPI_O, BEV_LATTE, BEV_ORANGE_JUICE

📊 STATS:
   Total Sales: 1450
   Total Revenue: S$58509.12
   Avg Ticket: S$40.35
   Low Stock Alerts: 50
   Out of Stock: 1441
──────────────────────────────────────────────────
💰 [11:30:20 AM] TXN-1787891420980-170-740789
   Outlet 170 | Staff: Ng Jun Hao | 2 items | S$29.50
   🚨 OUT OF STOCK: MNL_RICE_BOWL, BEV_MILO
🛒 [11:30:27 AM] TXN-1787891427362-170-371376
   Outlet 170 | Staff: Tan Wei Ming | 4 items | S$47.79
   ⚠️ LOW STOCK: LMT_PRAWN_CRACKERS
   🚨 OUT OF STOCK: LMT_SATE, BEV_MILO, BEV_ORANGE_JUICE
🛒 [11:30:34 AM] TXN-1787891434265-169-545848
   Outlet 169 | Staff: Muhd Danish Bin Razak | 5 items | S$63.13
   🚨 OUT OF STOCK: MNL_BEEG_HOON, BEV_ORANGE_JUICE, BEV_ORANGE_JUICE, BEV_ORANGE_JUICE, BEV_ORANGE_JUICE
🛒 [11:30:41 AM] TXN-1787891441303-167-442858
   Outlet 167 | Staff: Muhd Danish Bin Razak | 4 items | S$53.69
   🚨 OUT OF STOCK: LMT_ROTI_CANAI, BEV_MILO, LMT_SATE, BEV_LATTE
🛒 [11:30:48 AM] TXN-1787891448207-164-884169
   Outlet 164 | Staff: Ng Jun Hao | 5 items | S$54.87
   🚨 OUT OF STOCK: LMT_MIE_GORENG, BEV_MILO, BEV_ORANGE_JUICE, BEV_ICED_TEA
🛒 [11:30:55 AM] TXN-1787891455143-168-388689
   Outlet 168 | Staff: Sanjay S/O Ramesh | 5 items | S$76.70
   🚨 OUT OF STOCK: MNL_RICE_BOWL, BEV_ICED_TEA, BEV_ICED_TEA, MNL_BEEG_HOON, BEV_ICED_TEA
🛒 [11:31:03 AM] TXN-1787891463105-170-117844
   Outlet 170 | Staff: Muhd Danish Bin Razak | 4 items | S$36.58
   ⚠️ LOW STOCK: LMT_PRAWN_CRACKERS
   🚨 OUT OF STOCK: MNL_BEEG_HOON, BEV_ICED_TEA, BEV_ICED_TEA
🛒 [11:31:10 AM] TXN-1787891470051-167-748955
   Outlet 167 | Staff: Lee Jia En | 4 items | S$31.27
   🚨 OUT OF STOCK: BEV_MILO, BEV_KOPI_O, BEV_KOPI_O, BEV_KOPI_O
💰 [11:31:16 AM] TXN-1787891476863-164-502556
   Outlet 164 | Staff: Nurul Huda Bte Ali | 2 items | S$21.24
   🚨 OUT OF STOCK: BEV_MILO
🛒 [11:31:23 AM] TXN-1787891483161-169-928642
   Outlet 169 | Staff: Ng Jun Hao | 5 items | S$82.60
   🚨 OUT OF STOCK: BEV_ORANGE_JUICE, LMT_ROTI_CANAI, BEV_LATTE, BEV_KOPI_O, MNL_LAKSA

📊 STATS:
   Total Sales: 1460
   Total Revenue: S$59006.49
   Avg Ticket: S$40.42
   Low Stock Alerts: 52
   Out of Stock: 1451
──────────────────────────────────────────────────
💰 [11:31:30 AM] TXN-1787891490150-169-208578
   Outlet 169 | Staff: Lee Jia En | 2 items | S$27.14
   🚨 OUT OF STOCK: LMT_ROTI_CANAI, BEV_ORANGE_JUICE
🛒 [11:31:36 AM] TXN-1787891496390-201-165481
   Outlet 201 | Staff: None | 3 items | S$31.86
   🚨 OUT OF STOCK: BEV_KOPI_O, BEV_KOPI_O, BEV_MILO
🛒 [11:31:42 AM] TXN-1787891502897-168-193914
   Outlet 168 | Staff: Li Ying Zhi | 5 items | S$64.90
   🚨 OUT OF STOCK: BEV_ICED_TEA, MNL_CHICKEN_RICE, BEV_ICED_TEA, BEV_KOPI_O, BEV_LATTE
🛒 [11:31:50 AM] TXN-1787891510016-201-687089
   Outlet 201 | Staff: None | 4 items | S$58.41
   ⚠️ LOW STOCK: LMT_PRAWN_CRACKERS
   🚨 OUT OF STOCK: BEV_LATTE, MNL_LAKSA, BEV_KOPI_O
💰 [11:31:56 AM] TXN-1787891516821-164-195400
   Outlet 164 | Staff: Batch Staff 1 | 1 items | S$18.88
   🚨 OUT OF STOCK: MNL_BEEG_HOON
💰 [11:32:02 AM] TXN-1787891522759-200-164839
   Outlet 200 | Staff: Kumar Sanjay | 1 items | S$12.98
   🚨 OUT OF STOCK: MNL_RICE_BOWL
💰 [11:32:08 AM] TXN-1787891528740-169-247616
   Outlet 169 | Staff: Muhd Danish Bin Razak | 2 items | S$18.88
   🚨 OUT OF STOCK: BEV_ORANGE_JUICE, BEV_LATTE
💰 [11:32:15 AM] TXN-1787891535648-171-506363
   Outlet 171 | Staff: Rajesh Kumar | 1 items | S$8.26
   🚨 OUT OF STOCK: BEV_MILO
🛒 [11:32:21 AM] TXN-1787891541692-164-154649
   Outlet 164 | Staff: Ahmad Faiz Bin Hassan | 3 items | S$37.17
   🚨 OUT OF STOCK: BEV_LATTE, BEV_ORANGE_JUICE, MNL_LAKSA
💰 [11:32:28 AM] TXN-1787891548382-202-709097
   Outlet 202 | Staff: None | 2 items | S$16.52
   🚨 OUT OF STOCK: BEV_KOPI_O, BEV_ORANGE_JUICE

📊 STATS:
   Total Sales: 1470
   Total Revenue: S$59301.49
   Avg Ticket: S$40.34
   Low Stock Alerts: 53
   Out of Stock: 1461
──────────────────────────────────────────────────
💰 [11:32:34 AM] TXN-1787891554685-167-788770
   Outlet 167 | Staff: Ng Jun Hao | 2 items | S$17.11
   🚨 OUT OF STOCK: BEV_MILO, BEV_ORANGE_JUICE
🛒 [11:32:41 AM] TXN-1787891561021-167-176330
   Outlet 167 | Staff: Sanjay S/O Ramesh | 3 items | S$34.22
   🚨 OUT OF STOCK: BEV_KOPI_O, BEV_LATTE, BEV_MILO
🛒 [11:32:47 AM] TXN-1787891567590-169-809304
   Outlet 169 | Staff: Tan Wei Ming | 4 items | S$41.89
   🚨 OUT OF STOCK: MNL_LAKSA, BEV_ICED_TEA, BEV_MILO, BEV_ORANGE_JUICE
🛒 [11:32:54 AM] TXN-1787891574367-168-804023
   Outlet 168 | Staff: Li Ying Zhi | 3 items | S$32.45
   🚨 OUT OF STOCK: BEV_MILO, BEV_ORANGE_JUICE, BEV_KOPI_O
💰 [11:33:00 AM] TXN-1787891580806-201-784436
   Outlet 201 | Staff: None | 1 items | S$9.44
   🚨 OUT OF STOCK: LMT_ROTI_CANAI
💰 [11:33:06 AM] TXN-1787891586858-168-607422
   Outlet 168 | Staff: Chua Kai Xin | 1 items | S$16.52
   🚨 OUT OF STOCK: MNL_CHICKEN_RICE
🛒 [11:33:12 AM] TXN-1787891592791-168-324601
   Outlet 168 | Staff: Nurul Huda Bte Ali | 4 items | S$79.65
   🚨 OUT OF STOCK: BEV_ORANGE_JUICE, BEV_MILO, BEV_ORANGE_JUICE, MNL_LAKSA
💰 [11:33:19 AM] TXN-1787891599730-202-701195
   Outlet 202 | Staff: None | 2 items | S$31.86
   🚨 OUT OF STOCK: MNL_CHICKEN_RICE, BEV_KOPI_O
🛒 [11:33:26 AM] TXN-1787891606202-201-348133
   Outlet 201 | Staff: None | 3 items | S$31.27
   🚨 OUT OF STOCK: LMT_ROTI_CANAI, BEV_ICED_TEA, BEV_ORANGE_JUICE
🛒 [11:33:32 AM] TXN-1787891612676-164-725503
   Outlet 164 | Staff: Tan Jia Min | 4 items | S$57.23
   🚨 OUT OF STOCK: BEV_LATTE, BEV_MILO, BEV_KOPI_O, BEV_KOPI_O

📊 STATS:
   Total Sales: 1480
   Total Revenue: S$59653.13
   Avg Ticket: S$40.31
   Low Stock Alerts: 53
   Out of Stock: 1471
──────────────────────────────────────────────────
🛒 [11:33:39 AM] TXN-1787891619533-168-446036
   Outlet 168 | Staff: Chua Kai Xin | 4 items | S$83.78
   🚨 OUT OF STOCK: MNL_BEEG_HOON, MNL_LAKSA, BEV_LATTE, MNL_LAKSA
💰 [11:33:46 AM] TXN-1787891626417-167-724855
   Outlet 167 | Staff: Muhd Danish Bin Razak | 1 items | S$11.80
   🚨 OUT OF STOCK: LMT_MIE_GORENG
💰 [11:33:52 AM] TXN-1787891632369-169-209206
   Outlet 169 | Staff: Tan Wei Ming | 1 items | S$18.29
   🚨 OUT OF STOCK: MNL_LAKSA
💰 [11:33:58 AM] TXN-1787891638299-170-740790
   Outlet 170 | Staff: Muhd Danish Bin Razak | 2 items | S$16.52
   🚨 OUT OF STOCK: BEV_LATTE, BEV_ICED_TEA
🛒 [11:34:04 AM] TXN-1787891644554-202-925764
   Outlet 202 | Staff: None | 3 items | S$35.99
   🚨 OUT OF STOCK: LMT_NASI_GORENG, BEV_ICED_TEA, BEV_KOPI_O
🛒 [11:34:11 AM] TXN-1787891651035-165-569840
   Outlet 165 | Staff: Tan Wei Ming | 5 items | S$68.44
   🚨 OUT OF STOCK: LMT_PRAWN_CRACKERS, BEV_ICED_TEA, BEV_LATTE, BEV_ORANGE_JUICE, BEV_ICED_TEA
🛒 [11:34:18 AM] TXN-1787891658048-171-874668
   Outlet 171 | Staff: Ng Jun Hao | 5 items | S$79.06
   🚨 OUT OF STOCK: LMT_SATE, MNL_LAKSA, BEV_KOPI_O, BEV_LATTE, BEV_ORANGE_JUICE
💰 [11:34:25 AM] TXN-1787891665069-169-275552
   Outlet 169 | Staff: Muhd Danish Bin Razak | 1 items | S$6.49
   🚨 OUT OF STOCK: BEV_ICED_TEA
🛒 [11:34:31 AM] TXN-1787891671007-170-895168
   Outlet 170 | Staff: Tan Wei Ming | 4 items | S$41.30
   🚨 OUT OF STOCK: BEV_KOPI_O, BEV_KOPI_O, MNL_RICE_BOWL, BEV_ICED_TEA
🛒 [11:34:37 AM] TXN-1787891677816-164-744820
   Outlet 164 | Staff: Nurul Huda Bte Ali | 3 items | S$34.81
   ⚠️ LOW STOCK: LMT_PRAWN_CRACKERS
   🚨 OUT OF STOCK: BEV_KOPI_O, LMT_SATE

📊 STATS:
   Total Sales: 1490
   Total Revenue: S$60049.61
   Avg Ticket: S$40.30
   Low Stock Alerts: 54
   Out of Stock: 1481
──────────────────────────────────────────────────
🛒 [11:34:44 AM] TXN-1787891684318-165-570113
   Outlet 165 | Staff: Lee Jia En | 4 items | S$43.66
   🚨 OUT OF STOCK: LMT_MIE_GORENG, MNL_CHICKEN_RICE, BEV_ICED_TEA, BEV_ORANGE_JUICE
🛒 [11:34:51 AM] TXN-1787891691057-200-432365
   Outlet 200 | Staff: Syaza Aina | 5 items | S$75.52
   🚨 OUT OF STOCK: BEV_ICED_TEA, BEV_ICED_TEA, BEV_ICED_TEA, BEV_ICED_TEA, MNL_LAKSA
💰 [11:34:58 AM] TXN-1787891698487-202-591703
   Outlet 202 | Staff: None | 2 items | S$24.19
   🚨 OUT OF STOCK: LMT_SATE, BEV_ICED_TEA
🛒 [11:35:04 AM] TXN-1787891704689-168-678393
   Outlet 168 | Staff: Li Ying Zhi | 3 items | S$43.66
   🚨 OUT OF STOCK: MNL_CHICKEN_RICE, BEV_MILO, MNL_BEEG_HOON
🛒 [11:35:11 AM] TXN-1787891711259-201-240733
   Outlet 201 | Staff: None | 5 items | S$73.16
   🚨 OUT OF STOCK: BEV_LATTE, BEV_KOPI_O, BEV_LATTE, BEV_LATTE, BEV_ORANGE_JUICE
🛒 [11:35:18 AM] TXN-1787891718577-168-836499
   Outlet 168 | Staff: Chua Kai Xin | 3 items | S$43.66
   🚨 OUT OF STOCK: LMT_PRAWN_CRACKERS, MNL_KWAY_TEOW, BEV_MILO
🛒 [11:35:25 AM] TXN-1787891725141-200-712489
   Outlet 200 | Staff: Kumar Sanjay | 5 items | S$66.08
   🚨 OUT OF STOCK: MNL_KWAY_TEOW, BEV_MILO, BEV_ORANGE_JUICE, BEV_ICED_TEA, LMT_ROTI_CANAI
🛒 [11:35:32 AM] TXN-1787891732278-201-753473
   Outlet 201 | Staff: None | 3 items | S$36.58
   🚨 OUT OF STOCK: BEV_LATTE, LMT_SATE, BEV_ORANGE_JUICE
🛒 [11:35:38 AM] TXN-1787891738908-202-420775
   Outlet 202 | Staff: None | 5 items | S$49.56
   🚨 OUT OF STOCK: BEV_LATTE, BEV_ORANGE_JUICE, BEV_KOPI_O, LMT_NASI_GORENG, BEV_ORANGE_JUICE
🛒 [11:35:46 AM] TXN-1787891746100-164-950688
   Outlet 164 | Staff: Chua Kai Xin | 3 items | S$51.33
   🚨 OUT OF STOCK: BEV_KOPI_O, BEV_LATTE, LMT_MIE_GORENG

📊 STATS:
   Total Sales: 1500
   Total Revenue: S$60557.01
   Avg Ticket: S$40.37
   Low Stock Alerts: 54
   Out of Stock: 1491
──────────────────────────────────────────────────
💰 [11:35:52 AM] TXN-1787891752741-169-285111
   Outlet 169 | Staff: Tan Wei Ming | 2 items | S$41.30
   🚨 OUT OF STOCK: MNL_RICE_BOWL, LMT_NASI_GORENG
🛒 [11:35:59 AM] TXN-1787891759027-169-799892
   Outlet 169 | Staff: Ng Jun Hao | 4 items | S$50.15
   ⚠️ LOW STOCK: LMT_PRAWN_CRACKERS
   🚨 OUT OF STOCK: LMT_NASI_GORENG, BEV_ORANGE_JUICE, BEV_ORANGE_JUICE
💰 [11:36:05 AM] TXN-1787891765811-171-936748
   Outlet 171 | Staff: Nurul Huda Bte Ali | 1 items | S$8.26
   🚨 OUT OF STOCK: BEV_MILO
💰 [11:36:11 AM] TXN-1787891771785-171-489241
   Outlet 171 | Staff: Muhd Danish Bin Razak | 1 items | S$17.70
   🚨 OUT OF STOCK: LMT_SATE
💰 [11:36:17 AM] TXN-1787891777812-167-924748
   Outlet 167 | Staff: Muhd Danish Bin Razak | 2 items | S$25.37
   🚨 OUT OF STOCK: MNL_CHICKEN_RICE, BEV_ORANGE_JUICE
💰 [11:36:24 AM] TXN-1787891784106-202-711723
   Outlet 202 | Staff: None | 2 items | S$27.73
   🚨 OUT OF STOCK: BEV_LATTE, LMT_SATE
🛒 [11:36:30 AM] TXN-1787891790322-168-247906
   Outlet 168 | Staff: Nurul Huda Bte Ali | 4 items | S$59.00
   🚨 OUT OF STOCK: BEV_KOPI_O, BEV_MILO, BEV_ICED_TEA, MNL_LAKSA
🛒 [11:36:37 AM] TXN-1787891797553-167-781220
   Outlet 167 | Staff: Muhd Danish Bin Razak | 5 items | S$75.52
   🚨 OUT OF STOCK: BEV_MILO, LMT_ROTI_CANAI, BEV_KOPI_O, BEV_KOPI_O, LMT_SATE
💰 [11:36:44 AM] TXN-1787891804494-202-606443
   Outlet 202 | Staff: None | 1 items | S$4.72
   🚨 OUT OF STOCK: LMT_PRAWN_CRACKERS
🛒 [11:36:50 AM] TXN-1787891810623-168-595613
   Outlet 168 | Staff: Tan Wei Ming | 3 items | S$30.09
   🚨 OUT OF STOCK: LMT_NASI_GORENG, BEV_KOPI_O, BEV_MILO

📊 STATS:
   Total Sales: 1510
   Total Revenue: S$60896.85
   Avg Ticket: S$40.33
   Low Stock Alerts: 55
   Out of Stock: 1501
──────────────────────────────────────────────────
🛒 [11:36:57 AM] TXN-1787891817121-171-370916
   Outlet 171 | Staff: Ng Jun Hao | 5 items | S$79.65
   🚨 OUT OF STOCK: MNL_LAKSA, BEV_MILO, BEV_ORANGE_JUICE, LMT_SATE, BEV_ORANGE_JUICE
🛒 [11:37:04 AM] TXN-1787891824360-171-393621
   Outlet 171 | Staff: Chua Kai Xin | 5 items | S$71.39
   🚨 OUT OF STOCK: BEV_LATTE, MNL_LAKSA, BEV_MILO, BEV_ICED_TEA, BEV_LATTE
💰 [11:37:11 AM] TXN-1787891831483-201-755912
   Outlet 201 | Staff: None | 2 items | S$22.42
   🚨 OUT OF STOCK: LMT_NASI_GORENG, BEV_MILO
💰 [11:37:17 AM] TXN-1787891837781-164-856055
   Outlet 164 | Staff: Ahmad Faiz Bin Hassan | 2 items | S$25.37
   🚨 OUT OF STOCK: LMT_SATE, BEV_KOPI_O
💰 [11:37:24 AM] TXN-1787891844018-165-764092
   Outlet 165 | Staff: Lee Jia En | 2 items | S$20.65
   🚨 OUT OF STOCK: LMT_NASI_GORENG, BEV_ICED_TEA
🛒 [11:37:32 AM] TXN-1787891852324-169-739869
   Outlet 169 | Staff: Muhd Danish Bin Razak | 3 items | S$23.60
   🚨 OUT OF STOCK: BEV_MILO, BEV_ICED_TEA, BEV_ORANGE_JUICE
💰 [11:37:39 AM] TXN-1787891859646-202-698740
   Outlet 202 | Staff: None | 1 items | S$18.29
   🚨 OUT OF STOCK: MNL_LAKSA
🛒 [11:37:46 AM] TXN-1787891866226-167-419752
   Outlet 167 | Staff: Tan Wei Ming | 3 items | S$52.51
   🚨 OUT OF STOCK: LMT_SATE, BEV_ORANGE_JUICE, MNL_RICE_BOWL
💰 [11:37:53 AM] TXN-1787891873334-202-150726
   Outlet 202 | Staff: None | 2 items | S$20.65
   🚨 OUT OF STOCK: BEV_KOPI_O, MNL_RICE_BOWL
💰 [11:38:00 AM] TXN-1787891880385-165-674017
   Outlet 165 | Staff: Tan Wei Ming | 2 items | S$47.20
   🚨 OUT OF STOCK: LMT_NASI_GORENG, MNL_CHICKEN_RICE

📊 STATS:
   Total Sales: 1520
   Total Revenue: S$61278.58
   Avg Ticket: S$40.31
   Low Stock Alerts: 55
   Out of Stock: 1511
──────────────────────────────────────────────────
🛒 [11:38:06 AM] TXN-1787891886959-202-153997
   Outlet 202 | Staff: None | 3 items | S$34.22
   🚨 OUT OF STOCK: BEV_LATTE, BEV_MILO, BEV_KOPI_O
💰 [11:38:14 AM] TXN-1787891894215-165-228939
   Outlet 165 | Staff: Lee Jia En | 2 items | S$26.55
   🚨 OUT OF STOCK: BEV_ORANGE_JUICE, BEV_ORANGE_JUICE
🛒 [11:38:20 AM] TXN-1787891900537-171-983175
   Outlet 171 | Staff: Tan Wei Ming | 5 items | S$37.76
   🚨 OUT OF STOCK: LMT_PRAWN_CRACKERS, BEV_KOPI_O, BEV_ORANGE_JUICE, BEV_ICED_TEA, BEV_LATTE
💰 [11:38:27 AM] TXN-1787891907502-169-201473
   Outlet 169 | Staff: Muhd Danish Bin Razak | 2 items | S$25.37
   🚨 OUT OF STOCK: MNL_BEEG_HOON, BEV_ICED_TEA
💰 [11:38:34 AM] TXN-1787891914482-202-194704
   Outlet 202 | Staff: None | 1 items | S$8.26
   🚨 OUT OF STOCK: BEV_MILO
💰 [11:38:41 AM] TXN-1787891921807-202-799214
   Outlet 202 | Staff: None | 1 items | S$8.85
   🚨 OUT OF STOCK: BEV_ORANGE_JUICE
🛒 [11:38:47 AM] TXN-1787891927976-167-468419
   Outlet 167 | Staff: Muhd Danish Bin Razak | 3 items | S$44.25
   🚨 OUT OF STOCK: BEV_ORANGE_JUICE, BEV_ORANGE_JUICE, BEV_ORANGE_JUICE
🛒 [11:38:54 AM] TXN-1787891934701-164-189860
   Outlet 164 | Staff: Tan Wei Ming | 4 items | S$33.63
   🚨 OUT OF STOCK: BEV_KOPI_O, BEV_ICED_TEA, BEV_ICED_TEA, BEV_ICED_TEA
🛒 [11:39:01 AM] TXN-1787891941455-165-362411
   Outlet 165 | Staff: Ahmad Faiz Bin Hassan | 3 items | S$44.84
   🚨 OUT OF STOCK: LMT_ROTI_CANAI, BEV_KOPI_O, BEV_LATTE
💰 [11:39:08 AM] TXN-1787891948006-201-820368
   Outlet 201 | Staff: None | 2 items | S$23.60
   🚨 OUT OF STOCK: BEV_MILO, BEV_KOPI_O

📊 STATS:
   Total Sales: 1530
   Total Revenue: S$61565.91
   Avg Ticket: S$40.24
   Low Stock Alerts: 55
   Out of Stock: 1521
──────────────────────────────────────────────────
💰 [11:39:14 AM] TXN-1787891954293-167-168979
   Outlet 167 | Staff: Muhd Danish Bin Razak | 2 items | S$37.17
   🚨 OUT OF STOCK: MNL_LAKSA, LMT_ROTI_CANAI
🛒 [11:39:20 AM] TXN-1787891960589-200-121463
   Outlet 200 | Staff: Syaza Aina | 5 items | S$59.59
   🚨 OUT OF STOCK: LMT_SATE, BEV_ORANGE_JUICE, BEV_LATTE, BEV_ICED_TEA, BEV_LATTE
🛒 [11:39:27 AM] TXN-1787891967591-164-469460
   Outlet 164 | Staff: Priya D/O Mani | 5 items | S$44.84
   🚨 OUT OF STOCK: BEV_KOPI_O, BEV_ICED_TEA, BEV_ORANGE_JUICE, BEV_ICED_TEA, BEV_ICED_TEA
🛒 [11:39:34 AM] TXN-1787891974595-170-899626
   Outlet 170 | Staff: Tan Wei Ming | 3 items | S$45.43
   🚨 OUT OF STOCK: BEV_KOPI_O, BEV_LATTE, BEV_ORANGE_JUICE
🛒 [11:39:41 AM] TXN-1787891981307-201-384921
   Outlet 201 | Staff: None | 5 items | S$66.67
   ⚠️ LOW STOCK: LMT_PRAWN_CRACKERS, LMT_PRAWN_CRACKERS
   🚨 OUT OF STOCK: MNL_RICE_BOWL, BEV_ORANGE_JUICE, BEV_ORANGE_JUICE
💰 [11:39:48 AM] TXN-1787891988446-167-553286
   Outlet 167 | Staff: Muhd Danish Bin Razak | 2 items | S$24.19
   🚨 OUT OF STOCK: BEV_ICED_TEA, BEV_ORANGE_JUICE
💰 [11:39:54 AM] TXN-1787891994736-164-829414
   Outlet 164 | Staff: Priya D/O Mani | 2 items | S$27.14
   🚨 OUT OF STOCK: MNL_RICE_BOWL, LMT_NASI_GORENG
🛒 [11:40:00 AM] TXN-1787892000940-171-184268
   Outlet 171 | Staff: Tan Wei Ming | 4 items | S$50.74
   🚨 OUT OF STOCK: MNL_LAKSA, LMT_MIE_GORENG, BEV_ICED_TEA, BEV_KOPI_O
🛒 [11:40:08 AM] TXN-1787892008207-202-655423
   Outlet 202 | Staff: None | 5 items | S$80.83
   🚨 OUT OF STOCK: MNL_KWAY_TEOW, BEV_MILO, BEV_MILO, MNL_KWAY_TEOW, BEV_LATTE
💰 [11:40:15 AM] TXN-1787892015559-167-172408
   Outlet 167 | Staff: Ng Jun Hao | 1 items | S$9.44
   🚨 OUT OF STOCK: LMT_ROTI_CANAI

📊 STATS:
   Total Sales: 1540
   Total Revenue: S$62011.95
   Avg Ticket: S$40.27
   Low Stock Alerts: 56
   Out of Stock: 1531
──────────────────────────────────────────────────
💰 [11:40:21 AM] TXN-1787892021586-169-437405
   Outlet 169 | Staff: Tan Wei Ming | 2 items | S$20.06
   🚨 OUT OF STOCK: BEV_LATTE, BEV_LATTE
🛒 [11:40:27 AM] TXN-1787892027878-200-554777
   Outlet 200 | Staff: Syaza Aina | 5 items | S$57.82
   🚨 OUT OF STOCK: LMT_NASI_GORENG, BEV_ICED_TEA, LMT_ROTI_CANAI, LMT_ROTI_CANAI, BEV_ORANGE_JUICE
🛒 [11:40:34 AM] TXN-1787892034959-165-974570
   Outlet 165 | Staff: Tan Wei Ming | 5 items | S$76.70
   🚨 OUT OF STOCK: BEV_KOPI_O, BEV_MILO, MNL_BEEG_HOON, BEV_MILO, BEV_ICED_TEA
🛒 [11:40:41 AM] TXN-1787892041941-164-609710
   Outlet 164 | Staff: Batch Staff 1 | 4 items | S$36.58
   🚨 OUT OF STOCK: LMT_MIE_GORENG, BEV_MILO, BEV_LATTE, BEV_ICED_TEA
💰 [11:40:48 AM] TXN-1787892048688-171-164763
   Outlet 171 | Staff: Rajesh Kumar | 2 items | S$21.83
   🚨 OUT OF STOCK: LMT_NASI_GORENG, BEV_KOPI_O
💰 [11:40:54 AM] TXN-1787892054929-202-532925
   Outlet 202 | Staff: None | 1 items | S$18.88
   🚨 OUT OF STOCK: MNL_BEEG_HOON
🛒 [11:41:00 AM] TXN-1787892060947-165-609534
   Outlet 165 | Staff: Muhd Danish Bin Razak | 4 items | S$52.51
   🚨 OUT OF STOCK: MNL_LAKSA, MNL_KWAY_TEOW, BEV_LATTE, BEV_ORANGE_JUICE
🛒 [11:41:07 AM] TXN-1787892067876-164-826718
   Outlet 164 | Staff: Ng Jun Hao | 3 items | S$25.37
   🚨 OUT OF STOCK: BEV_ORANGE_JUICE, BEV_ICED_TEA, BEV_LATTE
🛒 [11:41:14 AM] TXN-1787892074383-167-263604
   Outlet 167 | Staff: Chong Wei Sheng | 5 items | S$75.52
   🚨 OUT OF STOCK: MNL_LAKSA, LMT_SATE, BEV_LATTE, BEV_MILO, BEV_ICED_TEA
🛒 [11:41:21 AM] TXN-1787892081354-168-909276
   Outlet 168 | Staff: Chua Kai Xin | 4 items | S$61.36
   🚨 OUT OF STOCK: MNL_LAKSA, BEV_LATTE, BEV_ORANGE_JUICE, BEV_KOPI_O

📊 STATS:
   Total Sales: 1550
   Total Revenue: S$62458.58
   Avg Ticket: S$40.30
   Low Stock Alerts: 56
   Out of Stock: 1541
──────────────────────────────────────────────────
💰 [11:41:28 AM] TXN-1787892088173-201-179172
   Outlet 201 | Staff: None | 2 items | S$23.60
   🚨 OUT OF STOCK: MNL_KWAY_TEOW, BEV_MILO
🛒 [11:41:34 AM] TXN-1787892094385-200-792699
   Outlet 200 | Staff: Syaza Aina | 4 items | S$62.54
   🚨 OUT OF STOCK: LMT_MIE_GORENG, BEV_KOPI_O, BEV_ORANGE_JUICE, BEV_ORANGE_JUICE
🛒 [11:41:41 AM] TXN-1787892101237-169-976826
   Outlet 169 | Staff: Ng Jun Hao | 3 items | S$35.99
   🚨 OUT OF STOCK: BEV_MILO, BEV_LATTE, BEV_KOPI_O
💰 [11:41:47 AM] TXN-1787892107888-167-958205
   Outlet 167 | Staff: Tan Wei Ming | 1 items | S$12.98
   🚨 OUT OF STOCK: MNL_RICE_BOWL
🛒 [11:41:53 AM] TXN-1787892113814-171-902645
   Outlet 171 | Staff: Chua Kai Xin | 3 items | S$32.45
   🚨 OUT OF STOCK: LMT_ROTI_CANAI, LMT_NASI_GORENG, BEV_ORANGE_JUICE
💰 [11:42:00 AM] TXN-1787892120302-168-723196
   Outlet 168 | Staff: Sanjay S/O Ramesh | 2 items | S$21.83
   🚨 OUT OF STOCK: BEV_ORANGE_JUICE, BEV_ICED_TEA
🛒 [11:42:06 AM] TXN-1787892126621-171-724121
   Outlet 171 | Staff: Chua Kai Xin | 3 items | S$40.71
   🚨 OUT OF STOCK: BEV_ORANGE_JUICE, BEV_LATTE, LMT_MIE_GORENG
🛒 [11:42:13 AM] TXN-1787892133118-164-155055
   Outlet 164 | Staff: Rajesh Kumar | 3 items | S$46.02
   🚨 OUT OF STOCK: LMT_SATE, BEV_ICED_TEA, BEV_KOPI_O
💰 [11:42:19 AM] TXN-1787892139549-202-801458
   Outlet 202 | Staff: None | 2 items | S$35.40
   🚨 OUT OF STOCK: LMT_SATE, BEV_ORANGE_JUICE
🛒 [11:42:25 AM] TXN-1787892145819-171-903772
   Outlet 171 | Staff: Chua Kai Xin | 4 items | S$51.33
   🚨 OUT OF STOCK: MNL_KWAY_TEOW, BEV_KOPI_O, BEV_ICED_TEA, BEV_KOPI_O

📊 STATS:
   Total Sales: 1560
   Total Revenue: S$62821.43
   Avg Ticket: S$40.27
   Low Stock Alerts: 56
   Out of Stock: 1551
──────────────────────────────────────────────────
💰 [11:42:32 AM] TXN-1787892152513-202-151232
   Outlet 202 | Staff: None | 1 items | S$9.44
   🚨 OUT OF STOCK: LMT_ROTI_CANAI
🛒 [11:42:38 AM] TXN-1787892158463-165-712479
   Outlet 165 | Staff: Ahmad Faiz Bin Hassan | 4 items | S$82.60
   🚨 OUT OF STOCK: LMT_ROTI_CANAI, MNL_LAKSA, BEV_MILO, BEV_LATTE
🛒 [11:42:45 AM] TXN-1787892165217-200-513573
   Outlet 200 | Staff: Syaza Aina | 5 items | S$100.89
   🚨 OUT OF STOCK: LMT_SATE, BEV_LATTE, MNL_BEEG_HOON, BEV_ORANGE_JUICE, MNL_CHICKEN_RICE
💰 [11:42:52 AM] TXN-1787892172234-201-743095
   Outlet 201 | Staff: None | 2 items | S$38.35
   🚨 OUT OF STOCK: MNL_LAKSA, BEV_LATTE
💰 [11:42:58 AM] TXN-1787892178417-170-919649
   Outlet 170 | Staff: Tan Wei Ming | 1 items | S$18.88
   🚨 OUT OF STOCK: MNL_BEEG_HOON
🛒 [11:43:04 AM] TXN-1787892184388-165-494865
   Outlet 165 | Staff: Lee Jia En | 4 items | S$38.35
   🚨 OUT OF STOCK: LMT_PRAWN_CRACKERS, BEV_KOPI_O, LMT_MIE_GORENG, BEV_ICED_TEA
💰 [11:43:11 AM] TXN-1787892191246-200-249462
   Outlet 200 | Staff: Syaza Aina | 1 items | S$8.85
   🚨 OUT OF STOCK: BEV_ORANGE_JUICE
🛒 [11:43:17 AM] TXN-1787892197187-201-855201
   Outlet 201 | Staff: None | 5 items | S$64.31
   🚨 OUT OF STOCK: MNL_BEEG_HOON, BEV_ICED_TEA, BEV_ICED_TEA, MNL_LAKSA, LMT_NASI_GORENG
🛒 [11:43:24 AM] TXN-1787892204338-169-295548
   Outlet 169 | Staff: Muhd Danish Bin Razak | 5 items | S$85.55
   🚨 OUT OF STOCK: MNL_BEEG_HOON, BEV_KOPI_O, BEV_LATTE, MNL_RICE_BOWL, BEV_KOPI_O
🛒 [11:43:31 AM] TXN-1787892211256-201-159506
   Outlet 201 | Staff: None | 5 items | S$64.31
   🚨 OUT OF STOCK: LMT_NASI_GORENG, BEV_KOPI_O, BEV_ICED_TEA, BEV_KOPI_O, LMT_NASI_GORENG

📊 STATS:
   Total Sales: 1570
   Total Revenue: S$63332.96
   Avg Ticket: S$40.34
   Low Stock Alerts: 56
   Out of Stock: 1561
──────────────────────────────────────────────────
💰 [11:43:38 AM] TXN-1787892218216-167-499367
   Outlet 167 | Staff: Sanjay S/O Ramesh | 2 items | S$46.61
   🚨 OUT OF STOCK: BEV_ORANGE_JUICE, MNL_BEEG_HOON
🛒 [11:43:44 AM] TXN-1787892224485-170-751178
   Outlet 170 | Staff: Lee Jia En | 4 items | S$54.28
   🚨 OUT OF STOCK: BEV_ORANGE_JUICE, BEV_ORANGE_JUICE, BEV_ORANGE_JUICE, LMT_ROTI_CANAI
💰 [11:43:51 AM] TXN-1787892231208-168-700351
   Outlet 168 | Staff: Chua Kai Xin | 2 items | S$30.68
   🚨 OUT OF STOCK: LMT_SATE, MNL_RICE_BOWL
🛒 [11:43:57 AM] TXN-1787892237502-170-937587
   Outlet 170 | Staff: Muhd Danish Bin Razak | 4 items | S$54.87
   🚨 OUT OF STOCK: MNL_CHICKEN_RICE, BEV_ORANGE_JUICE, LMT_NASI_GORENG, BEV_ICED_TEA
🛒 [11:44:04 AM] TXN-1787892244223-201-676635
   Outlet 201 | Staff: None | 4 items | S$74.93
   🚨 OUT OF STOCK: LMT_NASI_GORENG, BEV_KOPI_O, BEV_KOPI_O, MNL_BEEG_HOON
🛒 [11:44:11 AM] TXN-1787892251045-171-910944
   Outlet 171 | Staff: Tan Mei Hua | 3 items | S$61.95
   🚨 OUT OF STOCK: LMT_SATE, LMT_SATE, BEV_ORANGE_JUICE
🛒 [11:44:17 AM] TXN-1787892257557-202-505361
   Outlet 202 | Staff: None | 5 items | S$67.26
   🚨 OUT OF STOCK: LMT_MIE_GORENG, BEV_ICED_TEA, BEV_MILO, BEV_MILO, BEV_ORANGE_JUICE
🛒 [11:44:24 AM] TXN-1787892264612-200-430714
   Outlet 200 | Staff: Kumar Sanjay | 4 items | S$63.72
   🚨 OUT OF STOCK: MNL_KWAY_TEOW, BEV_ORANGE_JUICE, LMT_SATE, BEV_ICED_TEA
🛒 [11:44:31 AM] TXN-1787892271294-165-438547
   Outlet 165 | Staff: Lee Jia En | 5 items | S$57.82
   🚨 OUT OF STOCK: LMT_MIE_GORENG, BEV_LATTE, BEV_ICED_TEA, BEV_MILO, BEV_ICED_TEA
🛒 [11:44:38 AM] TXN-1787892278294-167-513726
   Outlet 167 | Staff: Rajesh Kumar | 4 items | S$67.26
   🚨 OUT OF STOCK: LMT_MIE_GORENG, BEV_ORANGE_JUICE, BEV_ORANGE_JUICE, BEV_LATTE

📊 STATS:
   Total Sales: 1580
   Total Revenue: S$63912.34
   Avg Ticket: S$40.45
   Low Stock Alerts: 56
   Out of Stock: 1571
──────────────────────────────────────────────────
🛒 [11:44:45 AM] TXN-1787892285035-202-482639
   Outlet 202 | Staff: None | 3 items | S$59.59
   🚨 OUT OF STOCK: BEV_ORANGE_JUICE, MNL_BEEG_HOON, BEV_ICED_TEA
💰 [11:44:51 AM] TXN-1787892291592-202-217371
   Outlet 202 | Staff: None | 1 items | S$8.26
   🚨 OUT OF STOCK: BEV_MILO
🛒 [11:44:57 AM] TXN-1787892297527-201-977956
   Outlet 201 | Staff: None | 4 items | S$54.87
   ⚠️ LOW STOCK: LMT_PRAWN_CRACKERS
   🚨 OUT OF STOCK: LMT_MIE_GORENG, BEV_LATTE, LMT_NASI_GORENG
💰 [11:45:04 AM] TXN-1787892304242-165-585490
   Outlet 165 | Staff: Muhd Danish Bin Razak | 2 items | S$20.65
   🚨 OUT OF STOCK: MNL_RICE_BOWL, BEV_KOPI_O
🛒 [11:45:10 AM] TXN-1787892310633-200-815851
   Outlet 200 | Staff: Syaza Aina | 3 items | S$28.32
   🚨 OUT OF STOCK: LMT_NASI_GORENG, BEV_KOPI_O, BEV_ICED_TEA
💰 [11:45:17 AM] TXN-1787892317070-200-690383
   Outlet 200 | Staff: Syaza Aina | 1 items | S$15.34
   🚨 OUT OF STOCK: MNL_KWAY_TEOW
💰 [11:45:23 AM] TXN-1787892323129-168-783613
   Outlet 168 | Staff: Li Ying Zhi | 2 items | S$25.96
   🚨 OUT OF STOCK: LMT_ROTI_CANAI, BEV_MILO
🛒 [11:45:29 AM] TXN-1787892329411-201-618338
   Outlet 201 | Staff: None | 5 items | S$58.41
   🚨 OUT OF STOCK: BEV_LATTE, BEV_MILO, BEV_MILO, BEV_ICED_TEA, BEV_ORANGE_JUICE
🛒 [11:45:36 AM] TXN-1787892336405-170-868261
   Outlet 170 | Staff: Ng Jun Hao | 3 items | S$48.38
   🚨 OUT OF STOCK: LMT_SATE, BEV_ORANGE_JUICE, BEV_ICED_TEA
💰 [11:45:43 AM] TXN-1787892343130-167-399110
   Outlet 167 | Staff: Lee Jia En | 2 items | S$31.86
   🚨 OUT OF STOCK: LMT_NASI_GORENG, BEV_ORANGE_JUICE

📊 STATS:
   Total Sales: 1590
   Total Revenue: S$64263.98
   Avg Ticket: S$40.42
   Low Stock Alerts: 57
   Out of Stock: 1581
──────────────────────────────────────────────────
💰 [11:45:49 AM] TXN-1787892349294-170-275189
   Outlet 170 | Staff: Ng Jun Hao | 1 items | S$17.70
   🚨 OUT OF STOCK: LMT_SATE
🛒 [11:45:55 AM] TXN-1787892355256-169-265816
   Outlet 169 | Staff: Ng Jun Hao | 3 items | S$44.25
   🚨 OUT OF STOCK: MNL_LAKSA, BEV_ORANGE_JUICE, BEV_MILO
🛒 [11:46:01 AM] TXN-1787892361865-202-999038
   Outlet 202 | Staff: None | 4 items | S$56.05
   🚨 OUT OF STOCK: BEV_KOPI_O, BEV_KOPI_O, BEV_ICED_TEA, BEV_LATTE
🛒 [11:46:08 AM] TXN-1787892368801-170-511578
   Outlet 170 | Staff: Lee Jia En | 3 items | S$38.35
   🚨 OUT OF STOCK: LMT_MIE_GORENG, BEV_ORANGE_JUICE, BEV_ORANGE_JUICE
🛒 [11:46:15 AM] TXN-1787892375322-169-246465
   Outlet 169 | Staff: Sanjay S/O Ramesh | 5 items | S$66.67
   🚨 OUT OF STOCK: BEV_MILO, BEV_KOPI_O, LMT_NASI_GORENG, BEV_ICED_TEA, BEV_MILO
🛒 [11:46:22 AM] TXN-1787892382473-201-832059
   Outlet 201 | Staff: None | 4 items | S$54.87
   🚨 OUT OF STOCK: BEV_MILO, MNL_LAKSA, BEV_MILO, BEV_LATTE
🛒 [11:46:29 AM] TXN-1787892389210-164-588436
   Outlet 164 | Staff: Tan Wei Ming | 4 items | S$59.59
   🚨 OUT OF STOCK: BEV_ORANGE_JUICE, MNL_KWAY_TEOW, BEV_LATTE, BEV_KOPI_O
🛒 [11:46:35 AM] TXN-1787892395939-165-382163
   Outlet 165 | Staff: Lee Jia En | 4 items | S$57.82
   🚨 OUT OF STOCK: LMT_ROTI_CANAI, MNL_BEEG_HOON, BEV_MILO, BEV_ICED_TEA
🛒 [11:46:42 AM] TXN-1787892402794-169-443271
   Outlet 169 | Staff: Tan Wei Ming | 3 items | S$62.54
   🚨 OUT OF STOCK: LMT_SATE, LMT_SATE, LMT_ROTI_CANAI
💰 [11:46:49 AM] TXN-1787892409308-170-318881
   Outlet 170 | Staff: Rajesh Kumar | 2 items | S$18.29
   🚨 OUT OF STOCK: BEV_MILO, BEV_LATTE

📊 STATS:
   Total Sales: 1600
   Total Revenue: S$64740.11
   Avg Ticket: S$40.46
   Low Stock Alerts: 57
   Out of Stock: 1591
──────────────────────────────────────────────────
🛒 [11:46:55 AM] TXN-1787892415568-168-658327
   Outlet 168 | Staff: Nurul Huda Bte Ali | 3 items | S$35.40
   🚨 OUT OF STOCK: LMT_SATE, BEV_LATTE, BEV_KOPI_O
🛒 [11:47:02 AM] TXN-1787892422113-167-358100
   Outlet 167 | Staff: Chong Wei Sheng | 5 items | S$64.90
   🚨 OUT OF STOCK: MNL_BEEG_HOON, BEV_MILO, BEV_KOPI_O, BEV_LATTE, BEV_LATTE
💰 [11:47:09 AM] TXN-1787892429314-201-205526
   Outlet 201 | Staff: None | 2 items | S$23.01
   🚨 OUT OF STOCK: LMT_NASI_GORENG, BEV_ORANGE_JUICE
🛒 [11:47:15 AM] TXN-1787892435671-170-476258
   Outlet 170 | Staff: Lim Pei Ling | 3 items | S$23.01
   🚨 OUT OF STOCK: BEV_MILO, BEV_MILO, BEV_ICED_TEA
💰 [11:47:22 AM] TXN-1787892442154-164-319540
   Outlet 164 | Staff: Priya D/O Mani | 2 items | S$25.96
   🚨 OUT OF STOCK: LMT_SATE, BEV_MILO
🛒 [11:47:28 AM] TXN-1787892448331-167-527289
   Outlet 167 | Staff: Lee Jia En | 3 items | S$44.84
   🚨 OUT OF STOCK: LMT_SATE, BEV_MILO, LMT_ROTI_CANAI
🛒 [11:47:34 AM] TXN-1787892454963-164-960180
   Outlet 164 | Staff: Priya D/O Mani | 4 items | S$48.38
   🚨 OUT OF STOCK: MNL_KWAY_TEOW, BEV_KOPI_O, MNL_KWAY_TEOW, BEV_LATTE
🛒 [11:47:41 AM] TXN-1787892461655-168-923551
   Outlet 168 | Staff: Sanjay S/O Ramesh | 5 items | S$77.88
   🚨 OUT OF STOCK: BEV_ORANGE_JUICE, BEV_ICED_TEA, LMT_NASI_GORENG, BEV_MILO, BEV_ORANGE_JUICE
🛒 [11:47:48 AM] TXN-1787892468714-168-333178
   Outlet 168 | Staff: Nurul Huda Bte Ali | 3 items | S$32.45
   🚨 OUT OF STOCK: LMT_PRAWN_CRACKERS, BEV_LATTE, BEV_ORANGE_JUICE
🛒 [11:47:55 AM] TXN-1787892475184-171-487186
   Outlet 171 | Staff: Nur Aisyah | 4 items | S$50.15
   🚨 OUT OF STOCK: LMT_PRAWN_CRACKERS, BEV_LATTE, BEV_LATTE, MNL_KWAY_TEOW

📊 STATS:
   Total Sales: 1610
   Total Revenue: S$65166.09
   Avg Ticket: S$40.48
   Low Stock Alerts: 57
   Out of Stock: 1601
──────────────────────────────────────────────────
💰 [11:48:02 AM] TXN-1787892482442-171-765331
   Outlet 171 | Staff: Lee Jia En | 1 items | S$9.44
   🚨 OUT OF STOCK: LMT_ROTI_CANAI
💰 [11:48:08 AM] TXN-1787892488694-171-710080
   Outlet 171 | Staff: Muhd Danish Bin Razak | 1 items | S$7.67
   🚨 OUT OF STOCK: BEV_KOPI_O
🛒 [11:48:14 AM] TXN-1787892494791-167-669688
   Outlet 167 | Staff: Ng Jun Hao | 5 items | S$56.64
   🚨 OUT OF STOCK: MNL_RICE_BOWL, BEV_KOPI_O, BEV_KOPI_O, BEV_ICED_TEA, BEV_ICED_TEA
💰 [11:48:21 AM] TXN-1787892501902-165-748760
   Outlet 165 | Staff: Lee Jia En | 1 items | S$6.49
   🚨 OUT OF STOCK: BEV_ICED_TEA
💰 [11:48:27 AM] TXN-1787892507894-164-919541
   Outlet 164 | Staff: Ng Jun Hao | 1 items | S$7.67
   🚨 OUT OF STOCK: BEV_KOPI_O
💰 [11:48:34 AM] TXN-1787892514114-171-623006
   Outlet 171 | Staff: Tan Mei Hua | 1 items | S$17.70
   🚨 OUT OF STOCK: LMT_SATE
🛒 [11:48:40 AM] TXN-1787892520042-171-547060
   Outlet 171 | Staff: Rajesh Kumar | 4 items | S$57.23
   🚨 OUT OF STOCK: BEV_LATTE, BEV_MILO, BEV_ORANGE_JUICE, BEV_ICED_TEA
💰 [11:48:46 AM] TXN-1787892526805-169-762339
   Outlet 169 | Staff: Koh Jia Yi | 2 items | S$24.19
   🚨 OUT OF STOCK: BEV_ICED_TEA, BEV_ORANGE_JUICE
💰 [11:48:53 AM] TXN-1787892533249-201-349968
   Outlet 201 | Staff: None | 2 items | S$21.83
   🚨 OUT OF STOCK: LMT_NASI_GORENG, BEV_KOPI_O
🛒 [11:48:59 AM] TXN-1787892539473-171-927048
   Outlet 171 | Staff: Muhd Danish Bin Razak | 4 items | S$57.23
   🚨 OUT OF STOCK: LMT_SATE, MNL_CHICKEN_RICE, BEV_ORANGE_JUICE, LMT_NASI_GORENG

📊 STATS:
   Total Sales: 1620
   Total Revenue: S$65432.18
   Avg Ticket: S$40.39
   Low Stock Alerts: 57
   Out of Stock: 1611
──────────────────────────────────────────────────
💰 [11:49:06 AM] TXN-1787892546205-200-912409
   Outlet 200 | Staff: Priya D/O Mani | 1 items | S$10.03
   🚨 OUT OF STOCK: BEV_LATTE
🛒 [11:49:12 AM] TXN-1787892552168-200-644885
   Outlet 200 | Staff: Syaza Aina | 5 items | S$61.95
   🚨 OUT OF STOCK: LMT_PRAWN_CRACKERS, BEV_LATTE, BEV_KOPI_O, BEV_KOPI_O, BEV_MILO
💰 [11:49:19 AM] TXN-1787892559180-170-635096
   Outlet 170 | Staff: Ng Jun Hao | 1 items | S$4.72
   ⚠️ LOW STOCK: LMT_PRAWN_CRACKERS
🛒 [11:49:25 AM] TXN-1787892565183-167-391820
   Outlet 167 | Staff: Nurul Huda Bte Ali | 5 items | S$56.05
   🚨 OUT OF STOCK: BEV_ORANGE_JUICE, BEV_ICED_TEA, BEV_MILO, BEV_ORANGE_JUICE, BEV_ORANGE_JUICE
💰 [11:49:32 AM] TXN-1787892572149-164-767666
   Outlet 164 | Staff: Chua Kai Xin | 2 items | S$14.75
   ⚠️ LOW STOCK: LMT_PRAWN_CRACKERS
   🚨 OUT OF STOCK: BEV_LATTE
🛒 [11:49:38 AM] TXN-1787892578443-171-923591
   Outlet 171 | Staff: Rajesh Kumar | 5 items | S$106.20
   🚨 OUT OF STOCK: MNL_LAKSA, BEV_ORANGE_JUICE, MNL_RICE_BOWL, MNL_CHICKEN_RICE, BEV_LATTE
💰 [11:49:45 AM] TXN-1787892585467-202-959247
   Outlet 202 | Staff: None | 1 items | S$18.29
   🚨 OUT OF STOCK: MNL_LAKSA
🛒 [11:49:51 AM] TXN-1787892591418-200-334318
   Outlet 200 | Staff: Kumar Sanjay | 4 items | S$54.28
   🚨 OUT OF STOCK: BEV_MILO, BEV_LATTE, BEV_MILO, LMT_PRAWN_CRACKERS
💰 [11:49:58 AM] TXN-1787892598242-164-353707
   Outlet 164 | Staff: Tan Wei Ming | 1 items | S$6.49
   🚨 OUT OF STOCK: BEV_ICED_TEA
🛒 [11:50:04 AM] TXN-1787892604138-170-844477
   Outlet 170 | Staff: Lee Jia En | 4 items | S$51.33
   🚨 OUT OF STOCK: BEV_KOPI_O, MNL_LAKSA, BEV_KOPI_O, BEV_ORANGE_JUICE

📊 STATS:
   Total Sales: 1630
   Total Revenue: S$65816.27
   Avg Ticket: S$40.38
   Low Stock Alerts: 59
   Out of Stock: 1620
──────────────────────────────────────────────────
🛒 [11:50:11 AM] TXN-1787892611106-164-428130
   Outlet 164 | Staff: Ong Wei Jian | 5 items | S$81.42
   🚨 OUT OF STOCK: MNL_RICE_BOWL, LMT_SATE, LMT_ROTI_CANAI, BEV_MILO, MNL_CHICKEN_RICE
🛒 [11:50:18 AM] TXN-1787892618163-165-280375
   Outlet 165 | Staff: Lee Jia En | 4 items | S$61.36
   🚨 OUT OF STOCK: MNL_RICE_BOWL, BEV_LATTE, MNL_KWAY_TEOW, BEV_ICED_TEA
💰 [11:50:24 AM] TXN-1787892624938-168-892759
   Outlet 168 | Staff: Chua Kai Xin | 1 items | S$11.80
   🚨 OUT OF STOCK: LMT_MIE_GORENG
🛒 [11:50:30 AM] TXN-1787892630931-170-222846
   Outlet 170 | Staff: Ng Jun Hao | 4 items | S$59.00
   ⚠️ LOW STOCK: LMT_PRAWN_CRACKERS
   🚨 OUT OF STOCK: BEV_LATTE, MNL_LAKSA, BEV_KOPI_O
💰 [11:50:37 AM] TXN-1787892637645-168-470085
   Outlet 168 | Staff: Priya D/O Mani | 2 items | S$22.42
   🚨 OUT OF STOCK: MNL_RICE_BOWL, LMT_PRAWN_CRACKERS
🛒 [11:50:43 AM] TXN-1787892643941-167-730858
   Outlet 167 | Staff: Sanjay S/O Ramesh | 5 items | S$60.18
   🚨 OUT OF STOCK: BEV_ORANGE_JUICE, BEV_KOPI_O, BEV_ICED_TEA, BEV_ICED_TEA, BEV_ORANGE_JUICE
💰 [11:50:50 AM] TXN-1787892650986-165-441779
   Outlet 165 | Staff: Tan Wei Ming | 2 items | S$35.40
   🚨 OUT OF STOCK: MNL_BEEG_HOON, BEV_MILO
🛒 [11:50:57 AM] TXN-1787892657204-169-481561
   Outlet 169 | Staff: Sanjay S/O Ramesh | 4 items | S$48.38
   ⚠️ LOW STOCK: LMT_PRAWN_CRACKERS
   🚨 OUT OF STOCK: MNL_LAKSA, BEV_MILO, BEV_ORANGE_JUICE
💰 [11:51:03 AM] TXN-1787892663954-202-223035
   Outlet 202 | Staff: None | 2 items | S$21.83
   🚨 OUT OF STOCK: MNL_KWAY_TEOW, BEV_ICED_TEA
🛒 [11:51:10 AM] TXN-1787892670421-171-713849
   Outlet 171 | Staff: Nurul Huda Bte Ali | 5 items | S$58.41
   🚨 OUT OF STOCK: LMT_SATE, BEV_ORANGE_JUICE, BEV_ICED_TEA, BEV_MILO, BEV_MILO

📊 STATS:
   Total Sales: 1640
   Total Revenue: S$66276.47
   Avg Ticket: S$40.41
   Low Stock Alerts: 61
   Out of Stock: 1630
──────────────────────────────────────────────────
🛒 [11:51:17 AM] TXN-1787892677383-201-460152
   Outlet 201 | Staff: None | 3 items | S$34.22
   🚨 OUT OF STOCK: BEV_ORANGE_JUICE, BEV_MILO, BEV_ORANGE_JUICE
🛒 [11:51:23 AM] TXN-1787892683919-168-904815
   Outlet 168 | Staff: Chua Kai Xin | 3 items | S$51.33
   🚨 OUT OF STOCK: MNL_LAKSA, BEV_ORANGE_JUICE, BEV_KOPI_O
💰 [11:51:30 AM] TXN-1787892690462-164-299357
   Outlet 164 | Staff: Rajesh Kumar | 2 items | S$28.91
   🚨 OUT OF STOCK: MNL_BEEG_HOON, BEV_LATTE
🛒 [11:51:36 AM] TXN-1787892696733-167-636973
   Outlet 167 | Staff: Chong Wei Sheng | 5 items | S$102.66
   🚨 OUT OF STOCK: MNL_KWAY_TEOW, BEV_KOPI_O, BEV_ORANGE_JUICE, BEV_MILO, MNL_BEEG_HOON
💰 [11:51:43 AM] TXN-1787892703704-165-893300
   Outlet 165 | Staff: Muhd Danish Bin Razak | 1 items | S$12.98
   🚨 OUT OF STOCK: MNL_RICE_BOWL
🛒 [11:51:49 AM] TXN-1787892709798-168-326970
   Outlet 168 | Staff: Nurul Huda Bte Ali | 4 items | S$90.86
   🚨 OUT OF STOCK: MNL_BEEG_HOON, MNL_BEEG_HOON, MNL_LAKSA, BEV_MILO
💰 [11:51:56 AM] TXN-1787892716501-170-530373
   Outlet 170 | Staff: Tan Wei Ming | 1 items | S$6.49
   🚨 OUT OF STOCK: BEV_ICED_TEA
🛒 [11:52:02 AM] TXN-1787892722452-164-786431
   Outlet 164 | Staff: Nurul Huda Bte Ali | 4 items | S$67.26
   🚨 OUT OF STOCK: MNL_RICE_BOWL, MNL_CHICKEN_RICE, BEV_ICED_TEA, BEV_MILO
🛒 [11:52:09 AM] TXN-1787892729341-170-155425
   Outlet 170 | Staff: Muhd Danish Bin Razak | 3 items | S$41.89
   🚨 OUT OF STOCK: BEV_LATTE, BEV_KOPI_O, BEV_MILO
🛒 [11:52:15 AM] TXN-1787892735855-167-479946
   Outlet 167 | Staff: Sanjay S/O Ramesh | 4 items | S$68.44
   🚨 OUT OF STOCK: LMT_SATE, BEV_KOPI_O, BEV_ORANGE_JUICE, BEV_ORANGE_JUICE

📊 STATS:
   Total Sales: 1650
   Total Revenue: S$66781.51
   Avg Ticket: S$40.47
   Low Stock Alerts: 61
   Out of Stock: 1640
──────────────────────────────────────────────────
💰 [11:52:22 AM] TXN-1787892742830-170-891806
   Outlet 170 | Staff: Muhd Danish Bin Razak | 2 items | S$20.65
   🚨 OUT OF STOCK: LMT_NASI_GORENG, BEV_ICED_TEA
🛒 [11:52:29 AM] TXN-1787892749031-170-675400
   Outlet 170 | Staff: Tan Wei Ming | 3 items | S$34.22
   🚨 OUT OF STOCK: BEV_LATTE, BEV_MILO, BEV_KOPI_O
🛒 [11:52:35 AM] TXN-1787892755531-170-581175
   Outlet 170 | Staff: Lim Pei Ling | 5 items | S$56.64
   🚨 OUT OF STOCK: MNL_BEEG_HOON, BEV_MILO, BEV_ICED_TEA, BEV_KOPI_O, BEV_KOPI_O
🛒 [11:52:42 AM] TXN-1787892762706-200-695405
   Outlet 200 | Staff: Kumar Sanjay | 3 items | S$38.35
   🚨 OUT OF STOCK: BEV_LATTE, BEV_KOPI_O, BEV_ICED_TEA
💰 [11:52:49 AM] TXN-1787892769299-167-306050
   Outlet 167 | Staff: Tan Wei Ming | 2 items | S$21.83
   🚨 OUT OF STOCK: BEV_ORANGE_JUICE, BEV_ICED_TEA
💰 [11:52:56 AM] TXN-1787892776925-170-105278
   Outlet 170 | Staff: Rajesh Kumar | 2 items | S$20.06
   ⚠️ LOW STOCK: LMT_PRAWN_CRACKERS
   🚨 OUT OF STOCK: BEV_KOPI_O
💰 [11:53:04 AM] TXN-1787892784756-171-642933
   Outlet 171 | Staff: Lee Jia En | 1 items | S$15.34
   🚨 OUT OF STOCK: MNL_KWAY_TEOW
🛒 [11:53:11 AM] TXN-1787892791433-201-155390
   Outlet 201 | Staff: None | 3 items | S$48.38
   🚨 OUT OF STOCK: LMT_MIE_GORENG, BEV_LATTE, BEV_MILO
🛒 [11:53:20 AM] TXN-1787892800288-164-396555
   Outlet 164 | Staff: Ng Jun Hao | 5 items | S$73.16
   🚨 OUT OF STOCK: MNL_LAKSA, BEV_ICED_TEA, BEV_KOPI_O, BEV_ORANGE_JUICE, BEV_ORANGE_JUICE
💰 [11:53:29 AM] TXN-1787892809987-169-607369
   Outlet 169 | Staff: Tan Wei Ming | 1 items | S$16.52
   🚨 OUT OF STOCK: MNL_CHICKEN_RICE

📊 STATS:
   Total Sales: 1660
   Total Revenue: S$67126.66
   Avg Ticket: S$40.44
   Low Stock Alerts: 62
   Out of Stock: 1650
──────────────────────────────────────────────────
🛒 [11:53:37 AM] TXN-1787892817030-171-249861
   Outlet 171 | Staff: Sanjay S/O Ramesh | 5 items | S$64.90
   🚨 OUT OF STOCK: BEV_MILO, BEV_ORANGE_JUICE, BEV_ORANGE_JUICE, LMT_MIE_GORENG, LMT_PRAWN_CRACKERS
💰 [11:53:44 AM] TXN-1787892824725-170-401893
   Outlet 170 | Staff: Ng Jun Hao | 2 items | S$14.75
   🚨 OUT OF STOCK: BEV_ICED_TEA, BEV_MILO
🛒 [11:53:51 AM] TXN-1787892831063-169-775652
   Outlet 169 | Staff: Sanjay S/O Ramesh | 5 items | S$79.65
   🚨 OUT OF STOCK: MNL_BEEG_HOON, LMT_MIE_GORENG, BEV_KOPI_O, BEV_KOPI_O, BEV_ICED_TEA
💰 [11:53:58 AM] TXN-1787892838743-167-879979
   Outlet 167 | Staff: Tan Wei Ming | 2 items | S$31.86
   🚨 OUT OF STOCK: LMT_MIE_GORENG, BEV_LATTE
💰 [11:54:04 AM] TXN-1787892844940-202-619771
   Outlet 202 | Staff: None | 1 items | S$18.29
   🚨 OUT OF STOCK: MNL_LAKSA
🛒 [11:54:11 AM] TXN-1787892851153-171-758424
   Outlet 171 | Staff: Chua Kai Xin | 3 items | S$35.40
   🚨 OUT OF STOCK: BEV_LATTE, BEV_KOPI_O, BEV_LATTE
🛒 [11:54:17 AM] TXN-1787892857843-164-842290
   Outlet 164 | Staff: Rajesh Kumar | 5 items | S$52.51
   🚨 OUT OF STOCK: LMT_MIE_GORENG, BEV_KOPI_O, BEV_KOPI_O, BEV_KOPI_O, BEV_ORANGE_JUICE
🛒 [11:54:25 AM] TXN-1787892865193-202-616124
   Outlet 202 | Staff: None | 4 items | S$63.13
   🚨 OUT OF STOCK: BEV_KOPI_O, BEV_MILO, MNL_BEEG_HOON, BEV_LATTE
💰 [11:54:31 AM] TXN-1787892871995-165-754311
   Outlet 165 | Staff: Ahmad Faiz Bin Hassan | 2 items | S$24.78
   🚨 OUT OF STOCK: BEV_MILO, BEV_MILO
🛒 [11:54:38 AM] TXN-1787892878186-171-931743
   Outlet 171 | Staff: Nurul Huda Bte Ali | 3 items | S$21.24
   🚨 OUT OF STOCK: BEV_MILO, BEV_ICED_TEA, BEV_ICED_TEA

📊 STATS:
   Total Sales: 1670
   Total Revenue: S$67533.17
   Avg Ticket: S$40.44
   Low Stock Alerts: 62
   Out of Stock: 1660
──────────────────────────────────────────────────
🛒 [11:54:44 AM] TXN-1787892884703-169-651077
   Outlet 169 | Staff: Lee Jia En | 3 items | S$38.94
   🚨 OUT OF STOCK: MNL_KWAY_TEOW, BEV_MILO, BEV_KOPI_O
🛒 [11:54:51 AM] TXN-1787892891166-167-412677
   Outlet 167 | Staff: Lee Jia En | 4 items | S$46.61
   🚨 OUT OF STOCK: LMT_NASI_GORENG, LMT_ROTI_CANAI, BEV_MILO, BEV_ICED_TEA
🛒 [11:54:57 AM] TXN-1787892897928-167-561983
   Outlet 167 | Staff: Ng Jun Hao | 4 items | S$61.36
   🚨 OUT OF STOCK: MNL_CHICKEN_RICE, LMT_MIE_GORENG, BEV_LATTE, MNL_RICE_BOWL
🛒 [11:55:04 AM] TXN-1787892904861-165-388891
   Outlet 165 | Staff: Ng Jun Hao | 4 items | S$60.18
   🚨 OUT OF STOCK: MNL_LAKSA, BEV_ICED_TEA, BEV_ORANGE_JUICE, BEV_LATTE
💰 [11:55:11 AM] TXN-1787892911633-200-784222
   Outlet 200 | Staff: Kumar Sanjay | 1 items | S$8.85
   🚨 OUT OF STOCK: BEV_ORANGE_JUICE
🛒 [11:55:17 AM] TXN-1787892917674-169-660370
   Outlet 169 | Staff: Muhd Danish Bin Razak | 3 items | S$51.33
   🚨 OUT OF STOCK: MNL_KWAY_TEOW, MNL_RICE_BOWL, BEV_LATTE
🛒 [11:55:24 AM] TXN-1787892924155-167-112359
   Outlet 167 | Staff: Ng Jun Hao | 5 items | S$66.08
   🚨 OUT OF STOCK: LMT_SATE, BEV_ORANGE_JUICE, BEV_MILO, BEV_KOPI_O, BEV_KOPI_O
🛒 [11:55:31 AM] TXN-1787892931258-167-309762
   Outlet 167 | Staff: Tan Wei Ming | 5 items | S$65.49
   🚨 OUT OF STOCK: LMT_SATE, LMT_ROTI_CANAI, BEV_ICED_TEA, BEV_KOPI_O, BEV_ORANGE_JUICE
🛒 [11:55:38 AM] TXN-1787892938257-200-110391
   Outlet 200 | Staff: Priya D/O Mani | 4 items | S$53.69
   🚨 OUT OF STOCK: BEV_LATTE, LMT_MIE_GORENG, LMT_PRAWN_CRACKERS, BEV_KOPI_O
🛒 [11:55:44 AM] TXN-1787892944978-200-980571
   Outlet 200 | Staff: Syaza Aina | 4 items | S$39.53
   🚨 OUT OF STOCK: MNL_LAKSA, BEV_KOPI_O, LMT_PRAWN_CRACKERS, BEV_ORANGE_JUICE

📊 STATS:
   Total Sales: 1680
   Total Revenue: S$68025.23
   Avg Ticket: S$40.49
   Low Stock Alerts: 62
   Out of Stock: 1670
──────────────────────────────────────────────────
💰 [11:55:51 AM] TXN-1787892951789-201-607870
   Outlet 201 | Staff: None | 1 items | S$8.85
   🚨 OUT OF STOCK: BEV_ORANGE_JUICE
🛒 [11:55:57 AM] TXN-1787892957730-165-824617
   Outlet 165 | Staff: Lee Jia En | 5 items | S$72.57
   🚨 OUT OF STOCK: LMT_SATE, BEV_ORANGE_JUICE, BEV_MILO, BEV_KOPI_O, BEV_ICED_TEA
🛒 [11:56:04 AM] TXN-1787892964678-165-259314
   Outlet 165 | Staff: Lee Jia En | 5 items | S$66.08
   🚨 OUT OF STOCK: BEV_ORANGE_JUICE, LMT_ROTI_CANAI, BEV_ICED_TEA, BEV_LATTE, BEV_KOPI_O
🛒 [11:56:11 AM] TXN-1787892971746-202-176963
   Outlet 202 | Staff: None | 4 items | S$79.06
   🚨 OUT OF STOCK: MNL_RICE_BOWL, BEV_KOPI_O, MNL_BEEG_HOON, BEV_ICED_TEA
💰 [11:56:18 AM] TXN-1787892978547-200-552945
   Outlet 200 | Staff: Syaza Aina | 1 items | S$9.44
   🚨 OUT OF STOCK: LMT_ROTI_CANAI
💰 [11:56:24 AM] TXN-1787892984751-201-233867
   Outlet 201 | Staff: None | 1 items | S$6.49
   🚨 OUT OF STOCK: BEV_ICED_TEA
🛒 [11:56:30 AM] TXN-1787892990820-169-409899
   Outlet 169 | Staff: Sanjay S/O Ramesh | 4 items | S$67.26
   🚨 OUT OF STOCK: BEV_ORANGE_JUICE, MNL_LAKSA, BEV_ICED_TEA, BEV_KOPI_O
💰 [11:56:37 AM] TXN-1787892997595-167-116956
   Outlet 167 | Staff: Ahmad Faiz Bin Hassan | 1 items | S$17.70
   🚨 OUT OF STOCK: LMT_SATE
🛒 [11:56:43 AM] TXN-1787893003561-164-887307
   Outlet 164 | Staff: Ong Wei Jian | 5 items | S$82.01
   🚨 OUT OF STOCK: MNL_KWAY_TEOW, BEV_ICED_TEA, BEV_MILO, BEV_KOPI_O, LMT_NASI_GORENG
💰 [11:56:50 AM] TXN-1787893010557-200-904453
   Outlet 200 | Staff: Priya D/O Mani | 1 items | S$14.16
   🚨 OUT OF STOCK: LMT_NASI_GORENG

📊 STATS:
   Total Sales: 1690
   Total Revenue: S$68448.85
   Avg Ticket: S$40.50
   Low Stock Alerts: 62
   Out of Stock: 1680
──────────────────────────────────────────────────
🛒 [11:56:56 AM] TXN-1787893016481-200-691218
   Outlet 200 | Staff: Priya D/O Mani | 5 items | S$51.33
   🚨 OUT OF STOCK: MNL_RICE_BOWL, BEV_MILO, BEV_ICED_TEA, BEV_ORANGE_JUICE, BEV_MILO
💰 [11:57:03 AM] TXN-1787893023647-170-491741
   Outlet 170 | Staff: Ng Jun Hao | 2 items | S$20.65
   🚨 OUT OF STOCK: LMT_NASI_GORENG, BEV_ICED_TEA
🛒 [11:57:09 AM] TXN-1787893029858-202-130143
   Outlet 202 | Staff: None | 4 items | S$50.15
   🚨 OUT OF STOCK: BEV_KOPI_O, BEV_MILO, BEV_LATTE, LMT_NASI_GORENG
💰 [11:57:16 AM] TXN-1787893036611-171-643173
   Outlet 171 | Staff: Priya D/O Mani | 2 items | S$19.47
   🚨 OUT OF STOCK: LMT_ROTI_CANAI, BEV_LATTE
🛒 [11:57:22 AM] TXN-1787893042865-165-392859
   Outlet 165 | Staff: Ng Jun Hao | 5 items | S$72.57
   🚨 OUT OF STOCK: MNL_CHICKEN_RICE, LMT_MIE_GORENG, BEV_LATTE, LMT_PRAWN_CRACKERS, BEV_KOPI_O
💰 [11:57:29 AM] TXN-1787893049971-200-849851
   Outlet 200 | Staff: Kumar Sanjay | 2 items | S$21.83
   🚨 OUT OF STOCK: BEV_KOPI_O, LMT_NASI_GORENG
🛒 [11:57:36 AM] TXN-1787893056163-170-359268
   Outlet 170 | Staff: Tan Wei Ming | 4 items | S$89.68
   🚨 OUT OF STOCK: LMT_SATE, MNL_CHICKEN_RICE, BEV_KOPI_O, LMT_MIE_GORENG
🛒 [11:57:42 AM] TXN-1787893062840-201-225003
   Outlet 201 | Staff: None | 4 items | S$67.26
   🚨 OUT OF STOCK: MNL_RICE_BOWL, LMT_NASI_GORENG, BEV_ICED_TEA, BEV_ICED_TEA
💰 [11:57:49 AM] TXN-1787893069532-170-524339
   Outlet 170 | Staff: Tan Wei Ming | 1 items | S$8.85
   🚨 OUT OF STOCK: BEV_ORANGE_JUICE
💰 [11:57:55 AM] TXN-1787893075502-165-948290
   Outlet 165 | Staff: Tan Wei Ming | 2 items | S$25.96
   🚨 OUT OF STOCK: LMT_ROTI_CANAI, BEV_MILO

📊 STATS:
   Total Sales: 1700
   Total Revenue: S$68876.60
   Avg Ticket: S$40.52
   Low Stock Alerts: 62
   Out of Stock: 1690
──────────────────────────────────────────────────
🛒 [11:58:01 AM] TXN-1787893081731-164-878984
   Outlet 164 | Staff: Ong Wei Jian | 5 items | S$74.93
   🚨 OUT OF STOCK: MNL_BEEG_HOON, BEV_KOPI_O, BEV_KOPI_O, BEV_ICED_TEA, BEV_LATTE
💰 [11:58:08 AM] TXN-1787893088801-167-691984
   Outlet 167 | Staff: Rajesh Kumar | 1 items | S$9.44
   🚨 OUT OF STOCK: LMT_ROTI_CANAI
🛒 [11:58:14 AM] TXN-1787893094723-164-539396
   Outlet 164 | Staff: Tan Wei Ming | 3 items | S$35.99
   🚨 OUT OF STOCK: MNL_RICE_BOWL, BEV_KOPI_O, BEV_KOPI_O
🛒 [11:58:21 AM] TXN-1787893101195-168-367144
   Outlet 168 | Staff: Li Ying Zhi | 5 items | S$67.85
   🚨 OUT OF STOCK: BEV_LATTE, BEV_ORANGE_JUICE, BEV_KOPI_O, BEV_MILO, BEV_MILO
🛒 [11:58:28 AM] TXN-1787893108276-202-347032
   Outlet 202 | Staff: None | 5 items | S$68.44
   🚨 OUT OF STOCK: MNL_CHICKEN_RICE, LMT_ROTI_CANAI, BEV_MILO, BEV_ICED_TEA, BEV_ICED_TEA
🛒 [11:58:35 AM] TXN-1787893115244-170-963497
   Outlet 170 | Staff: Muhd Danish Bin Razak | 5 items | S$78.47
   🚨 OUT OF STOCK: MNL_BEEG_HOON, LMT_MIE_GORENG, MNL_RICE_BOWL, BEV_ICED_TEA, BEV_MILO
🛒 [11:58:42 AM] TXN-1787893122384-201-653063
   Outlet 201 | Staff: None | 4 items | S$53.69
   🚨 OUT OF STOCK: BEV_ORANGE_JUICE, LMT_ROTI_CANAI, MNL_KWAY_TEOW, BEV_LATTE
💰 [11:58:49 AM] TXN-1787893129134-167-720838
   Outlet 167 | Staff: Ng Jun Hao | 1 items | S$18.88
   🚨 OUT OF STOCK: MNL_BEEG_HOON
💰 [11:58:55 AM] TXN-1787893135202-202-580100
   Outlet 202 | Staff: None | 1 items | S$12.98
   🚨 OUT OF STOCK: MNL_RICE_BOWL
🛒 [11:59:01 AM] TXN-1787893141272-167-801468
   Outlet 167 | Staff: Lee Jia En | 4 items | S$84.96
   🚨 OUT OF STOCK: MNL_KWAY_TEOW, BEV_KOPI_O, BEV_ORANGE_JUICE, MNL_LAKSA

📊 STATS:
   Total Sales: 1710
   Total Revenue: S$69382.23
   Avg Ticket: S$40.57
   Low Stock Alerts: 62
   Out of Stock: 1700
──────────────────────────────────────────────────
🛒 [11:59:08 AM] TXN-1787893148081-168-392388
   Outlet 168 | Staff: Ng Jun Hao | 3 items | S$25.96
   🚨 OUT OF STOCK: MNL_RICE_BOWL, BEV_ICED_TEA, BEV_ICED_TEA
🛒 [11:59:14 AM] TXN-1787893154574-169-607991
   Outlet 169 | Staff: Sanjay S/O Ramesh | 3 items | S$35.40
   🚨 OUT OF STOCK: BEV_KOPI_O, BEV_KOPI_O, BEV_LATTE
🛒 [11:59:21 AM] TXN-1787893161149-171-880220
   Outlet 171 | Staff: Tan Wei Ming | 3 items | S$25.96
   🚨 OUT OF STOCK: LMT_MIE_GORENG, BEV_KOPI_O, BEV_ICED_TEA
💰 [11:59:28 AM] TXN-1787893168250-170-798255
   Outlet 170 | Staff: Tan Wei Ming | 2 items | S$28.32
   🚨 OUT OF STOCK: MNL_RICE_BOWL, MNL_KWAY_TEOW
💰 [11:59:34 AM] TXN-1787893174465-201-117656
   Outlet 201 | Staff: None | 2 items | S$24.19
   🚨 OUT OF STOCK: MNL_CHICKEN_RICE, BEV_KOPI_O
💰 [11:59:40 AM] TXN-1787893180758-167-566263
   Outlet 167 | Staff: Chong Wei Sheng | 1 items | S$15.34
   🚨 OUT OF STOCK: MNL_KWAY_TEOW
💰 [11:59:46 AM] TXN-1787893186758-201-989484
   Outlet 201 | Staff: None | 1 items | S$12.98
   🚨 OUT OF STOCK: MNL_RICE_BOWL
🛒 [11:59:52 AM] TXN-1787893192772-169-160035
   Outlet 169 | Staff: Tan Wei Ming | 5 items | S$63.13
   ⚠️ LOW STOCK: LMT_PRAWN_CRACKERS
   🚨 OUT OF STOCK: LMT_NASI_GORENG, BEV_KOPI_O, BEV_KOPI_O, MNL_CHICKEN_RICE
🛒 [11:59:59 AM] TXN-1787893199794-168-355273
   Outlet 168 | Staff: Sanjay S/O Ramesh | 4 items | S$50.15
   🚨 OUT OF STOCK: LMT_PRAWN_CRACKERS, BEV_MILO, BEV_ORANGE_JUICE, BEV_LATTE
🛒 [12:00:07 PM] TXN-1787893207577-201-349550
   Outlet 201 | Staff: None | 3 items | S$44.25
   🚨 OUT OF STOCK: BEV_ORANGE_JUICE, BEV_KOPI_O, BEV_LATTE

📊 STATS:
   Total Sales: 1720
   Total Revenue: S$69707.91
   Avg Ticket: S$40.53
   Low Stock Alerts: 63
   Out of Stock: 1710
──────────────────────────────────────────────────
💰 [12:00:14 PM] TXN-1787893214228-200-951160
   Outlet 200 | Staff: Priya D/O Mani | 1 items | S$9.44
   🚨 OUT OF STOCK: LMT_ROTI_CANAI
💰 [12:00:20 PM] TXN-1787893220369-169-605018
   Outlet 169 | Staff: Tan Wei Ming | 2 items | S$17.70
   🚨 OUT OF STOCK: BEV_LATTE, BEV_KOPI_O
💰 [12:00:26 PM] TXN-1787893226844-200-422622
   Outlet 200 | Staff: Priya D/O Mani | 2 items | S$31.86
   🚨 OUT OF STOCK: MNL_KWAY_TEOW, BEV_MILO
🛒 [12:00:33 PM] TXN-1787893233255-168-295152
   Outlet 168 | Staff: Sanjay S/O Ramesh | 4 items | S$44.84
   🚨 OUT OF STOCK: BEV_ORANGE_JUICE, BEV_KOPI_O, BEV_KOPI_O, BEV_ICED_TEA
🛒 [12:00:40 PM] TXN-1787893240010-169-609920
   Outlet 169 | Staff: Lee Jia En | 4 items | S$47.20
   🚨 OUT OF STOCK: BEV_KOPI_O, BEV_LATTE, BEV_KOPI_O, LMT_MIE_GORENG
🛒 [12:00:46 PM] TXN-1787893246736-202-219641
   Outlet 202 | Staff: None | 4 items | S$44.25
   🚨 OUT OF STOCK: LMT_PRAWN_CRACKERS, BEV_ICED_TEA, BEV_KOPI_O, BEV_ORANGE_JUICE
🛒 [12:00:53 PM] TXN-1787893253578-164-613486
   Outlet 164 | Staff: Ong Wei Jian | 5 items | S$76.11
   🚨 OUT OF STOCK: BEV_ORANGE_JUICE, BEV_ORANGE_JUICE, BEV_ICED_TEA, MNL_BEEG_HOON, BEV_ORANGE_JUICE
💰 [12:01:03 PM] TXN-1787893263742-164-607556
   Outlet 164 | Staff: Priya D/O Mani | 1 items | S$15.34
   🚨 OUT OF STOCK: MNL_KWAY_TEOW
🛒 [12:01:09 PM] TXN-1787893269801-170-356556
   Outlet 170 | Staff: Tan Wei Ming | 4 items | S$59.00
   🚨 OUT OF STOCK: LMT_ROTI_CANAI, MNL_CHICKEN_RICE, MNL_RICE_BOWL, BEV_LATTE
💰 [12:01:16 PM] TXN-1787893276736-202-292265
   Outlet 202 | Staff: None | 1 items | S$11.80
   🚨 OUT OF STOCK: LMT_MIE_GORENG

📊 STATS:
   Total Sales: 1730
   Total Revenue: S$70065.45
   Avg Ticket: S$40.50
   Low Stock Alerts: 63
   Out of Stock: 1720
──────────────────────────────────────────────────
🛒 [12:01:22 PM] TXN-1787893282776-202-935013
   Outlet 202 | Staff: None | 5 items | S$58.41
   🚨 OUT OF STOCK: BEV_KOPI_O, BEV_ORANGE_JUICE, BEV_KOPI_O, BEV_KOPI_O, LMT_SATE
💰 [12:01:29 PM] TXN-1787893289846-200-824770
   Outlet 200 | Staff: Syaza Aina | 2 items | S$17.11
   🚨 OUT OF STOCK: BEV_MILO, BEV_ORANGE_JUICE
🛒 [12:01:36 PM] TXN-1787893296194-168-187227
   Outlet 168 | Staff: Lee Jia En | 3 items | S$42.48
   🚨 OUT OF STOCK: LMT_SATE, MNL_RICE_BOWL, LMT_MIE_GORENG
🛒 [12:01:42 PM] TXN-1787893302814-170-120449
   Outlet 170 | Staff: Tan Wei Ming | 3 items | S$39.53
   🚨 OUT OF STOCK: MNL_KWAY_TEOW, LMT_SATE, BEV_ICED_TEA
🛒 [12:01:49 PM] TXN-1787893309298-168-631803
   Outlet 168 | Staff: Chua Kai Xin | 5 items | S$43.66
   🚨 OUT OF STOCK: LMT_MIE_GORENG, LMT_ROTI_CANAI, BEV_KOPI_O, BEV_MILO, BEV_ICED_TEA
🛒 [12:01:56 PM] TXN-1787893316459-167-129673
   Outlet 167 | Staff: Tan Wei Ming | 5 items | S$83.78
   🚨 OUT OF STOCK: MNL_RICE_BOWL, BEV_ICED_TEA, MNL_CHICKEN_RICE, BEV_ICED_TEA, MNL_LAKSA
🛒 [12:02:03 PM] TXN-1787893323485-168-243546
   Outlet 168 | Staff: Nurul Huda Bte Ali | 4 items | S$63.13
   🚨 OUT OF STOCK: LMT_PRAWN_CRACKERS, LMT_SATE, BEV_KOPI_O, BEV_KOPI_O
🛒 [12:02:10 PM] TXN-1787893330651-202-181168
   Outlet 202 | Staff: None | 5 items | S$64.31
   🚨 OUT OF STOCK: LMT_PRAWN_CRACKERS, BEV_LATTE, BEV_ORANGE_JUICE, BEV_ORANGE_JUICE, MNL_RICE_BOWL
🛒 [12:02:18 PM] TXN-1787893338124-202-589040
   Outlet 202 | Staff: None | 4 items | S$65.49
   🚨 OUT OF STOCK: BEV_MILO, BEV_LATTE, MNL_LAKSA, MNL_BEEG_HOON
🛒 [12:02:25 PM] TXN-1787893345057-167-842723
   Outlet 167 | Staff: Tan Wei Ming | 3 items | S$46.02
   🚨 OUT OF STOCK: LMT_MIE_GORENG, BEV_MILO, BEV_ORANGE_JUICE

📊 STATS:
   Total Sales: 1740
   Total Revenue: S$70589.37
   Avg Ticket: S$40.57
   Low Stock Alerts: 63
   Out of Stock: 1730
──────────────────────────────────────────────────
🛒 [12:02:31 PM] TXN-1787893351618-201-398627
   Outlet 201 | Staff: None | 4 items | S$44.84
   🚨 OUT OF STOCK: BEV_MILO, BEV_ICED_TEA, BEV_KOPI_O, BEV_MILO
💰 [12:02:38 PM] TXN-1787893358430-201-950352
   Outlet 201 | Staff: None | 2 items | S$31.86
   🚨 OUT OF STOCK: MNL_CHICKEN_RICE, BEV_KOPI_O
🛒 [12:02:44 PM] TXN-1787893364704-201-878348
   Outlet 201 | Staff: None | 5 items | S$61.36
   🚨 OUT OF STOCK: BEV_KOPI_O, MNL_RICE_BOWL, BEV_LATTE, BEV_ORANGE_JUICE, BEV_ORANGE_JUICE
💰 [12:02:51 PM] TXN-1787893371711-200-307837
   Outlet 200 | Staff: Priya D/O Mani | 1 items | S$14.16
   🚨 OUT OF STOCK: LMT_NASI_GORENG
🛒 [12:02:57 PM] TXN-1787893377729-170-902746
   Outlet 170 | Staff: Lee Jia En | 3 items | S$50.74
   🚨 OUT OF STOCK: MNL_BEEG_HOON, BEV_MILO, BEV_KOPI_O
🛒 [12:03:04 PM] TXN-1787893384319-200-290160
   Outlet 200 | Staff: Kumar Sanjay | 3 items | S$43.07
   🚨 OUT OF STOCK: LMT_MIE_GORENG, MNL_LAKSA, BEV_ICED_TEA
🛒 [12:03:10 PM] TXN-1787893390824-202-471620
   Outlet 202 | Staff: None | 5 items | S$49.56
   🚨 OUT OF STOCK: BEV_ICED_TEA, BEV_MILO, BEV_ICED_TEA, BEV_ICED_TEA, BEV_KOPI_O
💰 [12:03:17 PM] TXN-1787893397896-168-641568
   Outlet 168 | Staff: Nurul Huda Bte Ali | 1 items | S$12.98
   🚨 OUT OF STOCK: MNL_RICE_BOWL
🛒 [12:03:23 PM] TXN-1787893403938-165-916675
   Outlet 165 | Staff: Tan Wei Ming | 5 items | S$88.50
   🚨 OUT OF STOCK: MNL_KWAY_TEOW, LMT_NASI_GORENG, BEV_ORANGE_JUICE, BEV_ORANGE_JUICE, LMT_ROTI_CANAI
💰 [12:03:30 PM] TXN-1787893410985-168-725454
   Outlet 168 | Staff: Sanjay S/O Ramesh | 2 items | S$21.83
   🚨 OUT OF STOCK: MNL_KWAY_TEOW, BEV_ICED_TEA

📊 STATS:
   Total Sales: 1750
   Total Revenue: S$71008.27
   Avg Ticket: S$40.58
   Low Stock Alerts: 63
   Out of Stock: 1740
──────────────────────────────────────────────────
🛒 [12:03:37 PM] TXN-1787893417216-171-968369
   Outlet 171 | Staff: Rajesh Kumar | 5 items | S$64.90
   🚨 OUT OF STOCK: MNL_CHICKEN_RICE, BEV_LATTE, BEV_ICED_TEA, BEV_ICED_TEA, BEV_KOPI_O
🛒 [12:03:44 PM] TXN-1787893424614-202-386208
   Outlet 202 | Staff: None | 4 items | S$57.23
   🚨 OUT OF STOCK: BEV_KOPI_O, BEV_ORANGE_JUICE, BEV_MILO, LMT_MIE_GORENG
🛒 [12:03:51 PM] TXN-1787893431952-167-181176
   Outlet 167 | Staff: Ng Jun Hao | 3 items | S$37.17
   🚨 OUT OF STOCK: BEV_KOPI_O, BEV_MILO, BEV_ICED_TEA
🛒 [12:03:58 PM] TXN-1787893438424-171-983315
   Outlet 171 | Staff: Chua Kai Xin | 5 items | S$84.37
   🚨 OUT OF STOCK: LMT_MIE_GORENG, LMT_SATE, BEV_ICED_TEA, BEV_ICED_TEA, BEV_ORANGE_JUICE
🛒 [12:04:05 PM] TXN-1787893445446-169-506891
   Outlet 169 | Staff: Ng Jun Hao | 5 items | S$87.32
   🚨 OUT OF STOCK: BEV_LATTE, LMT_NASI_GORENG, MNL_CHICKEN_RICE, BEV_MILO, BEV_KOPI_O
💰 [12:04:12 PM] TXN-1787893452541-167-516921
   Outlet 167 | Staff: Ng Jun Hao | 2 items | S$17.70
   🚨 OUT OF STOCK: BEV_KOPI_O, BEV_LATTE
🛒 [12:04:18 PM] TXN-1787893458836-201-298178
   Outlet 201 | Staff: None | 4 items | S$61.95
   🚨 OUT OF STOCK: MNL_KWAY_TEOW, MNL_RICE_BOWL, BEV_ICED_TEA, BEV_KOPI_O
💰 [12:04:25 PM] TXN-1787893465570-170-120705
   Outlet 170 | Staff: Ng Jun Hao | 1 items | S$18.29
   🚨 OUT OF STOCK: MNL_LAKSA
💰 [12:04:31 PM] TXN-1787893471535-171-501047
   Outlet 171 | Staff: Tan Wei Ming | 1 items | S$16.52
   🚨 OUT OF STOCK: MNL_CHICKEN_RICE
💰 [12:04:37 PM] TXN-1787893477553-171-701082
   Outlet 171 | Staff: Chua Kai Xin | 2 items | S$35.40
   🚨 OUT OF STOCK: LMT_SATE, BEV_ORANGE_JUICE

📊 STATS:
   Total Sales: 1760
   Total Revenue: S$71489.12
   Avg Ticket: S$40.62
   Low Stock Alerts: 63
   Out of Stock: 1750
──────────────────────────────────────────────────
🛒 [12:04:43 PM] TXN-1787893483754-168-226295
   Outlet 168 | Staff: Sanjay S/O Ramesh | 5 items | S$60.18
   🚨 OUT OF STOCK: BEV_ICED_TEA, BEV_ICED_TEA, BEV_MILO, LMT_MIE_GORENG, BEV_ORANGE_JUICE
🛒 [12:04:50 PM] TXN-1787893490714-167-944468
   Outlet 167 | Staff: Ng Jun Hao | 5 items | S$74.93
   🚨 OUT OF STOCK: MNL_RICE_BOWL, BEV_MILO, BEV_ICED_TEA, BEV_ORANGE_JUICE, LMT_MIE_GORENG
🛒 [12:04:58 PM] TXN-1787893498000-165-771157
   Outlet 165 | Staff: Tan Wei Ming | 5 items | S$67.26
   🚨 OUT OF STOCK: LMT_SATE, BEV_MILO, BEV_ICED_TEA, BEV_ICED_TEA, BEV_KOPI_O
🛒 [12:05:05 PM] TXN-1787893505090-200-611098
   Outlet 200 | Staff: Priya D/O Mani | 4 items | S$54.28
   🚨 OUT OF STOCK: BEV_MILO, BEV_ORANGE_JUICE, BEV_ICED_TEA, BEV_KOPI_O
💰 [12:05:11 PM] TXN-1787893511866-168-103800
   Outlet 168 | Staff: Ng Jun Hao | 2 items | S$44.25
   🚨 OUT OF STOCK: BEV_KOPI_O, MNL_LAKSA
🛒 [12:05:18 PM] TXN-1787893518262-167-836453
   Outlet 167 | Staff: Rajesh Kumar | 4 items | S$39.53
   🚨 OUT OF STOCK: LMT_NASI_GORENG, BEV_LATTE, BEV_KOPI_O, BEV_KOPI_O
🛒 [12:05:24 PM] TXN-1787893524999-169-666032
   Outlet 169 | Staff: Ng Jun Hao | 3 items | S$25.96
   🚨 OUT OF STOCK: BEV_ICED_TEA, BEV_ICED_TEA, BEV_ICED_TEA
💰 [12:05:31 PM] TXN-1787893531572-164-330818
   Outlet 164 | Staff: Nurul Huda Bte Ali | 2 items | S$17.70
   🚨 OUT OF STOCK: BEV_ORANGE_JUICE, BEV_ORANGE_JUICE
🛒 [12:05:37 PM] TXN-1787893537729-171-692639
   Outlet 171 | Staff: Nurul Huda Bte Ali | 4 items | S$61.36
   🚨 OUT OF STOCK: MNL_RICE_BOWL, BEV_KOPI_O, MNL_KWAY_TEOW, BEV_ORANGE_JUICE
🛒 [12:05:44 PM] TXN-1787893544418-200-593440
   Outlet 200 | Staff: Priya D/O Mani | 4 items | S$68.44
   🚨 OUT OF STOCK: LMT_SATE, BEV_ORANGE_JUICE, BEV_LATTE, BEV_ICED_TEA

📊 STATS:
   Total Sales: 1770
   Total Revenue: S$72003.01
   Avg Ticket: S$40.68
   Low Stock Alerts: 63
   Out of Stock: 1760
──────────────────────────────────────────────────
💰 [12:05:51 PM] TXN-1787893551357-170-191293
   Outlet 170 | Staff: Ng Jun Hao | 1 items | S$6.49
   🚨 OUT OF STOCK: BEV_ICED_TEA
💰 [12:05:57 PM] TXN-1787893557334-169-173730
   Outlet 169 | Staff: Ng Jun Hao | 1 items | S$7.67
   🚨 OUT OF STOCK: BEV_KOPI_O
🛒 [12:06:03 PM] TXN-1787893563341-201-369112
   Outlet 201 | Staff: None | 4 items | S$36.58
   ⚠️ LOW STOCK: LMT_PRAWN_CRACKERS
   🚨 OUT OF STOCK: BEV_MILO, BEV_MILO, BEV_KOPI_O
🛒 [12:06:10 PM] TXN-1787893570103-200-684932
   Outlet 200 | Staff: Kumar Sanjay | 5 items | S$93.22
   🚨 OUT OF STOCK: LMT_PRAWN_CRACKERS, BEV_ICED_TEA, LMT_SATE, BEV_LATTE, MNL_LAKSA
🛒 [12:06:17 PM] TXN-1787893577120-170-233869
   Outlet 170 | Staff: Lim Pei Ling | 5 items | S$37.76
   🚨 OUT OF STOCK: BEV_KOPI_O, BEV_MILO, BEV_KOPI_O, BEV_KOPI_O, BEV_ICED_TEA
🛒 [12:06:24 PM] TXN-1787893584111-170-420105
   Outlet 170 | Staff: Tan Wei Ming | 4 items | S$43.66
   🚨 OUT OF STOCK: BEV_ICED_TEA, BEV_ICED_TEA, BEV_ORANGE_JUICE, BEV_KOPI_O
🛒 [12:06:30 PM] TXN-1787893590904-167-229473
   Outlet 167 | Staff: Chong Wei Sheng | 4 items | S$41.30
   🚨 OUT OF STOCK: MNL_BEEG_HOON, BEV_MILO, BEV_KOPI_O, BEV_ICED_TEA
💰 [12:06:37 PM] TXN-1787893597662-200-993500
   Outlet 200 | Staff: Kumar Sanjay | 1 items | S$17.70
   🚨 OUT OF STOCK: LMT_SATE
🛒 [12:06:43 PM] TXN-1787893603698-202-396710
   Outlet 202 | Staff: None | 4 items | S$45.43
   🚨 OUT OF STOCK: LMT_PRAWN_CRACKERS, BEV_KOPI_O, BEV_LATTE, BEV_ICED_TEA
🛒 [12:06:50 PM] TXN-1787893610555-169-105488
   Outlet 169 | Staff: Muhd Danish Bin Razak | 3 items | S$34.22
   🚨 OUT OF STOCK: MNL_BEEG_HOON, BEV_ICED_TEA, BEV_ORANGE_JUICE

📊 STATS:
   Total Sales: 1780
   Total Revenue: S$72367.04
   Avg Ticket: S$40.66
   Low Stock Alerts: 64
   Out of Stock: 1770
──────────────────────────────────────────────────
🛒 [12:06:57 PM] TXN-1787893617118-165-273660
   Outlet 165 | Staff: Tan Wei Ming | 3 items | S$41.30
   🚨 OUT OF STOCK: LMT_NASI_GORENG, MNL_LAKSA, BEV_ORANGE_JUICE
💰 [12:07:03 PM] TXN-1787893623861-169-821874
   Outlet 169 | Staff: Ng Jun Hao | 2 items | S$36.58
   🚨 OUT OF STOCK: MNL_BEEG_HOON, BEV_ORANGE_JUICE
🛒 [12:07:10 PM] TXN-1787893630097-202-946996
   Outlet 202 | Staff: None | 5 items | S$80.83
   🚨 OUT OF STOCK: BEV_ORANGE_JUICE, LMT_SATE, BEV_MILO, LMT_PRAWN_CRACKERS, MNL_BEEG_HOON
🛒 [12:07:17 PM] TXN-1787893637085-202-278554
   Outlet 202 | Staff: None | 3 items | S$50.74
   🚨 OUT OF STOCK: MNL_LAKSA, BEV_ICED_TEA, MNL_RICE_BOWL
🛒 [12:07:23 PM] TXN-1787893643555-171-563538
   Outlet 171 | Staff: Sanjay S/O Ramesh | 3 items | S$48.38
   🚨 OUT OF STOCK: LMT_NASI_GORENG, LMT_NASI_GORENG, BEV_LATTE
🛒 [12:07:30 PM] TXN-1787893650136-201-193303
   Outlet 201 | Staff: None | 3 items | S$48.97
   🚨 OUT OF STOCK: BEV_LATTE, BEV_MILO, MNL_KWAY_TEOW
🛒 [12:07:36 PM] TXN-1787893656679-170-415380
   Outlet 170 | Staff: Muhd Danish Bin Razak | 3 items | S$33.63
   🚨 OUT OF STOCK: BEV_KOPI_O, BEV_MILO, BEV_ORANGE_JUICE
🛒 [12:07:43 PM] TXN-1787893663350-164-327472
   Outlet 164 | Staff: Tan Wei Ming | 4 items | S$58.41
   🚨 OUT OF STOCK: BEV_ORANGE_JUICE, BEV_LATTE, MNL_RICE_BOWL, BEV_MILO
🛒 [12:07:50 PM] TXN-1787893670154-164-215519
   Outlet 164 | Staff: Priya D/O Mani | 5 items | S$88.50
   🚨 OUT OF STOCK: LMT_ROTI_CANAI, BEV_ORANGE_JUICE, LMT_SATE, MNL_LAKSA, BEV_KOPI_O
💰 [12:07:57 PM] TXN-1787893677210-200-495875
   Outlet 200 | Staff: Priya D/O Mani | 2 items | S$34.22
   🚨 OUT OF STOCK: MNL_CHICKEN_RICE, BEV_ORANGE_JUICE

📊 STATS:
   Total Sales: 1790
   Total Revenue: S$72888.60
   Avg Ticket: S$40.72
   Low Stock Alerts: 64
   Out of Stock: 1780
──────────────────────────────────────────────────
🛒 [12:08:03 PM] TXN-1787893683445-165-533838
   Outlet 165 | Staff: Lee Jia En | 5 items | S$52.51
   🚨 OUT OF STOCK: BEV_MILO, BEV_ICED_TEA, BEV_MILO, MNL_LAKSA, LMT_PRAWN_CRACKERS
💰 [12:08:10 PM] TXN-1787893690420-200-669227
   Outlet 200 | Staff: Kumar Sanjay | 1 items | S$10.03
   🚨 OUT OF STOCK: BEV_LATTE
🛒 [12:08:16 PM] TXN-1787893696347-164-117695
   Outlet 164 | Staff: Nurul Huda Bte Ali | 5 items | S$60.18
   🚨 OUT OF STOCK: BEV_LATTE, BEV_ORANGE_JUICE, BEV_KOPI_O, BEV_ICED_TEA, BEV_ICED_TEA
💰 [12:08:23 PM] TXN-1787893703351-200-287672
   Outlet 200 | Staff: Priya D/O Mani | 1 items | S$18.29
   🚨 OUT OF STOCK: MNL_LAKSA
💰 [12:08:29 PM] TXN-1787893709328-171-271654
   Outlet 171 | Staff: Rajesh Kumar | 1 items | S$17.70
   🚨 OUT OF STOCK: LMT_SATE
🛒 [12:08:35 PM] TXN-1787893715341-169-464002
   Outlet 169 | Staff: Muhd Danish Bin Razak | 5 items | S$64.90
   🚨 OUT OF STOCK: MNL_CHICKEN_RICE, BEV_ICED_TEA, LMT_SATE, BEV_KOPI_O, BEV_MILO
🛒 [12:08:42 PM] TXN-1787893722377-169-189064
   Outlet 169 | Staff: Lee Jia En | 3 items | S$30.68
   🚨 OUT OF STOCK: BEV_KOPI_O, BEV_LATTE, BEV_ICED_TEA
💰 [12:08:48 PM] TXN-1787893728860-200-236722
   Outlet 200 | Staff: Kumar Sanjay | 1 items | S$18.88
   🚨 OUT OF STOCK: MNL_BEEG_HOON
💰 [12:08:54 PM] TXN-1787893734835-167-902768
   Outlet 167 | Staff: Tan Wei Ming | 1 items | S$16.52
   🚨 OUT OF STOCK: MNL_CHICKEN_RICE
🛒 [12:09:01 PM] TXN-1787893741501-164-456433
   Outlet 164 | Staff: Nurul Huda Bte Ali | 3 items | S$48.38
   🚨 OUT OF STOCK: MNL_KWAY_TEOW, BEV_ORANGE_JUICE, MNL_KWAY_TEOW

📊 STATS:
   Total Sales: 1800
   Total Revenue: S$73226.67
   Avg Ticket: S$40.68
   Low Stock Alerts: 64
   Out of Stock: 1790
──────────────────────────────────────────────────
💰 [12:09:07 PM] TXN-1787893747988-169-380402
   Outlet 169 | Staff: Tan Wei Ming | 1 items | S$18.29
   🚨 OUT OF STOCK: MNL_LAKSA
🛒 [12:09:13 PM] TXN-1787893753964-168-171038
   Outlet 168 | Staff: Nurul Huda Bte Ali | 5 items | S$57.23
   🚨 OUT OF STOCK: LMT_MIE_GORENG, BEV_ICED_TEA, LMT_ROTI_CANAI, BEV_ICED_TEA, BEV_MILO
🛒 [12:09:21 PM] TXN-1787893761159-200-822530
   Outlet 200 | Staff: Kumar Sanjay | 3 items | S$25.37
   🚨 OUT OF STOCK: BEV_LATTE, BEV_ORANGE_JUICE, BEV_ICED_TEA
🛒 [12:09:27 PM] TXN-1787893767680-164-499458
   Outlet 164 | Staff: Chua Kai Xin | 3 items | S$65.49
   🚨 OUT OF STOCK: MNL_LAKSA, MNL_KWAY_TEOW, BEV_MILO
🛒 [12:09:34 PM] TXN-1787893774143-171-407454
   Outlet 171 | Staff: Ng Jun Hao | 4 items | S$46.61
   🚨 OUT OF STOCK: BEV_KOPI_O, LMT_PRAWN_CRACKERS, LMT_MIE_GORENG, BEV_ORANGE_JUICE
💰 [12:09:41 PM] TXN-1787893781005-165-602707
   Outlet 165 | Staff: Tan Wei Ming | 2 items | S$16.52
   🚨 OUT OF STOCK: BEV_ORANGE_JUICE, BEV_KOPI_O
🛒 [12:09:47 PM] TXN-1787893787267-169-838088
   Outlet 169 | Staff: Tan Wei Ming | 5 items | S$79.65
   ⚠️ LOW STOCK: LMT_PRAWN_CRACKERS
   🚨 OUT OF STOCK: BEV_KOPI_O, BEV_MILO, BEV_KOPI_O, LMT_SATE
🛒 [12:09:54 PM] TXN-1787893794203-202-275051
   Outlet 202 | Staff: None | 3 items | S$62.54
   🚨 OUT OF STOCK: MNL_CHICKEN_RICE, BEV_KOPI_O, MNL_KWAY_TEOW
🛒 [12:10:00 PM] TXN-1787893800739-168-703886
   Outlet 168 | Staff: Ng Jun Hao | 4 items | S$46.61
   🚨 OUT OF STOCK: BEV_KOPI_O, BEV_ICED_TEA, MNL_LAKSA, LMT_NASI_GORENG
🛒 [12:10:07 PM] TXN-1787893807533-200-181961
   Outlet 200 | Staff: Syaza Aina | 4 items | S$56.05
   🚨 OUT OF STOCK: LMT_NASI_GORENG, BEV_LATTE, BEV_KOPI_O, BEV_ICED_TEA

📊 STATS:
   Total Sales: 1810
   Total Revenue: S$73701.03
   Avg Ticket: S$40.72
   Low Stock Alerts: 65
   Out of Stock: 1800
──────────────────────────────────────────────────
🛒 [12:10:14 PM] TXN-1787893814347-201-476847
   Outlet 201 | Staff: None | 5 items | S$77.29
   🚨 OUT OF STOCK: MNL_LAKSA, BEV_KOPI_O, BEV_LATTE, BEV_ORANGE_JUICE, LMT_MIE_GORENG
💰 [12:10:21 PM] TXN-1787893821421-200-992107
   Outlet 200 | Staff: Priya D/O Mani | 2 items | S$34.22
   🚨 OUT OF STOCK: LMT_NASI_GORENG, BEV_LATTE
🛒 [12:10:27 PM] TXN-1787893827608-169-526618
   Outlet 169 | Staff: Muhd Danish Bin Razak | 4 items | S$52.51
   🚨 OUT OF STOCK: MNL_RICE_BOWL, MNL_RICE_BOWL, BEV_LATTE, BEV_ICED_TEA
🛒 [12:10:34 PM] TXN-1787893834668-168-342291
   Outlet 168 | Staff: Chua Kai Xin | 4 items | S$47.79
   🚨 OUT OF STOCK: BEV_MILO, BEV_KOPI_O, BEV_ORANGE_JUICE, BEV_ICED_TEA
🛒 [12:10:41 PM] TXN-1787893841417-200-531978
   Outlet 200 | Staff: Syaza Aina | 4 items | S$62.54
   🚨 OUT OF STOCK: LMT_ROTI_CANAI, BEV_KOPI_O, BEV_LATTE, BEV_ORANGE_JUICE
💰 [12:10:48 PM] TXN-1787893848162-169-183663
   Outlet 169 | Staff: Muhd Danish Bin Razak | 2 items | S$27.73
   🚨 OUT OF STOCK: BEV_LATTE, BEV_ORANGE_JUICE
💰 [12:10:54 PM] TXN-1787893854759-165-110661
   Outlet 165 | Staff: Lee Jia En | 1 items | S$8.26
   🚨 OUT OF STOCK: BEV_MILO
🛒 [12:11:00 PM] TXN-1787893860711-168-775437
   Outlet 168 | Staff: Sanjay S/O Ramesh | 3 items | S$53.10
   🚨 OUT OF STOCK: MNL_BEEG_HOON, MNL_BEEG_HOON, BEV_KOPI_O
💰 [12:11:07 PM] TXN-1787893867246-170-356822
   Outlet 170 | Staff: Tan Wei Ming | 1 items | S$9.44
   🚨 OUT OF STOCK: LMT_ROTI_CANAI
💰 [12:11:13 PM] TXN-1787893873181-169-148228
   Outlet 169 | Staff: Sanjay S/O Ramesh | 1 items | S$15.34
   🚨 OUT OF STOCK: MNL_KWAY_TEOW

📊 STATS:
   Total Sales: 1820
   Total Revenue: S$74089.25
   Avg Ticket: S$40.71
   Low Stock Alerts: 65
   Out of Stock: 1810
──────────────────────────────────────────────────
🛒 [12:11:19 PM] TXN-1787893879277-168-363795
   Outlet 168 | Staff: Chua Kai Xin | 5 items | S$76.11
   🚨 OUT OF STOCK: MNL_KWAY_TEOW, BEV_LATTE, MNL_RICE_BOWL, BEV_MILO, BEV_MILO
🛒 [12:11:26 PM] TXN-1787893886645-169-765201
   Outlet 169 | Staff: Muhd Danish Bin Razak | 4 items | S$56.05
   🚨 OUT OF STOCK: BEV_KOPI_O, BEV_ORANGE_JUICE, BEV_ICED_TEA, BEV_ORANGE_JUICE
💰 [12:11:33 PM] TXN-1787893893702-200-861879
   Outlet 200 | Staff: Kumar Sanjay | 2 items | S$17.70
   🚨 OUT OF STOCK: LMT_ROTI_CANAI, BEV_MILO
🛒 [12:11:40 PM] TXN-1787893900312-200-251414
   Outlet 200 | Staff: Priya D/O Mani | 5 items | S$59.00
   🚨 OUT OF STOCK: LMT_NASI_GORENG, BEV_ORANGE_JUICE, BEV_ORANGE_JUICE, LMT_MIE_GORENG, BEV_KOPI_O
🛒 [12:11:47 PM] TXN-1787893907457-168-621604
   Outlet 168 | Staff: Tan Wei Ming | 3 items | S$23.60
   🚨 OUT OF STOCK: LMT_ROTI_CANAI, BEV_ICED_TEA, BEV_KOPI_O
🛒 [12:11:54 PM] TXN-1787893914083-169-814246
   Outlet 169 | Staff: Tan Wei Ming | 4 items | S$50.15
   🚨 OUT OF STOCK: BEV_ICED_TEA, BEV_LATTE, BEV_KOPI_O, BEV_MILO
🛒 [12:12:00 PM] TXN-1787893920914-202-135460
   Outlet 202 | Staff: None | 5 items | S$53.10
   🚨 OUT OF STOCK: LMT_PRAWN_CRACKERS, BEV_ICED_TEA, BEV_LATTE, BEV_ORANGE_JUICE, BEV_ICED_TEA
🛒 [12:12:07 PM] TXN-1787893927867-165-263029
   Outlet 165 | Staff: Lee Jia En | 4 items | S$51.33
   🚨 OUT OF STOCK: MNL_RICE_BOWL, BEV_LATTE, BEV_LATTE, MNL_LAKSA
🛒 [12:12:14 PM] TXN-1787893934523-200-633670
   Outlet 200 | Staff: Syaza Aina | 4 items | S$54.87
   🚨 OUT OF STOCK: MNL_KWAY_TEOW, BEV_ICED_TEA, BEV_KOPI_O, BEV_ORANGE_JUICE
💰 [12:12:21 PM] TXN-1787893941328-168-326588
   Outlet 168 | Staff: Lee Jia En | 2 items | S$26.55
   🚨 OUT OF STOCK: MNL_LAKSA, BEV_MILO

📊 STATS:
   Total Sales: 1830
   Total Revenue: S$74557.71
   Avg Ticket: S$40.74
   Low Stock Alerts: 65
   Out of Stock: 1820
──────────────────────────────────────────────────
💰 [12:12:27 PM] TXN-1787893947668-200-342933
   Outlet 200 | Staff: Kumar Sanjay | 1 items | S$4.72
   🚨 OUT OF STOCK: LMT_PRAWN_CRACKERS
🛒 [12:12:33 PM] TXN-1787893953720-200-445357
   Outlet 200 | Staff: Kumar Sanjay | 5 items | S$71.39
   🚨 OUT OF STOCK: LMT_SATE, BEV_KOPI_O, BEV_ICED_TEA, BEV_ORANGE_JUICE, BEV_MILO
💰 [12:12:40 PM] TXN-1787893960768-164-701799
   Outlet 164 | Staff: Tan Wei Ming | 2 items | S$15.93
   🚨 OUT OF STOCK: BEV_KOPI_O, BEV_MILO
💰 [12:12:47 PM] TXN-1787893967043-170-892439
   Outlet 170 | Staff: Ng Jun Hao | 1 items | S$9.44
   🚨 OUT OF STOCK: LMT_ROTI_CANAI
🛒 [12:12:52 PM] TXN-1787893972993-171-337213
   Outlet 171 | Staff: Muhd Danish Bin Razak | 4 items | S$51.92
   🚨 OUT OF STOCK: LMT_NASI_GORENG, BEV_MILO, BEV_MILO, BEV_ICED_TEA
🛒 [12:12:59 PM] TXN-1787893979832-170-496152
   Outlet 170 | Staff: Ng Jun Hao | 3 items | S$46.02
   🚨 OUT OF STOCK: MNL_LAKSA, BEV_LATTE, BEV_KOPI_O
🛒 [12:13:06 PM] TXN-1787893986285-165-900757
   Outlet 165 | Staff: Lee Jia En | 5 items | S$61.95
   🚨 OUT OF STOCK: BEV_ORANGE_JUICE, BEV_ORANGE_JUICE, BEV_LATTE, BEV_KOPI_O, BEV_KOPI_O
🛒 [12:13:13 PM] TXN-1787893993583-164-925812
   Outlet 164 | Staff: Rajesh Kumar | 4 items | S$75.52
   🚨 OUT OF STOCK: BEV_MILO, MNL_CHICKEN_RICE, BEV_KOPI_O, LMT_ROTI_CANAI
💰 [12:13:20 PM] TXN-1787894000353-168-505704
   Outlet 168 | Staff: Nurul Huda Bte Ali | 2 items | S$33.63
   🚨 OUT OF STOCK: MNL_LAKSA, BEV_KOPI_O
💰 [12:13:26 PM] TXN-1787894006632-165-711937
   Outlet 165 | Staff: Tan Wei Ming | 2 items | S$30.68
   🚨 OUT OF STOCK: LMT_NASI_GORENG, MNL_CHICKEN_RICE

📊 STATS:
   Total Sales: 1840
   Total Revenue: S$74958.91
   Avg Ticket: S$40.74
   Low Stock Alerts: 65
   Out of Stock: 1830
──────────────────────────────────────────────────
💰 [12:13:32 PM] TXN-1787894012858-167-912971
   Outlet 167 | Staff: Rajesh Kumar | 2 items | S$35.40
   🚨 OUT OF STOCK: MNL_BEEG_HOON, BEV_MILO
🛒 [12:13:39 PM] TXN-1787894019072-200-297368
   Outlet 200 | Staff: Syaza Aina | 4 items | S$45.43
   🚨 OUT OF STOCK: BEV_ORANGE_JUICE, BEV_MILO, BEV_MILO, BEV_LATTE
🛒 [12:13:45 PM] TXN-1787894025803-200-850505
   Outlet 200 | Staff: Syaza Aina | 5 items | S$71.39
   🚨 OUT OF STOCK: MNL_BEEG_HOON, BEV_KOPI_O, BEV_ICED_TEA, BEV_KOPI_O, BEV_KOPI_O
💰 [12:13:52 PM] TXN-1787894032822-170-294931
   Outlet 170 | Staff: Tan Wei Ming | 1 items | S$7.67
   🚨 OUT OF STOCK: BEV_KOPI_O
🛒 [12:13:58 PM] TXN-1787894038937-200-677166
   Outlet 200 | Staff: Priya D/O Mani | 4 items | S$35.99
   🚨 OUT OF STOCK: BEV_MILO, BEV_ORANGE_JUICE, BEV_LATTE, BEV_ORANGE_JUICE
🛒 [12:14:05 PM] TXN-1787894045715-169-414686
   Outlet 169 | Staff: Muhd Danish Bin Razak | 4 items | S$38.35
   🚨 OUT OF STOCK: MNL_RICE_BOWL, BEV_LATTE, BEV_ORANGE_JUICE, BEV_ICED_TEA
🛒 [12:14:12 PM] TXN-1787894052473-169-150965
   Outlet 169 | Staff: Tan Wei Ming | 5 items | S$43.07
   ⚠️ LOW STOCK: LMT_PRAWN_CRACKERS
   🚨 OUT OF STOCK: LMT_MIE_GORENG, BEV_LATTE, BEV_KOPI_O, BEV_ORANGE_JUICE
🛒 [12:14:19 PM] TXN-1787894059728-168-350184
   Outlet 168 | Staff: Ng Jun Hao | 5 items | S$63.72
   🚨 OUT OF STOCK: BEV_ICED_TEA, MNL_RICE_BOWL, BEV_ORANGE_JUICE, BEV_ORANGE_JUICE, LMT_PRAWN_CRACKERS
💰 [12:14:26 PM] TXN-1787894066803-171-887150
   Outlet 171 | Staff: Lee Jia En | 1 items | S$15.34
   🚨 OUT OF STOCK: MNL_KWAY_TEOW
🛒 [12:14:32 PM] TXN-1787894072784-168-618893
   Outlet 168 | Staff: Tan Wei Ming | 3 items | S$57.82
   🚨 OUT OF STOCK: BEV_MILO, MNL_BEEG_HOON, MNL_KWAY_TEOW

📊 STATS:
   Total Sales: 1850
   Total Revenue: S$75373.09
   Avg Ticket: S$40.74
   Low Stock Alerts: 66
   Out of Stock: 1840
──────────────────────────────────────────────────
💰 [12:14:39 PM] TXN-1787894079376-202-736788
   Outlet 202 | Staff: None | 1 items | S$17.70
   🚨 OUT OF STOCK: LMT_SATE
🛒 [12:14:45 PM] TXN-1787894085329-170-919155
   Outlet 170 | Staff: Tan Wei Ming | 4 items | S$61.36
   🚨 OUT OF STOCK: MNL_CHICKEN_RICE, BEV_MILO, BEV_LATTE, BEV_MILO
💰 [12:14:52 PM] TXN-1787894092184-165-737480
   Outlet 165 | Staff: Muhd Danish Bin Razak | 2 items | S$24.78
   🚨 OUT OF STOCK: LMT_MIE_GORENG, BEV_ICED_TEA
💰 [12:14:58 PM] TXN-1787894098427-201-487193
   Outlet 201 | Staff: None | 2 items | S$22.42
   🚨 OUT OF STOCK: LMT_ROTI_CANAI, BEV_ICED_TEA
💰 [12:15:04 PM] TXN-1787894104638-170-654935
   Outlet 170 | Staff: Rajesh Kumar | 1 items | S$14.16
   🚨 OUT OF STOCK: LMT_NASI_GORENG
🛒 [12:15:10 PM] TXN-1787894110663-167-929585
   Outlet 167 | Staff: Chong Wei Sheng | 3 items | S$30.68
   🚨 OUT OF STOCK: BEV_ORANGE_JUICE, BEV_ICED_TEA, BEV_KOPI_O
🛒 [12:15:17 PM] TXN-1787894117173-168-154093
   Outlet 168 | Staff: Lee Jia En | 4 items | S$44.25
   🚨 OUT OF STOCK: LMT_ROTI_CANAI, BEV_ORANGE_JUICE, BEV_ICED_TEA, BEV_ICED_TEA
💰 [12:15:24 PM] TXN-1787894124096-168-854542
   Outlet 168 | Staff: Lee Jia En | 2 items | S$31.86
   🚨 OUT OF STOCK: MNL_BEEG_HOON, BEV_ICED_TEA
🛒 [12:15:30 PM] TXN-1787894130374-165-507241
   Outlet 165 | Staff: Ng Jun Hao | 5 items | S$54.87
   🚨 OUT OF STOCK: LMT_NASI_GORENG, BEV_MILO, BEV_MILO, BEV_ORANGE_JUICE, BEV_KOPI_O
💰 [12:15:37 PM] TXN-1787894137434-167-122860
   Outlet 167 | Staff: Ng Jun Hao | 2 items | S$17.70
   🚨 OUT OF STOCK: LMT_PRAWN_CRACKERS, BEV_ICED_TEA

📊 STATS:
   Total Sales: 1860
   Total Revenue: S$75692.87
   Avg Ticket: S$40.70
   Low Stock Alerts: 66
   Out of Stock: 1850
──────────────────────────────────────────────────
💰 [12:15:43 PM] TXN-1787894143737-167-754042
   Outlet 167 | Staff: Ng Jun Hao | 1 items | S$18.29
   🚨 OUT OF STOCK: MNL_LAKSA
🛒 [12:15:49 PM] TXN-1787894149817-170-875071
   Outlet 170 | Staff: Tan Wei Ming | 4 items | S$66.67
   🚨 OUT OF STOCK: MNL_LAKSA, BEV_KOPI_O, BEV_MILO, MNL_CHICKEN_RICE
💰 [12:15:56 PM] TXN-1787894156543-165-737323
   Outlet 165 | Staff: Ahmad Faiz Bin Hassan | 1 items | S$9.44
   🚨 OUT OF STOCK: LMT_ROTI_CANAI
🛒 [12:16:02 PM] TXN-1787894162512-170-409740
   Outlet 170 | Staff: Tan Wei Ming | 5 items | S$48.97
   🚨 OUT OF STOCK: MNL_KWAY_TEOW, BEV_KOPI_O, BEV_LATTE, BEV_KOPI_O, BEV_MILO
💰 [12:16:09 PM] TXN-1787894169613-164-318600
   Outlet 164 | Staff: Nurul Huda Bte Ali | 2 items | S$24.78
   🚨 OUT OF STOCK: MNL_CHICKEN_RICE, BEV_MILO
💰 [12:16:15 PM] TXN-1787894175889-164-673530
   Outlet 164 | Staff: Chua Kai Xin | 2 items | S$24.19
   🚨 OUT OF STOCK: BEV_ORANGE_JUICE, BEV_KOPI_O
🛒 [12:16:22 PM] TXN-1787894182131-170-433759
   Outlet 170 | Staff: Tan Wei Ming | 5 items | S$69.62
   🚨 OUT OF STOCK: LMT_NASI_GORENG, BEV_ICED_TEA, BEV_ICED_TEA, LMT_ROTI_CANAI, BEV_LATTE
🛒 [12:16:29 PM] TXN-1787894189158-165-443408
   Outlet 165 | Staff: Lee Jia En | 4 items | S$44.25
   🚨 OUT OF STOCK: MNL_RICE_BOWL, BEV_ICED_TEA, BEV_MILO, BEV_MILO
💰 [12:16:35 PM] TXN-1787894195935-200-556466
   Outlet 200 | Staff: Syaza Aina | 1 items | S$15.34
   🚨 OUT OF STOCK: MNL_KWAY_TEOW
💰 [12:16:42 PM] TXN-1787894202016-164-105882
   Outlet 164 | Staff: Tan Jia Min | 1 items | S$8.85
   🚨 OUT OF STOCK: BEV_ORANGE_JUICE

📊 STATS:
   Total Sales: 1870
   Total Revenue: S$76023.27
   Avg Ticket: S$40.65
   Low Stock Alerts: 66
   Out of Stock: 1860
──────────────────────────────────────────────────
💰 [12:16:48 PM] TXN-1787894208092-170-389761
   Outlet 170 | Staff: Ng Jun Hao | 2 items | S$33.04
   🚨 OUT OF STOCK: LMT_SATE, BEV_KOPI_O
🛒 [12:16:54 PM] TXN-1787894214282-200-213705
   Outlet 200 | Staff: Priya D/O Mani | 5 items | S$41.30
   🚨 OUT OF STOCK: BEV_LATTE, BEV_MILO, BEV_MILO, BEV_ICED_TEA, BEV_MILO
💰 [12:17:01 PM] TXN-1787894221169-169-613175
   Outlet 169 | Staff: Sanjay S/O Ramesh | 1 items | S$9.44
   🚨 OUT OF STOCK: LMT_ROTI_CANAI
🛒 [12:17:07 PM] TXN-1787894227260-165-506267
   Outlet 165 | Staff: Ng Jun Hao | 5 items | S$78.47
   🚨 OUT OF STOCK: MNL_CHICKEN_RICE, BEV_LATTE, BEV_LATTE, BEV_KOPI_O, BEV_ICED_TEA
🛒 [12:17:14 PM] TXN-1787894234276-169-128607
   Outlet 169 | Staff: Tan Wei Ming | 5 items | S$54.87
   🚨 OUT OF STOCK: BEV_KOPI_O, MNL_CHICKEN_RICE, BEV_LATTE, BEV_ICED_TEA, BEV_KOPI_O
🛒 [12:17:21 PM] TXN-1787894241399-169-893916
   Outlet 169 | Staff: Muhd Danish Bin Razak | 4 items | S$38.35
   🚨 OUT OF STOCK: MNL_KWAY_TEOW, BEV_ICED_TEA, BEV_LATTE, BEV_ICED_TEA
💰 [12:17:28 PM] TXN-1787894248192-169-990530
   Outlet 169 | Staff: Sanjay S/O Ramesh | 2 items | S$11.21
   ⚠️ LOW STOCK: LMT_PRAWN_CRACKERS
   🚨 OUT OF STOCK: BEV_ICED_TEA
🛒 [12:17:34 PM] TXN-1787894254366-200-301493
   Outlet 200 | Staff: Syaza Aina | 4 items | S$54.28
   🚨 OUT OF STOCK: LMT_NASI_GORENG, MNL_BEEG_HOON, BEV_ICED_TEA, BEV_MILO
💰 [12:17:41 PM] TXN-1787894261130-164-253146
   Outlet 164 | Staff: Nurul Huda Bte Ali | 2 items | S$23.01
   🚨 OUT OF STOCK: MNL_RICE_BOWL, BEV_LATTE
💰 [12:17:47 PM] TXN-1787894267387-171-838865
   Outlet 171 | Staff: Tan Mei Hua | 2 items | S$29.50
   🚨 OUT OF STOCK: LMT_SATE, LMT_MIE_GORENG

📊 STATS:
   Total Sales: 1880
   Total Revenue: S$76396.74
   Avg Ticket: S$40.64
   Low Stock Alerts: 67
   Out of Stock: 1870
──────────────────────────────────────────────────
💰 [12:17:53 PM] TXN-1787894273648-165-686744
   Outlet 165 | Staff: Ahmad Faiz Bin Hassan | 2 items | S$25.96
   🚨 OUT OF STOCK: MNL_RICE_BOWL, BEV_ICED_TEA
🛒 [12:17:59 PM] TXN-1787894279899-164-527710
   Outlet 164 | Staff: Nurul Huda Bte Ali | 5 items | S$60.77
   ⚠️ LOW STOCK: LMT_PRAWN_CRACKERS
   🚨 OUT OF STOCK: MNL_LAKSA, BEV_LATTE, BEV_ORANGE_JUICE, BEV_ORANGE_JUICE
💰 [12:18:06 PM] TXN-1787894286993-169-611344
   Outlet 169 | Staff: Muhd Danish Bin Razak | 1 items | S$14.16
   🚨 OUT OF STOCK: LMT_NASI_GORENG
💰 [12:18:12 PM] TXN-1787894292953-164-628647
   Outlet 164 | Staff: Ong Wei Jian | 2 items | S$29.50
   🚨 OUT OF STOCK: MNL_CHICKEN_RICE, BEV_ICED_TEA
🛒 [12:18:19 PM] TXN-1787894299222-201-961517
   Outlet 201 | Staff: None | 5 items | S$47.20
   🚨 OUT OF STOCK: BEV_LATTE, BEV_ORANGE_JUICE, BEV_KOPI_O, BEV_ICED_TEA, BEV_ICED_TEA
💰 [12:18:26 PM] TXN-1787894306313-170-230076
   Outlet 170 | Staff: Tan Wei Ming | 1 items | S$10.03
   🚨 OUT OF STOCK: BEV_LATTE
🛒 [12:18:32 PM] TXN-1787894312308-170-383330
   Outlet 170 | Staff: Tan Wei Ming | 4 items | S$50.74
   🚨 OUT OF STOCK: MNL_BEEG_HOON, BEV_KOPI_O, BEV_ICED_TEA, BEV_ORANGE_JUICE
🛒 [12:18:39 PM] TXN-1787894319113-170-725176
   Outlet 170 | Staff: Tan Wei Ming | 4 items | S$45.43
   🚨 OUT OF STOCK: MNL_RICE_BOWL, MNL_KWAY_TEOW, BEV_MILO, BEV_ORANGE_JUICE
🛒 [12:18:45 PM] TXN-1787894325963-200-320227
   Outlet 200 | Staff: Priya D/O Mani | 4 items | S$56.64
   🚨 OUT OF STOCK: LMT_ROTI_CANAI, MNL_BEEG_HOON, BEV_MILO, BEV_LATTE
💰 [12:18:52 PM] TXN-1787894332718-169-786688
   Outlet 169 | Staff: Lee Jia En | 1 items | S$8.26
   🚨 OUT OF STOCK: BEV_MILO

📊 STATS:
   Total Sales: 1890
   Total Revenue: S$76745.43
   Avg Ticket: S$40.61
   Low Stock Alerts: 68
   Out of Stock: 1880
──────────────────────────────────────────────────
🛒 [12:18:58 PM] TXN-1787894338784-169-988471
   Outlet 169 | Staff: Tan Wei Ming | 5 items | S$47.20
   🚨 OUT OF STOCK: MNL_RICE_BOWL, BEV_ICED_TEA, BEV_ICED_TEA, BEV_ICED_TEA, BEV_MILO
🛒 [12:19:06 PM] TXN-1787894346092-171-122171
   Outlet 171 | Staff: Nur Aisyah | 4 items | S$76.11
   🚨 OUT OF STOCK: LMT_SATE, BEV_ICED_TEA, BEV_MILO, LMT_SATE
🛒 [12:19:12 PM] TXN-1787894352849-202-512438
   Outlet 202 | Staff: None | 5 items | S$60.77
   🚨 OUT OF STOCK: MNL_KWAY_TEOW, BEV_ICED_TEA, BEV_KOPI_O, BEV_MILO, BEV_KOPI_O
🛒 [12:19:19 PM] TXN-1787894359801-200-958524
   Outlet 200 | Staff: Priya D/O Mani | 5 items | S$58.41
   🚨 OUT OF STOCK: MNL_CHICKEN_RICE, BEV_ICED_TEA, BEV_LATTE, BEV_KOPI_O, BEV_KOPI_O
💰 [12:19:26 PM] TXN-1787894366808-164-952365
   Outlet 164 | Staff: Ong Wei Jian | 1 items | S$11.80
   🚨 OUT OF STOCK: LMT_MIE_GORENG
💰 [12:19:32 PM] TXN-1787894372786-169-774896
   Outlet 169 | Staff: Tan Wei Ming | 1 items | S$11.80
   🚨 OUT OF STOCK: LMT_MIE_GORENG
🛒 [12:19:38 PM] TXN-1787894378768-170-952976
   Outlet 170 | Staff: Tan Wei Ming | 3 items | S$31.86
   🚨 OUT OF STOCK: BEV_ICED_TEA, BEV_LATTE, BEV_KOPI_O
💰 [12:19:45 PM] TXN-1787894385219-164-589441
   Outlet 164 | Staff: Batch Staff 1 | 2 items | S$18.29
   🚨 OUT OF STOCK: BEV_LATTE, BEV_MILO
🛒 [12:19:51 PM] TXN-1787894391527-201-129420
   Outlet 201 | Staff: None | 4 items | S$38.94
   🚨 OUT OF STOCK: MNL_CHICKEN_RICE, BEV_MILO, BEV_ICED_TEA, BEV_KOPI_O
🛒 [12:19:58 PM] TXN-1787894398381-170-121362
   Outlet 170 | Staff: Tan Wei Ming | 3 items | S$32.45
   🚨 OUT OF STOCK: MNL_RICE_BOWL, BEV_ICED_TEA, BEV_ICED_TEA

📊 STATS:
   Total Sales: 1900
   Total Revenue: S$77133.06
   Avg Ticket: S$40.60
   Low Stock Alerts: 68
   Out of Stock: 1890
──────────────────────────────────────────────────
🛒 [12:20:04 PM] TXN-1787894404855-165-470973
   Outlet 165 | Staff: Tan Wei Ming | 4 items | S$56.64
   🚨 OUT OF STOCK: BEV_ORANGE_JUICE, MNL_RICE_BOWL, BEV_KOPI_O, BEV_ICED_TEA
💰 [12:20:11 PM] TXN-1787894411717-201-888225
   Outlet 201 | Staff: None | 2 items | S$15.34
   🚨 OUT OF STOCK: BEV_KOPI_O, BEV_KOPI_O
🛒 [12:20:17 PM] TXN-1787894417964-202-119692
   Outlet 202 | Staff: None | 3 items | S$34.81
   🚨 OUT OF STOCK: BEV_MILO, BEV_ORANGE_JUICE, BEV_ORANGE_JUICE
🛒 [12:20:24 PM] TXN-1787894424595-200-996611
   Outlet 200 | Staff: Priya D/O Mani | 4 items | S$52.51
   🚨 OUT OF STOCK: LMT_NASI_GORENG, BEV_ICED_TEA, BEV_KOPI_O, BEV_ORANGE_JUICE
💰 [12:20:31 PM] TXN-1787894431515-201-875682
   Outlet 201 | Staff: None | 2 items | S$22.42
   🚨 OUT OF STOCK: LMT_ROTI_CANAI, BEV_ICED_TEA
💰 [12:20:37 PM] TXN-1787894437826-202-999200
   Outlet 202 | Staff: None | 2 items | S$31.27
   🚨 OUT OF STOCK: MNL_RICE_BOWL, MNL_LAKSA
🛒 [12:20:44 PM] TXN-1787894444056-167-883625
   Outlet 167 | Staff: Rajesh Kumar | 5 items | S$54.87
   🚨 OUT OF STOCK: LMT_MIE_GORENG, BEV_ORANGE_JUICE, BEV_ICED_TEA, BEV_LATTE, BEV_ORANGE_JUICE
💰 [12:20:51 PM] TXN-1787894451119-200-747506
   Outlet 200 | Staff: Syaza Aina | 2 items | S$26.55
   🚨 OUT OF STOCK: MNL_CHICKEN_RICE, BEV_LATTE
🛒 [12:20:57 PM] TXN-1787894457371-202-362773
   Outlet 202 | Staff: None | 4 items | S$52.51
   🚨 OUT OF STOCK: LMT_MIE_GORENG, BEV_KOPI_O, BEV_ORANGE_JUICE, BEV_KOPI_O
💰 [12:21:04 PM] TXN-1787894464284-167-261564
   Outlet 167 | Staff: Nurul Huda Bte Ali | 1 items | S$4.72
   🚨 OUT OF STOCK: LMT_PRAWN_CRACKERS

📊 STATS:
   Total Sales: 1910
   Total Revenue: S$77484.70
   Avg Ticket: S$40.57
   Low Stock Alerts: 68
   Out of Stock: 1900
──────────────────────────────────────────────────
🛒 [12:21:10 PM] TXN-1787894470437-164-815649
   Outlet 164 | Staff: Chua Kai Xin | 5 items | S$72.57
   🚨 OUT OF STOCK: MNL_KWAY_TEOW, BEV_ICED_TEA, BEV_KOPI_O, BEV_LATTE, LMT_ROTI_CANAI
🛒 [12:21:17 PM] TXN-1787894477479-164-315903
   Outlet 164 | Staff: Priya D/O Mani | 5 items | S$89.68
   🚨 OUT OF STOCK: MNL_LAKSA, MNL_LAKSA, BEV_KOPI_O, BEV_ORANGE_JUICE, BEV_LATTE
🛒 [12:21:24 PM] TXN-1787894484631-167-302427
   Outlet 167 | Staff: Rajesh Kumar | 5 items | S$45.43
   🚨 OUT OF STOCK: MNL_RICE_BOWL, BEV_MILO, BEV_ORANGE_JUICE, BEV_ORANGE_JUICE, BEV_ICED_TEA
🛒 [12:21:31 PM] TXN-1787894491628-165-477182
   Outlet 165 | Staff: Ng Jun Hao | 5 items | S$65.49
   🚨 OUT OF STOCK: BEV_ORANGE_JUICE, BEV_KOPI_O, BEV_KOPI_O, BEV_MILO, MNL_CHICKEN_RICE
🛒 [12:21:39 PM] TXN-1787894499803-171-546625
   Outlet 171 | Staff: Lee Jia En | 4 items | S$53.10
   🚨 OUT OF STOCK: LMT_SATE, BEV_ORANGE_JUICE, BEV_ORANGE_JUICE, BEV_ORANGE_JUICE
🛒 [12:21:47 PM] TXN-1787894507187-169-783576
   Outlet 169 | Staff: Lee Jia En | 4 items | S$54.87
   🚨 OUT OF STOCK: LMT_SATE, BEV_ORANGE_JUICE, BEV_KOPI_O, BEV_ICED_TEA
💰 [12:21:54 PM] TXN-1787894514283-200-514618
   Outlet 200 | Staff: Priya D/O Mani | 1 items | S$8.26
   🚨 OUT OF STOCK: BEV_MILO
💰 [12:22:00 PM] TXN-1787894520244-164-883455
   Outlet 164 | Staff: Tan Jia Min | 2 items | S$25.96
   🚨 OUT OF STOCK: MNL_LAKSA, BEV_KOPI_O
💰 [12:22:06 PM] TXN-1787894526572-171-450898
   Outlet 171 | Staff: Priya D/O Mani | 2 items | S$34.22
   🚨 OUT OF STOCK: BEV_MILO, MNL_RICE_BOWL
💰 [12:22:12 PM] TXN-1787894532806-165-615224
   Outlet 165 | Staff: Tan Wei Ming | 1 items | S$14.16
   🚨 OUT OF STOCK: LMT_NASI_GORENG

📊 STATS:
   Total Sales: 1920
   Total Revenue: S$77948.44
   Avg Ticket: S$40.60
   Low Stock Alerts: 68
   Out of Stock: 1910
──────────────────────────────────────────────────
🛒 [12:22:18 PM] TXN-1787894538771-170-920275
   Outlet 170 | Staff: Ng Jun Hao | 3 items | S$62.54
   🚨 OUT OF STOCK: MNL_CHICKEN_RICE, MNL_KWAY_TEOW, BEV_KOPI_O
🛒 [12:22:25 PM] TXN-1787894545342-170-784827
   Outlet 170 | Staff: Lee Jia En | 3 items | S$28.32
   🚨 OUT OF STOCK: BEV_MILO, LMT_MIE_GORENG, BEV_MILO
🛒 [12:22:31 PM] TXN-1787894551884-164-880744
   Outlet 164 | Staff: Batch Staff 1 | 5 items | S$73.16
   🚨 OUT OF STOCK: MNL_RICE_BOWL, BEV_LATTE, BEV_ORANGE_JUICE, BEV_ICED_TEA, LMT_NASI_GORENG
💰 [12:22:39 PM] TXN-1787894559596-201-566261
   Outlet 201 | Staff: None | 1 items | S$8.26
   🚨 OUT OF STOCK: BEV_MILO
🛒 [12:22:45 PM] TXN-1787894565709-201-313169
   Outlet 201 | Staff: None | 5 items | S$42.48
   🚨 OUT OF STOCK: LMT_PRAWN_CRACKERS, BEV_ICED_TEA, BEV_KOPI_O, BEV_KOPI_O, BEV_MILO
🛒 [12:22:52 PM] TXN-1787894572754-201-835549
   Outlet 201 | Staff: None | 5 items | S$55.46
   🚨 OUT OF STOCK: MNL_RICE_BOWL, BEV_ICED_TEA, BEV_MILO, BEV_ORANGE_JUICE, BEV_LATTE
💰 [12:22:59 PM] TXN-1787894579790-171-818287
   Outlet 171 | Staff: Rajesh Kumar | 1 items | S$18.88
   🚨 OUT OF STOCK: MNL_BEEG_HOON
🛒 [12:23:05 PM] TXN-1787894585756-165-317472
   Outlet 165 | Staff: Muhd Danish Bin Razak | 4 items | S$34.81
   🚨 OUT OF STOCK: BEV_ICED_TEA, BEV_ICED_TEA, BEV_ORANGE_JUICE, BEV_ICED_TEA
🛒 [12:23:12 PM] TXN-1787894592429-169-232495
   Outlet 169 | Staff: Ng Jun Hao | 4 items | S$61.95
   🚨 OUT OF STOCK: MNL_LAKSA, BEV_LATTE, BEV_LATTE, LMT_MIE_GORENG
💰 [12:23:19 PM] TXN-1787894599215-202-874956
   Outlet 202 | Staff: None | 2 items | S$25.37
   🚨 OUT OF STOCK: MNL_CHICKEN_RICE, BEV_ORANGE_JUICE

📊 STATS:
   Total Sales: 1930
   Total Revenue: S$78359.67
   Avg Ticket: S$40.60
   Low Stock Alerts: 68
   Out of Stock: 1920
──────────────────────────────────────────────────
💰 [12:23:25 PM] TXN-1787894605555-170-347581
   Outlet 170 | Staff: Tan Wei Ming | 1 items | S$11.80
   🚨 OUT OF STOCK: LMT_MIE_GORENG
💰 [12:23:31 PM] TXN-1787894611541-167-562250
   Outlet 167 | Staff: Tan Wei Ming | 1 items | S$11.80
   🚨 OUT OF STOCK: LMT_MIE_GORENG
🛒 [12:23:37 PM] TXN-1787894617518-165-380999
   Outlet 165 | Staff: Muhd Danish Bin Razak | 4 items | S$59.59
   🚨 OUT OF STOCK: BEV_MILO, BEV_ORANGE_JUICE, BEV_LATTE, LMT_MIE_GORENG
💰 [12:23:44 PM] TXN-1787894624351-165-473909
   Outlet 165 | Staff: Ng Jun Hao | 2 items | S$26.55
   🚨 OUT OF STOCK: BEV_LATTE, BEV_MILO
🛒 [12:23:50 PM] TXN-1787894630615-170-817815
   Outlet 170 | Staff: Ng Jun Hao | 4 items | S$82.60
   🚨 OUT OF STOCK: MNL_BEEG_HOON, LMT_NASI_GORENG, MNL_BEEG_HOON, LMT_MIE_GORENG
🛒 [12:23:57 PM] TXN-1787894637327-165-167161
   Outlet 165 | Staff: Lee Jia En | 5 items | S$76.70
   🚨 OUT OF STOCK: MNL_LAKSA, BEV_KOPI_O, LMT_ROTI_CANAI, MNL_RICE_BOWL, MNL_KWAY_TEOW
🛒 [12:24:04 PM] TXN-1787894644493-202-331077
   Outlet 202 | Staff: None | 5 items | S$54.87
   🚨 OUT OF STOCK: MNL_CHICKEN_RICE, BEV_ICED_TEA, BEV_MILO, BEV_ORANGE_JUICE, BEV_MILO
💰 [12:24:11 PM] TXN-1787894651670-202-421256
   Outlet 202 | Staff: None | 2 items | S$35.99
   🚨 OUT OF STOCK: BEV_LATTE, MNL_RICE_BOWL
🛒 [12:24:18 PM] TXN-1787894658114-201-446224
   Outlet 201 | Staff: None | 3 items | S$40.12
   🚨 OUT OF STOCK: LMT_NASI_GORENG, BEV_MILO, LMT_PRAWN_CRACKERS
💰 [12:24:25 PM] TXN-1787894665032-201-843762
   Outlet 201 | Staff: None | 2 items | S$12.98
   🚨 OUT OF STOCK: BEV_ICED_TEA, BEV_ICED_TEA

📊 STATS:
   Total Sales: 1940
   Total Revenue: S$78772.67
   Avg Ticket: S$40.60
   Low Stock Alerts: 68
   Out of Stock: 1930
──────────────────────────────────────────────────
🛒 [12:24:31 PM] TXN-1787894671293-164-490527
   Outlet 164 | Staff: Tan Wei Ming | 3 items | S$27.73
   ⚠️ LOW STOCK: LMT_PRAWN_CRACKERS
   🚨 OUT OF STOCK: BEV_ICED_TEA, BEV_MILO
💰 [12:24:37 PM] TXN-1787894677840-202-541743
   Outlet 202 | Staff: None | 1 items | S$17.70
   🚨 OUT OF STOCK: LMT_SATE
💰 [12:24:43 PM] TXN-1787894683762-168-808470
   Outlet 168 | Staff: Nurul Huda Bte Ali | 1 items | S$18.88
   🚨 OUT OF STOCK: MNL_BEEG_HOON
🛒 [12:24:49 PM] TXN-1787894689783-171-141162
   Outlet 171 | Staff: Rajesh Kumar | 5 items | S$59.59
   🚨 OUT OF STOCK: BEV_ICED_TEA, BEV_MILO, BEV_ICED_TEA, LMT_PRAWN_CRACKERS, LMT_ROTI_CANAI
🛒 [12:24:56 PM] TXN-1787894696817-168-436960
   Outlet 168 | Staff: Nurul Huda Bte Ali | 4 items | S$86.14
   🚨 OUT OF STOCK: MNL_BEEG_HOON, BEV_MILO, MNL_KWAY_TEOW, LMT_NASI_GORENG
💰 [12:25:03 PM] TXN-1787894703820-165-386083
   Outlet 165 | Staff: Muhd Danish Bin Razak | 1 items | S$10.03
   🚨 OUT OF STOCK: BEV_LATTE
🛒 [12:25:09 PM] TXN-1787894709796-200-300204
   Outlet 200 | Staff: Syaza Aina | 3 items | S$40.71
   🚨 OUT OF STOCK: LMT_NASI_GORENG, BEV_LATTE, BEV_ICED_TEA
💰 [12:25:16 PM] TXN-1787894716362-202-281104
   Outlet 202 | Staff: None | 2 items | S$29.50
   🚨 OUT OF STOCK: LMT_MIE_GORENG, BEV_ORANGE_JUICE
🛒 [12:25:22 PM] TXN-1787894722633-167-603958
   Outlet 167 | Staff: Tan Wei Ming | 4 items | S$50.74
   🚨 OUT OF STOCK: BEV_MILO, LMT_SATE, BEV_MILO, BEV_MILO
💰 [12:25:29 PM] TXN-1787894729415-170-218594
   Outlet 170 | Staff: Ng Jun Hao | 2 items | S$21.83
   🚨 OUT OF STOCK: LMT_MIE_GORENG, BEV_LATTE

📊 STATS:
   Total Sales: 1950
   Total Revenue: S$79135.52
   Avg Ticket: S$40.58
   Low Stock Alerts: 69
   Out of Stock: 1940
──────────────────────────────────────────────────
💰 [12:25:35 PM] TXN-1787894735651-202-608123
   Outlet 202 | Staff: None | 2 items | S$27.14
   🚨 OUT OF STOCK: MNL_LAKSA, BEV_ORANGE_JUICE
💰 [12:25:41 PM] TXN-1787894741992-165-821284
   Outlet 165 | Staff: Tan Wei Ming | 1 items | S$18.29
   🚨 OUT OF STOCK: MNL_LAKSA
🛒 [12:25:48 PM] TXN-1787894748061-168-747856
   Outlet 168 | Staff: Nurul Huda Bte Ali | 3 items | S$47.20
   🚨 OUT OF STOCK: MNL_RICE_BOWL, BEV_LATTE, LMT_NASI_GORENG
🛒 [12:25:54 PM] TXN-1787894754651-165-170682
   Outlet 165 | Staff: Lee Jia En | 3 items | S$46.02
   🚨 OUT OF STOCK: LMT_SATE, BEV_LATTE, BEV_MILO
🛒 [12:26:01 PM] TXN-1787894761157-171-138148
   Outlet 171 | Staff: Nur Aisyah | 4 items | S$47.20
   🚨 OUT OF STOCK: MNL_KWAY_TEOW, BEV_ICED_TEA, BEV_ORANGE_JUICE, BEV_MILO
🛒 [12:26:07 PM] TXN-1787894767858-201-987653
   Outlet 201 | Staff: None | 3 items | S$33.63
   🚨 OUT OF STOCK: BEV_MILO, BEV_LATTE, BEV_KOPI_O
💰 [12:26:15 PM] TXN-1787894775291-168-964100
   Outlet 168 | Staff: Sanjay S/O Ramesh | 2 items | S$25.96
   🚨 OUT OF STOCK: MNL_RICE_BOWL, BEV_ICED_TEA
💰 [12:26:22 PM] TXN-1787894782345-167-426491
   Outlet 167 | Staff: Tan Wei Ming | 1 items | S$14.16
   🚨 OUT OF STOCK: LMT_NASI_GORENG
🛒 [12:26:29 PM] TXN-1787894789232-164-469411
   Outlet 164 | Staff: Chua Kai Xin | 5 items | S$58.41
   🚨 OUT OF STOCK: MNL_RICE_BOWL, LMT_MIE_GORENG, BEV_KOPI_O, BEV_ICED_TEA, MNL_RICE_BOWL
💰 [12:26:37 PM] TXN-1787894797795-165-706613
   Outlet 165 | Staff: Tan Wei Ming | 2 items | S$31.86
   🚨 OUT OF STOCK: MNL_CHICKEN_RICE, BEV_KOPI_O

📊 STATS:
   Total Sales: 1960
   Total Revenue: S$79485.39
   Avg Ticket: S$40.55
   Low Stock Alerts: 69
   Out of Stock: 1950
──────────────────────────────────────────────────
🛒 [12:26:44 PM] TXN-1787894804835-165-908703
   Outlet 165 | Staff: Lee Jia En | 5 items | S$53.10
   🚨 OUT OF STOCK: LMT_ROTI_CANAI, LMT_MIE_GORENG, BEV_KOPI_O, BEV_KOPI_O, BEV_ORANGE_JUICE
💰 [12:26:53 PM] TXN-1787894813549-201-583285
   Outlet 201 | Staff: None | 2 items | S$27.73
   🚨 OUT OF STOCK: MNL_BEEG_HOON, BEV_ORANGE_JUICE
💰 [12:27:00 PM] TXN-1787894820518-201-383779
   Outlet 201 | Staff: None | 1 items | S$11.80
   🚨 OUT OF STOCK: LMT_MIE_GORENG
🛒 [12:27:06 PM] TXN-1787894826468-171-831656
   Outlet 171 | Staff: Priya D/O Mani | 3 items | S$41.89
   🚨 OUT OF STOCK: MNL_KWAY_TEOW, MNL_CHICKEN_RICE, BEV_LATTE
💰 [12:27:12 PM] TXN-1787894832963-170-483894
   Outlet 170 | Staff: Rajesh Kumar | 1 items | S$14.16
   🚨 OUT OF STOCK: LMT_NASI_GORENG
💰 [12:27:19 PM] TXN-1787894839063-201-600801
   Outlet 201 | Staff: None | 2 items | S$20.65
   🚨 OUT OF STOCK: LMT_MIE_GORENG, BEV_ORANGE_JUICE
🛒 [12:27:25 PM] TXN-1787894845271-171-209591
   Outlet 171 | Staff: Nur Aisyah | 3 items | S$39.53
   🚨 OUT OF STOCK: MNL_RICE_BOWL, BEV_MILO, BEV_LATTE
💰 [12:27:31 PM] TXN-1787894851748-171-608962
   Outlet 171 | Staff: Muhd Danish Bin Razak | 1 items | S$18.29
   🚨 OUT OF STOCK: MNL_LAKSA
🛒 [12:27:37 PM] TXN-1787894857684-164-449937
   Outlet 164 | Staff: Chua Kai Xin | 5 items | S$81.42
   🚨 OUT OF STOCK: MNL_KWAY_TEOW, BEV_MILO, BEV_LATTE, BEV_ICED_TEA, MNL_CHICKEN_RICE
💰 [12:27:44 PM] TXN-1787894864650-167-657439
   Outlet 167 | Staff: Ahmad Faiz Bin Hassan | 2 items | S$19.47
   🚨 OUT OF STOCK: LMT_ROTI_CANAI, BEV_LATTE

📊 STATS:
   Total Sales: 1970
   Total Revenue: S$79813.43
   Avg Ticket: S$40.51
   Low Stock Alerts: 69
   Out of Stock: 1960
──────────────────────────────────────────────────
💰 [12:27:51 PM] TXN-1787894871111-202-510301
   Outlet 202 | Staff: None | 1 items | S$12.98
   🚨 OUT OF STOCK: MNL_RICE_BOWL
🛒 [12:27:57 PM] TXN-1787894877186-169-828618
   Outlet 169 | Staff: Sanjay S/O Ramesh | 3 items | S$44.84
   🚨 OUT OF STOCK: BEV_MILO, BEV_MILO, BEV_LATTE
💰 [12:28:03 PM] TXN-1787894883645-200-419901
   Outlet 200 | Staff: Kumar Sanjay | 2 items | S$40.71
   🚨 OUT OF STOCK: BEV_LATTE, MNL_KWAY_TEOW
💰 [12:28:09 PM] TXN-1787894889912-171-376860
   Outlet 171 | Staff: Chua Kai Xin | 2 items | S$33.63
   🚨 OUT OF STOCK: MNL_LAKSA, MNL_KWAY_TEOW
🛒 [12:28:16 PM] TXN-1787894896201-170-299306
   Outlet 170 | Staff: Muhd Danish Bin Razak | 4 items | S$60.18
   🚨 OUT OF STOCK: MNL_KWAY_TEOW, BEV_MILO, BEV_ICED_TEA, BEV_KOPI_O
🛒 [12:28:22 PM] TXN-1787894902906-169-492859
   Outlet 169 | Staff: Ng Jun Hao | 5 items | S$62.54
   🚨 OUT OF STOCK: MNL_RICE_BOWL, BEV_MILO, BEV_ICED_TEA, BEV_LATTE, BEV_ICED_TEA
🛒 [12:28:29 PM] TXN-1787894909933-171-796131
   Outlet 171 | Staff: Nurul Huda Bte Ali | 4 items | S$72.57
   🚨 OUT OF STOCK: MNL_CHICKEN_RICE, LMT_NASI_GORENG, BEV_KOPI_O, BEV_LATTE
💰 [12:28:36 PM] TXN-1787894916629-171-102984
   Outlet 171 | Staff: Muhd Danish Bin Razak | 1 items | S$11.80
   🚨 OUT OF STOCK: LMT_MIE_GORENG
🛒 [12:28:42 PM] TXN-1787894922612-202-468365
   Outlet 202 | Staff: None | 3 items | S$56.05
   🚨 OUT OF STOCK: LMT_NASI_GORENG, BEV_ICED_TEA, LMT_SATE
💰 [12:28:49 PM] TXN-1787894929700-200-962253
   Outlet 200 | Staff: Priya D/O Mani | 2 items | S$26.55
   🚨 OUT OF STOCK: BEV_KOPI_O, LMT_ROTI_CANAI

📊 STATS:
   Total Sales: 1980
   Total Revenue: S$80235.28
   Avg Ticket: S$40.52
   Low Stock Alerts: 69
   Out of Stock: 1970
──────────────────────────────────────────────────
🛒 [12:28:55 PM] TXN-1787894935953-168-121067
   Outlet 168 | Staff: Priya D/O Mani | 4 items | S$54.28
   🚨 OUT OF STOCK: BEV_ORANGE_JUICE, BEV_MILO, BEV_LATTE, MNL_BEEG_HOON
🛒 [12:29:02 PM] TXN-1787894942756-200-551963
   Outlet 200 | Staff: Priya D/O Mani | 3 items | S$37.76
   🚨 OUT OF STOCK: BEV_KOPI_O, BEV_ICED_TEA, LMT_MIE_GORENG
🛒 [12:29:09 PM] TXN-1787894949187-201-495857
   Outlet 201 | Staff: None | 3 items | S$72.57
   🚨 OUT OF STOCK: MNL_LAKSA, MNL_BEEG_HOON, LMT_SATE
💰 [12:29:15 PM] TXN-1787894955646-170-167226
   Outlet 170 | Staff: Tan Wei Ming | 1 items | S$15.34
   🚨 OUT OF STOCK: MNL_KWAY_TEOW
🛒 [12:29:21 PM] TXN-1787894961679-202-327675
   Outlet 202 | Staff: None | 4 items | S$55.46
   🚨 OUT OF STOCK: LMT_NASI_GORENG, BEV_ICED_TEA, BEV_MILO, MNL_LAKSA
🛒 [12:29:28 PM] TXN-1787894968455-167-223558
   Outlet 167 | Staff: Rajesh Kumar | 5 items | S$68.44
   🚨 OUT OF STOCK: LMT_SATE, BEV_ORANGE_JUICE, BEV_KOPI_O, BEV_ORANGE_JUICE, BEV_MILO
🛒 [12:29:35 PM] TXN-1787894975464-201-541008
   Outlet 201 | Staff: None | 3 items | S$39.53
   🚨 OUT OF STOCK: MNL_KWAY_TEOW, BEV_ORANGE_JUICE, MNL_KWAY_TEOW
💰 [12:29:41 PM] TXN-1787894981905-167-126298
   Outlet 167 | Staff: Tan Wei Ming | 1 items | S$7.67
   🚨 OUT OF STOCK: BEV_KOPI_O
💰 [12:29:48 PM] TXN-1787894988000-171-827511
   Outlet 171 | Staff: Nurul Huda Bte Ali | 1 items | S$17.70
   🚨 OUT OF STOCK: LMT_SATE
💰 [12:29:54 PM] TXN-1787894994009-201-713367
   Outlet 201 | Staff: None | 1 items | S$6.49
   🚨 OUT OF STOCK: BEV_ICED_TEA

📊 STATS:
   Total Sales: 1990
   Total Revenue: S$80610.52
   Avg Ticket: S$40.51
   Low Stock Alerts: 69
   Out of Stock: 1980
──────────────────────────────────────────────────
💰 [12:30:00 PM] TXN-1787895000042-200-707804
   Outlet 200 | Staff: Syaza Aina | 1 items | S$17.70
   🚨 OUT OF STOCK: LMT_SATE
🛒 [12:30:06 PM] TXN-1787895006947-201-901499
   Outlet 201 | Staff: None | 4 items | S$59.59
   🚨 OUT OF STOCK: LMT_SATE, BEV_ORANGE_JUICE, BEV_ICED_TEA, BEV_ORANGE_JUICE
🛒 [12:30:13 PM] TXN-1787895013733-164-897457
   Outlet 164 | Staff: Chua Kai Xin | 3 items | S$30.68
   ⚠️ LOW STOCK: LMT_PRAWN_CRACKERS
   🚨 OUT OF STOCK: LMT_SATE, BEV_MILO
💰 [12:30:20 PM] TXN-1787895020642-169-753187
   Outlet 169 | Staff: Tan Wei Ming | 1 items | S$4.72
   ⚠️ LOW STOCK: LMT_PRAWN_CRACKERS
🛒 [12:30:26 PM] TXN-1787895026804-170-268299
   Outlet 170 | Staff: Muhd Danish Bin Razak | 5 items | S$57.23
   🚨 OUT OF STOCK: BEV_KOPI_O, BEV_ORANGE_JUICE, BEV_KOPI_O, BEV_LATTE, MNL_KWAY_TEOW
🛒 [12:30:33 PM] TXN-1787895033899-202-832322
   Outlet 202 | Staff: None | 4 items | S$63.13
   🚨 OUT OF STOCK: MNL_KWAY_TEOW, LMT_ROTI_CANAI, BEV_LATTE, BEV_ORANGE_JUICE
🛒 [12:30:40 PM] TXN-1787895040780-167-698902
   Outlet 167 | Staff: Ng Jun Hao | 4 items | S$70.21
   🚨 OUT OF STOCK: MNL_LAKSA, MNL_CHICKEN_RICE, BEV_LATTE, BEV_KOPI_O
🛒 [12:30:47 PM] TXN-1787895047571-170-165615
   Outlet 170 | Staff: Muhd Danish Bin Razak | 3 items | S$49.56
   🚨 OUT OF STOCK: MNL_KWAY_TEOW, BEV_MILO, BEV_ORANGE_JUICE
🛒 [12:30:54 PM] TXN-1787895054020-167-328197
   Outlet 167 | Staff: Chong Wei Sheng | 3 items | S$40.71
   🚨 OUT OF STOCK: MNL_CHICKEN_RICE, BEV_ORANGE_JUICE, BEV_KOPI_O
🛒 [12:31:00 PM] TXN-1787895060607-165-420430
   Outlet 165 | Staff: Ahmad Faiz Bin Hassan | 5 items | S$46.02
   🚨 OUT OF STOCK: BEV_MILO, BEV_ICED_TEA, BEV_KOPI_O, BEV_KOPI_O, LMT_PRAWN_CRACKERS

📊 STATS:
   Total Sales: 2000
   Total Revenue: S$81050.07
   Avg Ticket: S$40.53
   Low Stock Alerts: 71
   Out of Stock: 1989
──────────────────────────────────────────────────
🛒 [12:31:07 PM] TXN-1787895067781-201-994704
   Outlet 201 | Staff: None | 5 items | S$54.28
   🚨 OUT OF STOCK: BEV_ICED_TEA, BEV_ICED_TEA, BEV_MILO, BEV_ORANGE_JUICE, BEV_ORANGE_JUICE
🛒 [12:31:14 PM] TXN-1787895074930-201-588056
   Outlet 201 | Staff: None | 4 items | S$106.79
   🚨 OUT OF STOCK: BEV_ICED_TEA, LMT_NASI_GORENG, MNL_LAKSA, LMT_SATE
🛒 [12:31:21 PM] TXN-1787895081871-169-421053
   Outlet 169 | Staff: Ng Jun Hao | 3 items | S$35.40
   🚨 OUT OF STOCK: BEV_KOPI_O, BEV_KOPI_O, BEV_LATTE
🛒 [12:31:28 PM] TXN-1787895088564-170-629434
   Outlet 170 | Staff: Tan Wei Ming | 5 items | S$50.15
   🚨 OUT OF STOCK: MNL_RICE_BOWL, BEV_ORANGE_JUICE, BEV_LATTE, LMT_MIE_GORENG, BEV_ICED_TEA
🛒 [12:31:35 PM] TXN-1787895095707-164-978047
   Outlet 164 | Staff: Nurul Huda Bte Ali | 4 items | S$51.33
   ⚠️ LOW STOCK: LMT_PRAWN_CRACKERS
   🚨 OUT OF STOCK: BEV_KOPI_O, BEV_KOPI_O, LMT_MIE_GORENG
💰 [12:31:42 PM] TXN-1787895102525-171-998188
   Outlet 171 | Staff: Tan Wei Ming | 1 items | S$15.34
   🚨 OUT OF STOCK: MNL_KWAY_TEOW
🛒 [12:31:48 PM] TXN-1787895108477-165-766671
   Outlet 165 | Staff: Tan Wei Ming | 3 items | S$43.07
   🚨 OUT OF STOCK: MNL_BEEG_HOON, BEV_KOPI_O, BEV_ORANGE_JUICE
🛒 [12:31:55 PM] TXN-1787895115109-171-318056
   Outlet 171 | Staff: Nurul Huda Bte Ali | 4 items | S$56.05
   🚨 OUT OF STOCK: LMT_SATE, BEV_MILO, BEV_ORANGE_JUICE, BEV_ICED_TEA
💰 [12:32:01 PM] TXN-1787895121856-200-510194
   Outlet 200 | Staff: Kumar Sanjay | 2 items | S$15.34
   🚨 OUT OF STOCK: BEV_ORANGE_JUICE, BEV_ICED_TEA
🛒 [12:32:08 PM] TXN-1787895128208-200-198477
   Outlet 200 | Staff: Kumar Sanjay | 4 items | S$53.69
   🚨 OUT OF STOCK: LMT_SATE, BEV_ORANGE_JUICE, BEV_MILO, MNL_BEEG_HOON

📊 STATS:
   Total Sales: 2010
   Total Revenue: S$81531.51
   Avg Ticket: S$40.56
   Low Stock Alerts: 72
   Out of Stock: 1999
──────────────────────────────────────────────────
💰 [12:32:14 PM] TXN-1787895134994-168-556251
   Outlet 168 | Staff: Chua Kai Xin | 1 items | S$11.80
   🚨 OUT OF STOCK: LMT_MIE_GORENG
🛒 [12:32:20 PM] TXN-1787895140976-165-295007
   Outlet 165 | Staff: Lee Jia En | 4 items | S$39.53
   🚨 OUT OF STOCK: BEV_KOPI_O, BEV_ORANGE_JUICE, BEV_ICED_TEA, BEV_MILO
🛒 [12:32:27 PM] TXN-1787895147803-168-407665
   Outlet 168 | Staff: Nurul Huda Bte Ali | 5 items | S$64.31
   🚨 OUT OF STOCK: BEV_LATTE, BEV_KOPI_O, BEV_ICED_TEA, LMT_PRAWN_CRACKERS, BEV_MILO
🛒 [12:32:34 PM] TXN-1787895154768-164-466664
   Outlet 164 | Staff: Tan Wei Ming | 4 items | S$44.84
   🚨 OUT OF STOCK: MNL_RICE_BOWL, BEV_MILO, BEV_KOPI_O, BEV_MILO
💰 [12:32:41 PM] TXN-1787895161450-168-486992
   Outlet 168 | Staff: Tan Wei Ming | 1 items | S$12.98
   🚨 OUT OF STOCK: MNL_RICE_BOWL
💰 [12:32:47 PM] TXN-1787895167491-167-477669
   Outlet 167 | Staff: Ng Jun Hao | 2 items | S$27.73
   🚨 OUT OF STOCK: LMT_SATE, BEV_LATTE
💰 [12:32:53 PM] TXN-1787895173797-202-500264
   Outlet 202 | Staff: None | 1 items | S$17.70
   🚨 OUT OF STOCK: LMT_SATE
🛒 [12:32:59 PM] TXN-1787895179830-202-100937
   Outlet 202 | Staff: None | 5 items | S$73.75
   🚨 OUT OF STOCK: LMT_MIE_GORENG, BEV_ORANGE_JUICE, BEV_ORANGE_JUICE, BEV_ORANGE_JUICE, BEV_ORANGE_JUICE
🛒 [12:33:06 PM] TXN-1787895186750-171-752305
   Outlet 171 | Staff: Chua Kai Xin | 3 items | S$37.76
   🚨 OUT OF STOCK: LMT_SATE, BEV_LATTE, BEV_LATTE
🛒 [12:33:13 PM] TXN-1787895193246-170-802489
   Outlet 170 | Staff: Lee Jia En | 5 items | S$74.34
   🚨 OUT OF STOCK: LMT_SATE, MNL_LAKSA, BEV_MILO, BEV_ICED_TEA, MNL_KWAY_TEOW

📊 STATS:
   Total Sales: 2020
   Total Revenue: S$81936.25
   Avg Ticket: S$40.56
   Low Stock Alerts: 72
   Out of Stock: 2009
──────────────────────────────────────────────────
💰 [12:33:20 PM] TXN-1787895200225-167-574723
   Outlet 167 | Staff: Tan Wei Ming | 2 items | S$26.55
   🚨 OUT OF STOCK: LMT_SATE, BEV_ORANGE_JUICE
🛒 [12:33:26 PM] TXN-1787895206461-201-292415
   Outlet 201 | Staff: None | 5 items | S$110.92
   🚨 OUT OF STOCK: MNL_KWAY_TEOW, BEV_KOPI_O, MNL_LAKSA, MNL_RICE_BOWL, BEV_ORANGE_JUICE
🛒 [12:33:33 PM] TXN-1787895213638-169-826648
   Outlet 169 | Staff: Lee Jia En | 3 items | S$40.12
   🚨 OUT OF STOCK: MNL_KWAY_TEOW, MNL_LAKSA, BEV_ICED_TEA
🛒 [12:33:40 PM] TXN-1787895220198-170-934424
   Outlet 170 | Staff: Ng Jun Hao | 3 items | S$41.89
   🚨 OUT OF STOCK: LMT_SATE, BEV_ICED_TEA, BEV_ORANGE_JUICE
🛒 [12:33:46 PM] TXN-1787895226768-170-882619
   Outlet 170 | Staff: Ng Jun Hao | 4 items | S$61.95
   🚨 OUT OF STOCK: MNL_LAKSA, LMT_MIE_GORENG, LMT_ROTI_CANAI, BEV_ICED_TEA
🛒 [12:33:53 PM] TXN-1787895233515-171-565436
   Outlet 171 | Staff: Nur Aisyah | 5 items | S$66.67
   🚨 OUT OF STOCK: LMT_PRAWN_CRACKERS, BEV_LATTE, BEV_MILO, BEV_MILO, BEV_ORANGE_JUICE
🛒 [12:34:00 PM] TXN-1787895240679-202-430936
   Outlet 202 | Staff: None | 3 items | S$35.40
   🚨 OUT OF STOCK: BEV_ORANGE_JUICE, BEV_ORANGE_JUICE, BEV_ORANGE_JUICE
🛒 [12:34:07 PM] TXN-1787895247162-201-900008
   Outlet 201 | Staff: None | 3 items | S$28.32
   🚨 OUT OF STOCK: BEV_ICED_TEA, BEV_ICED_TEA, BEV_ORANGE_JUICE
💰 [12:34:13 PM] TXN-1787895253823-171-957322
   Outlet 171 | Staff: Chua Kai Xin | 2 items | S$26.55
   🚨 OUT OF STOCK: MNL_CHICKEN_RICE, BEV_LATTE
🛒 [12:34:20 PM] TXN-1787895260162-201-301374
   Outlet 201 | Staff: None | 5 items | S$66.08
   🚨 OUT OF STOCK: MNL_LAKSA, BEV_KOPI_O, BEV_LATTE, LMT_NASI_GORENG, BEV_MILO

📊 STATS:
   Total Sales: 2030
   Total Revenue: S$82440.70
   Avg Ticket: S$40.61
   Low Stock Alerts: 72
   Out of Stock: 2019
──────────────────────────────────────────────────
💰 [12:34:27 PM] TXN-1787895267193-170-654439
   Outlet 170 | Staff: Tan Wei Ming | 1 items | S$11.80
   🚨 OUT OF STOCK: LMT_MIE_GORENG
🛒 [12:34:33 PM] TXN-1787895273342-167-449841
   Outlet 167 | Staff: Lee Jia En | 4 items | S$41.89
   🚨 OUT OF STOCK: MNL_CHICKEN_RICE, BEV_KOPI_O, BEV_LATTE, BEV_KOPI_O
💰 [12:34:40 PM] TXN-1787895280207-167-768304
   Outlet 167 | Staff: Sanjay S/O Ramesh | 2 items | S$27.14
   🚨 OUT OF STOCK: MNL_BEEG_HOON, BEV_MILO
🛒 [12:34:46 PM] TXN-1787895286584-202-307153
   Outlet 202 | Staff: None | 5 items | S$74.34
   🚨 OUT OF STOCK: MNL_KWAY_TEOW, MNL_RICE_BOWL, BEV_MILO, LMT_MIE_GORENG, BEV_ICED_TEA
💰 [12:34:53 PM] TXN-1787895293670-170-485738
   Outlet 170 | Staff: Ng Jun Hao | 1 items | S$16.52
   🚨 OUT OF STOCK: MNL_CHICKEN_RICE
💰 [12:34:59 PM] TXN-1787895299665-167-112283
   Outlet 167 | Staff: Muhd Danish Bin Razak | 1 items | S$11.80
   🚨 OUT OF STOCK: LMT_MIE_GORENG
💰 [12:35:08 PM] TXN-1787895308911-200-558252
   Outlet 200 | Staff: Syaza Aina | 2 items | S$19.47
   🚨 OUT OF STOCK: BEV_ICED_TEA, MNL_RICE_BOWL
🛒 [12:35:15 PM] TXN-1787895315192-170-714516
   Outlet 170 | Staff: Lee Jia En | 4 items | S$38.94
   🚨 OUT OF STOCK: BEV_MILO, BEV_KOPI_O, BEV_MILO, BEV_ICED_TEA
🛒 [12:35:21 PM] TXN-1787895321955-171-537836
   Outlet 171 | Staff: Rajesh Kumar | 4 items | S$64.90
   🚨 OUT OF STOCK: MNL_CHICKEN_RICE, BEV_KOPI_O, BEV_MILO, BEV_MILO
🛒 [12:35:28 PM] TXN-1787895328870-164-128522
   Outlet 164 | Staff: Ahmad Faiz Bin Hassan | 5 items | S$70.80
   🚨 OUT OF STOCK: BEV_LATTE, BEV_ORANGE_JUICE, BEV_LATTE, BEV_ICED_TEA, BEV_LATTE

📊 STATS:
   Total Sales: 2040
   Total Revenue: S$82818.30
   Avg Ticket: S$40.60
   Low Stock Alerts: 72
   Out of Stock: 2029
──────────────────────────────────────────────────
💰 [12:35:36 PM] TXN-1787895336270-201-136118
   Outlet 201 | Staff: None | 2 items | S$24.19
   🚨 OUT OF STOCK: LMT_NASI_GORENG, BEV_LATTE
💰 [12:35:42 PM] TXN-1787895342572-171-737680
   Outlet 171 | Staff: Nur Aisyah | 2 items | S$17.70
   🚨 OUT OF STOCK: BEV_ORANGE_JUICE, BEV_ORANGE_JUICE
🛒 [12:35:48 PM] TXN-1787895348834-165-149435
   Outlet 165 | Staff: Lee Jia En | 4 items | S$47.79
   🚨 OUT OF STOCK: BEV_ORANGE_JUICE, BEV_MILO, BEV_ICED_TEA, BEV_ORANGE_JUICE
💰 [12:35:55 PM] TXN-1787895355673-200-839831
   Outlet 200 | Staff: Priya D/O Mani | 1 items | S$9.44
   🚨 OUT OF STOCK: LMT_ROTI_CANAI
💰 [12:36:01 PM] TXN-1787895361605-200-875932
   Outlet 200 | Staff: Priya D/O Mani | 2 items | S$28.32
   🚨 OUT OF STOCK: MNL_KWAY_TEOW, BEV_ICED_TEA
🛒 [12:36:07 PM] TXN-1787895367859-168-883487
   Outlet 168 | Staff: Li Ying Zhi | 4 items | S$57.23
   🚨 OUT OF STOCK: LMT_SATE, BEV_MILO, BEV_ORANGE_JUICE, LMT_NASI_GORENG
💰 [12:36:15 PM] TXN-1787895375241-202-813506
   Outlet 202 | Staff: None | 1 items | S$7.67
   🚨 OUT OF STOCK: BEV_KOPI_O
🛒 [12:36:21 PM] TXN-1787895381150-170-823635
   Outlet 170 | Staff: Ng Jun Hao | 3 items | S$67.26
   🚨 OUT OF STOCK: MNL_BEEG_HOON, LMT_SATE, BEV_ICED_TEA
🛒 [12:36:27 PM] TXN-1787895387765-167-930292
   Outlet 167 | Staff: Tan Wei Ming | 3 items | S$54.28
   🚨 OUT OF STOCK: LMT_NASI_GORENG, BEV_LATTE, BEV_LATTE
💰 [12:36:34 PM] TXN-1787895394336-171-906587
   Outlet 171 | Staff: Sanjay S/O Ramesh | 1 items | S$8.85
   🚨 OUT OF STOCK: BEV_ORANGE_JUICE

📊 STATS:
   Total Sales: 2050
   Total Revenue: S$83141.03
   Avg Ticket: S$40.56
   Low Stock Alerts: 72
   Out of Stock: 2039
──────────────────────────────────────────────────
💰 [12:36:40 PM] TXN-1787895400320-202-817183
   Outlet 202 | Staff: None | 2 items | S$27.73
   🚨 OUT OF STOCK: LMT_SATE, BEV_LATTE
💰 [12:36:46 PM] TXN-1787895406631-171-858907
   Outlet 171 | Staff: Rajesh Kumar | 1 items | S$17.70
   🚨 OUT OF STOCK: LMT_SATE
💰 [12:36:52 PM] TXN-1787895412664-168-355263
   Outlet 168 | Staff: Sanjay S/O Ramesh | 1 items | S$8.85
   🚨 OUT OF STOCK: BEV_ORANGE_JUICE
💰 [12:36:58 PM] TXN-1787895418629-171-461553
   Outlet 171 | Staff: Tan Mei Hua | 1 items | S$16.52
   🚨 OUT OF STOCK: MNL_CHICKEN_RICE
🛒 [12:37:04 PM] TXN-1787895424613-200-889969
   Outlet 200 | Staff: Kumar Sanjay | 3 items | S$33.04
   🚨 OUT OF STOCK: MNL_KWAY_TEOW, BEV_LATTE, BEV_KOPI_O
🛒 [12:37:11 PM] TXN-1787895431176-168-806602
   Outlet 168 | Staff: Sanjay S/O Ramesh | 4 items | S$67.26
   🚨 OUT OF STOCK: LMT_SATE, BEV_MILO, BEV_KOPI_O, BEV_ORANGE_JUICE
💰 [12:37:18 PM] TXN-1787895438020-201-616657
   Outlet 201 | Staff: None | 2 items | S$18.88
   🚨 OUT OF STOCK: BEV_LATTE, BEV_ORANGE_JUICE
🛒 [12:37:24 PM] TXN-1787895444230-201-455199
   Outlet 201 | Staff: None | 5 items | S$73.16
   🚨 OUT OF STOCK: BEV_LATTE, BEV_LATTE, BEV_ORANGE_JUICE, BEV_ORANGE_JUICE, BEV_ORANGE_JUICE
🛒 [12:37:31 PM] TXN-1787895451217-200-690078
   Outlet 200 | Staff: Kumar Sanjay | 4 items | S$72.57
   🚨 OUT OF STOCK: MNL_KWAY_TEOW, LMT_SATE, MNL_RICE_BOWL, BEV_ORANGE_JUICE
💰 [12:37:38 PM] TXN-1787895458000-200-103190
   Outlet 200 | Staff: Priya D/O Mani | 1 items | S$18.88
   🚨 OUT OF STOCK: MNL_BEEG_HOON

📊 STATS:
   Total Sales: 2060
   Total Revenue: S$83495.62
   Avg Ticket: S$40.53
   Low Stock Alerts: 72
   Out of Stock: 2049
──────────────────────────────────────────────────
🛒 [12:37:43 PM] TXN-1787895463949-200-256610
   Outlet 200 | Staff: Priya D/O Mani | 4 items | S$35.40
   🚨 OUT OF STOCK: BEV_MILO, BEV_ORANGE_JUICE, BEV_MILO, BEV_LATTE
🛒 [12:37:50 PM] TXN-1787895470692-164-289379
   Outlet 164 | Staff: Chua Kai Xin | 3 items | S$64.90
   🚨 OUT OF STOCK: LMT_NASI_GORENG, BEV_ORANGE_JUICE, MNL_CHICKEN_RICE
💰 [12:37:57 PM] TXN-1787895477256-200-175286
   Outlet 200 | Staff: Kumar Sanjay | 2 items | S$16.52
   🚨 OUT OF STOCK: BEV_ORANGE_JUICE, BEV_KOPI_O
💰 [12:38:03 PM] TXN-1787895483447-165-479074
   Outlet 165 | Staff: Tan Wei Ming | 2 items | S$31.86
   🚨 OUT OF STOCK: MNL_KWAY_TEOW, BEV_MILO
💰 [12:38:09 PM] TXN-1787895489784-168-985850
   Outlet 168 | Staff: Sanjay S/O Ramesh | 2 items | S$16.52
   🚨 OUT OF STOCK: BEV_LATTE, BEV_ICED_TEA
💰 [12:38:16 PM] TXN-1787895496049-167-684453
   Outlet 167 | Staff: Ng Jun Hao | 1 items | S$16.52
   🚨 OUT OF STOCK: MNL_CHICKEN_RICE
🛒 [12:38:21 PM] TXN-1787895501988-171-234183
   Outlet 171 | Staff: Tan Wei Ming | 3 items | S$23.01
   🚨 OUT OF STOCK: BEV_ICED_TEA, BEV_MILO, BEV_MILO
💰 [12:38:28 PM] TXN-1787895508541-200-503859
   Outlet 200 | Staff: Priya D/O Mani | 1 items | S$14.16
   🚨 OUT OF STOCK: LMT_NASI_GORENG
🛒 [12:38:34 PM] TXN-1787895514638-170-314621
   Outlet 170 | Staff: Ng Jun Hao | 3 items | S$35.40
   🚨 OUT OF STOCK: LMT_ROTI_CANAI, BEV_ICED_TEA, BEV_ICED_TEA
💰 [12:38:41 PM] TXN-1787895521175-168-758465
   Outlet 168 | Staff: Chua Kai Xin | 1 items | S$16.52
   🚨 OUT OF STOCK: MNL_CHICKEN_RICE

📊 STATS:
   Total Sales: 2070
   Total Revenue: S$83766.43
   Avg Ticket: S$40.47
   Low Stock Alerts: 72
   Out of Stock: 2059
──────────────────────────────────────────────────
🛒 [12:38:47 PM] TXN-1787895527138-168-135461
   Outlet 168 | Staff: Chua Kai Xin | 4 items | S$53.10
   🚨 OUT OF STOCK: LMT_SATE, BEV_KOPI_O, BEV_KOPI_O, BEV_LATTE
💰 [12:38:53 PM] TXN-1787895533940-167-415151
   Outlet 167 | Staff: Lee Jia En | 1 items | S$8.85
   🚨 OUT OF STOCK: BEV_ORANGE_JUICE
🛒 [12:39:00 PM] TXN-1787895540034-164-807096
   Outlet 164 | Staff: Nurul Huda Bte Ali | 4 items | S$51.33
   🚨 OUT OF STOCK: LMT_ROTI_CANAI, BEV_KOPI_O, BEV_KOPI_O, LMT_ROTI_CANAI
🛒 [12:39:06 PM] TXN-1787895546834-200-309491
   Outlet 200 | Staff: Syaza Aina | 4 items | S$45.43
   🚨 OUT OF STOCK: BEV_LATTE, BEV_ORANGE_JUICE, BEV_KOPI_O, BEV_LATTE
🛒 [12:39:13 PM] TXN-1787895553654-165-709331
   Outlet 165 | Staff: Tan Wei Ming | 5 items | S$82.60
   🚨 OUT OF STOCK: MNL_CHICKEN_RICE, BEV_MILO, LMT_ROTI_CANAI, BEV_LATTE, BEV_LATTE
🛒 [12:39:20 PM] TXN-1787895560893-170-833310
   Outlet 170 | Staff: Rajesh Kumar | 5 items | S$44.84
   ⚠️ LOW STOCK: LMT_PRAWN_CRACKERS
   🚨 OUT OF STOCK: MNL_KWAY_TEOW, BEV_KOPI_O, BEV_ORANGE_JUICE, BEV_MILO
🛒 [12:39:28 PM] TXN-1787895568050-167-587120
   Outlet 167 | Staff: Ahmad Faiz Bin Hassan | 3 items | S$25.96
   🚨 OUT OF STOCK: BEV_ORANGE_JUICE, BEV_ORANGE_JUICE, BEV_MILO
🛒 [12:39:34 PM] TXN-1787895574529-167-811801
   Outlet 167 | Staff: Tan Wei Ming | 3 items | S$41.89
   🚨 OUT OF STOCK: BEV_LATTE, BEV_ICED_TEA, MNL_BEEG_HOON
🛒 [12:39:41 PM] TXN-1787895581052-164-440455
   Outlet 164 | Staff: Tan Jia Min | 3 items | S$31.86
   🚨 OUT OF STOCK: BEV_ICED_TEA, BEV_MILO, BEV_ORANGE_JUICE
🛒 [12:39:47 PM] TXN-1787895587533-167-517507
   Outlet 167 | Staff: Sanjay S/O Ramesh | 4 items | S$66.08
   🚨 OUT OF STOCK: LMT_NASI_GORENG, BEV_LATTE, LMT_MIE_GORENG, BEV_LATTE

📊 STATS:
   Total Sales: 2080
   Total Revenue: S$84218.37
   Avg Ticket: S$40.49
   Low Stock Alerts: 73
   Out of Stock: 2069
──────────────────────────────────────────────────
💰 [12:39:54 PM] TXN-1787895594385-167-615263
   Outlet 167 | Staff: Ng Jun Hao | 2 items | S$14.75
   🚨 OUT OF STOCK: BEV_MILO, BEV_ICED_TEA
💰 [12:40:00 PM] TXN-1787895600684-169-992085
   Outlet 169 | Staff: Tan Wei Ming | 1 items | S$18.88
   🚨 OUT OF STOCK: MNL_BEEG_HOON
🛒 [12:40:06 PM] TXN-1787895606792-165-288257
   Outlet 165 | Staff: Lee Jia En | 4 items | S$59.59
   🚨 OUT OF STOCK: MNL_LAKSA, BEV_LATTE, BEV_ICED_TEA, MNL_LAKSA
🛒 [12:40:13 PM] TXN-1787895613574-167-526310
   Outlet 167 | Staff: Chong Wei Sheng | 5 items | S$73.16
   🚨 OUT OF STOCK: BEV_ORANGE_JUICE, LMT_SATE, BEV_LATTE, BEV_LATTE, BEV_MILO
🛒 [12:40:20 PM] TXN-1787895620897-164-645321
   Outlet 164 | Staff: Nurul Huda Bte Ali | 4 items | S$48.38
   🚨 OUT OF STOCK: BEV_KOPI_O, BEV_KOPI_O, BEV_KOPI_O, BEV_LATTE
🛒 [12:40:27 PM] TXN-1787895627990-200-883160
   Outlet 200 | Staff: Kumar Sanjay | 4 items | S$28.91
   🚨 OUT OF STOCK: BEV_ICED_TEA, BEV_ICED_TEA, BEV_KOPI_O, BEV_MILO
🛒 [12:40:34 PM] TXN-1787895634757-165-658456
   Outlet 165 | Staff: Lee Jia En | 5 items | S$66.67
   🚨 OUT OF STOCK: LMT_ROTI_CANAI, BEV_KOPI_O, BEV_ICED_TEA, LMT_ROTI_CANAI, BEV_LATTE
💰 [12:40:41 PM] TXN-1787895641804-164-310477
   Outlet 164 | Staff: Rajesh Kumar | 1 items | S$6.49
   🚨 OUT OF STOCK: BEV_ICED_TEA
💰 [12:40:47 PM] TXN-1787895647831-171-422150
   Outlet 171 | Staff: Tan Wei Ming | 2 items | S$37.76
   🚨 OUT OF STOCK: LMT_MIE_GORENG, MNL_RICE_BOWL
🛒 [12:40:54 PM] TXN-1787895654147-201-839047
   Outlet 201 | Staff: None | 5 items | S$64.90
   🚨 OUT OF STOCK: LMT_PRAWN_CRACKERS, BEV_ORANGE_JUICE, BEV_LATTE, LMT_ROTI_CANAI, BEV_ICED_TEA

📊 STATS:
   Total Sales: 2090
   Total Revenue: S$84637.86
   Avg Ticket: S$40.50
   Low Stock Alerts: 73
   Out of Stock: 2079
──────────────────────────────────────────────────
🛒 [12:41:01 PM] TXN-1787895661145-200-456169
   Outlet 200 | Staff: Syaza Aina | 3 items | S$47.20
   🚨 OUT OF STOCK: MNL_BEEG_HOON, BEV_LATTE, MNL_LAKSA
🛒 [12:41:07 PM] TXN-1787895667661-171-211293
   Outlet 171 | Staff: Nurul Huda Bte Ali | 5 items | S$58.41
   🚨 OUT OF STOCK: MNL_BEEG_HOON, BEV_LATTE, BEV_ORANGE_JUICE, BEV_KOPI_O, BEV_ICED_TEA
💰 [12:41:14 PM] TXN-1787895674891-201-733209
   Outlet 201 | Staff: None | 2 items | S$12.98
   🚨 OUT OF STOCK: BEV_ICED_TEA, BEV_ICED_TEA
🛒 [12:41:21 PM] TXN-1787895681107-168-306314
   Outlet 168 | Staff: Lee Jia En | 5 items | S$59.00
   🚨 OUT OF STOCK: LMT_PRAWN_CRACKERS, BEV_ICED_TEA, LMT_MIE_GORENG, BEV_ORANGE_JUICE, BEV_ORANGE_JUICE
🛒 [12:41:28 PM] TXN-1787895688103-171-893526
   Outlet 171 | Staff: Rajesh Kumar | 3 items | S$34.22
   🚨 OUT OF STOCK: LMT_SATE, BEV_ICED_TEA, BEV_LATTE
🛒 [12:41:34 PM] TXN-1787895694694-165-299269
   Outlet 165 | Staff: Tan Wei Ming | 4 items | S$36.58
   🚨 OUT OF STOCK: BEV_ORANGE_JUICE, BEV_LATTE, BEV_MILO, LMT_PRAWN_CRACKERS
💰 [12:41:41 PM] TXN-1787895701547-170-628739
   Outlet 170 | Staff: Lim Pei Ling | 1 items | S$7.67
   🚨 OUT OF STOCK: BEV_KOPI_O
🛒 [12:41:47 PM] TXN-1787895707546-169-172056
   Outlet 169 | Staff: Tan Wei Ming | 5 items | S$64.31
   ⚠️ LOW STOCK: LMT_PRAWN_CRACKERS
   🚨 OUT OF STOCK: MNL_RICE_BOWL, MNL_BEEG_HOON, BEV_ORANGE_JUICE, BEV_LATTE
🛒 [12:41:54 PM] TXN-1787895714713-170-351996
   Outlet 170 | Staff: Tan Wei Ming | 4 items | S$55.46
   🚨 OUT OF STOCK: BEV_LATTE, MNL_RICE_BOWL, BEV_LATTE, LMT_ROTI_CANAI
🛒 [12:42:01 PM] TXN-1787895721524-201-135128
   Outlet 201 | Staff: None | 5 items | S$95.58
   🚨 OUT OF STOCK: MNL_KWAY_TEOW, BEV_MILO, BEV_LATTE, LMT_SATE, BEV_MILO

📊 STATS:
   Total Sales: 2100
   Total Revenue: S$85109.27
   Avg Ticket: S$40.53
   Low Stock Alerts: 74
   Out of Stock: 2089
──────────────────────────────────────────────────
🛒 [12:42:08 PM] TXN-1787895728772-170-961367
   Outlet 170 | Staff: Rajesh Kumar | 5 items | S$64.90
   ⚠️ LOW STOCK: LMT_PRAWN_CRACKERS
   🚨 OUT OF STOCK: BEV_ICED_TEA, BEV_ORANGE_JUICE, BEV_LATTE, MNL_RICE_BOWL
💰 [12:42:15 PM] TXN-1787895735863-165-991672
   Outlet 165 | Staff: Ng Jun Hao | 2 items | S$30.68
   🚨 OUT OF STOCK: LMT_NASI_GORENG, BEV_MILO
🛒 [12:42:22 PM] TXN-1787895742172-165-626959
   Outlet 165 | Staff: Tan Wei Ming | 5 items | S$74.93
   🚨 OUT OF STOCK: BEV_LATTE, BEV_MILO, BEV_ORANGE_JUICE, MNL_BEEG_HOON, BEV_LATTE
🛒 [12:42:29 PM] TXN-1787895749256-200-321499
   Outlet 200 | Staff: Syaza Aina | 5 items | S$63.13
   🚨 OUT OF STOCK: BEV_ORANGE_JUICE, BEV_KOPI_O, BEV_MILO, BEV_KOPI_O, BEV_KOPI_O
🛒 [12:42:36 PM] TXN-1787895756439-201-339456
   Outlet 201 | Staff: None | 3 items | S$54.28
   🚨 OUT OF STOCK: MNL_KWAY_TEOW, BEV_LATTE, LMT_ROTI_CANAI
🛒 [12:42:43 PM] TXN-1787895763137-200-922076
   Outlet 200 | Staff: Kumar Sanjay | 5 items | S$112.69
   🚨 OUT OF STOCK: LMT_SATE, BEV_LATTE, MNL_CHICKEN_RICE, MNL_LAKSA, BEV_KOPI_O
🛒 [12:42:50 PM] TXN-1787895770157-164-665536
   Outlet 164 | Staff: Chua Kai Xin | 3 items | S$35.99
   🚨 OUT OF STOCK: MNL_CHICKEN_RICE, BEV_KOPI_O, LMT_MIE_GORENG
💰 [12:42:56 PM] TXN-1787895776654-167-560372
   Outlet 167 | Staff: Tan Wei Ming | 1 items | S$7.67
   🚨 OUT OF STOCK: BEV_KOPI_O
🛒 [12:43:02 PM] TXN-1787895782998-170-385671
   Outlet 170 | Staff: Ng Jun Hao | 4 items | S$42.48
   🚨 OUT OF STOCK: MNL_KWAY_TEOW, BEV_MILO, BEV_LATTE, BEV_ORANGE_JUICE
🛒 [12:43:09 PM] TXN-1787895789982-169-928912
   Outlet 169 | Staff: Tan Wei Ming | 5 items | S$89.09
   ⚠️ LOW STOCK: LMT_PRAWN_CRACKERS
   🚨 OUT OF STOCK: BEV_ORANGE_JUICE, BEV_ORANGE_JUICE, MNL_BEEG_HOON, BEV_LATTE

📊 STATS:
   Total Sales: 2110
   Total Revenue: S$85685.11
   Avg Ticket: S$40.61
   Low Stock Alerts: 76
   Out of Stock: 2099
──────────────────────────────────────────────────
🛒 [12:43:17 PM] TXN-1787895797009-169-424890
   Outlet 169 | Staff: Sanjay S/O Ramesh | 3 items | S$34.81
   🚨 OUT OF STOCK: BEV_MILO, BEV_ICED_TEA, BEV_LATTE
🛒 [12:43:23 PM] TXN-1787895803566-165-204198
   Outlet 165 | Staff: Lee Jia En | 5 items | S$64.31
   🚨 OUT OF STOCK: BEV_MILO, BEV_MILO, BEV_KOPI_O, BEV_KOPI_O, BEV_MILO
💰 [12:43:30 PM] TXN-1787895810718-167-435189
   Outlet 167 | Staff: Chong Wei Sheng | 2 items | S$25.37
   🚨 OUT OF STOCK: MNL_KWAY_TEOW, BEV_LATTE
🛒 [12:43:37 PM] TXN-1787895817069-165-575626
   Outlet 165 | Staff: Tan Wei Ming | 4 items | S$51.33
   🚨 OUT OF STOCK: MNL_KWAY_TEOW, BEV_KOPI_O, BEV_KOPI_O, BEV_ICED_TEA
🛒 [12:43:43 PM] TXN-1787895823918-168-924355
   Outlet 168 | Staff: Sanjay S/O Ramesh | 5 items | S$58.41
   🚨 OUT OF STOCK: BEV_KOPI_O, BEV_LATTE, BEV_MILO, BEV_KOPI_O, BEV_ORANGE_JUICE
💰 [12:43:51 PM] TXN-1787895831097-165-305802
   Outlet 165 | Staff: Tan Wei Ming | 1 items | S$18.29
   🚨 OUT OF STOCK: MNL_LAKSA
💰 [12:43:57 PM] TXN-1787895837212-164-842085
   Outlet 164 | Staff: Nurul Huda Bte Ali | 1 items | S$4.72
   ⚠️ LOW STOCK: LMT_PRAWN_CRACKERS
🛒 [12:44:03 PM] TXN-1787895843319-168-108011
   Outlet 168 | Staff: Nurul Huda Bte Ali | 4 items | S$49.56
   🚨 OUT OF STOCK: MNL_CHICKEN_RICE, BEV_ORANGE_JUICE, BEV_ORANGE_JUICE, BEV_KOPI_O
💰 [12:44:10 PM] TXN-1787895850215-164-153575
   Outlet 164 | Staff: Ong Wei Jian | 1 items | S$14.16
   🚨 OUT OF STOCK: LMT_NASI_GORENG
💰 [12:44:16 PM] TXN-1787895856218-202-680035
   Outlet 202 | Staff: None | 1 items | S$18.29
   🚨 OUT OF STOCK: MNL_LAKSA

📊 STATS:
   Total Sales: 2120
   Total Revenue: S$86024.36
   Avg Ticket: S$40.58
   Low Stock Alerts: 77
   Out of Stock: 2108
──────────────────────────────────────────────────
💰 [12:44:22 PM] TXN-1787895862243-165-595301
   Outlet 165 | Staff: Tan Wei Ming | 2 items | S$17.70
   🚨 OUT OF STOCK: LMT_ROTI_CANAI, BEV_MILO
🛒 [12:44:28 PM] TXN-1787895868501-165-133730
   Outlet 165 | Staff: Tan Wei Ming | 3 items | S$38.94
   🚨 OUT OF STOCK: BEV_MILO, BEV_KOPI_O, BEV_KOPI_O
💰 [12:44:35 PM] TXN-1787895875112-168-405093
   Outlet 168 | Staff: Lee Jia En | 1 items | S$15.34
   🚨 OUT OF STOCK: MNL_KWAY_TEOW
🛒 [12:44:41 PM] TXN-1787895881140-170-543962
   Outlet 170 | Staff: Tan Wei Ming | 4 items | S$53.10
   🚨 OUT OF STOCK: LMT_NASI_GORENG, BEV_LATTE, BEV_LATTE, BEV_ORANGE_JUICE
🛒 [12:44:47 PM] TXN-1787895887876-165-170013
   Outlet 165 | Staff: Lee Jia En | 5 items | S$56.64
   🚨 OUT OF STOCK: MNL_KWAY_TEOW, BEV_LATTE, BEV_ICED_TEA, LMT_ROTI_CANAI, BEV_ORANGE_JUICE
🛒 [12:44:55 PM] TXN-1787895895009-170-200127
   Outlet 170 | Staff: Rajesh Kumar | 5 items | S$57.23
   🚨 OUT OF STOCK: BEV_ORANGE_JUICE, BEV_ICED_TEA, MNL_CHICKEN_RICE, BEV_ORANGE_JUICE, BEV_LATTE
🛒 [12:45:02 PM] TXN-1787895902051-202-393261
   Outlet 202 | Staff: None | 4 items | S$47.20
   🚨 OUT OF STOCK: BEV_KOPI_O, BEV_ORANGE_JUICE, MNL_RICE_BOWL, BEV_ORANGE_JUICE
🛒 [12:45:08 PM] TXN-1787895908976-168-524636
   Outlet 168 | Staff: Ng Jun Hao | 3 items | S$52.51
   🚨 OUT OF STOCK: BEV_ICED_TEA, LMT_NASI_GORENG, BEV_ORANGE_JUICE
🛒 [12:45:15 PM] TXN-1787895915551-164-239157
   Outlet 164 | Staff: Ng Jun Hao | 5 items | S$65.49
   🚨 OUT OF STOCK: LMT_MIE_GORENG, BEV_KOPI_O, BEV_MILO, BEV_ICED_TEA, BEV_ORANGE_JUICE
🛒 [12:45:22 PM] TXN-1787895922660-201-685884
   Outlet 201 | Staff: None | 3 items | S$29.50
   🚨 OUT OF STOCK: BEV_ORANGE_JUICE, LMT_NASI_GORENG, BEV_ICED_TEA

📊 STATS:
   Total Sales: 2130
   Total Revenue: S$86458.01
   Avg Ticket: S$40.59
   Low Stock Alerts: 77
   Out of Stock: 2118
──────────────────────────────────────────────────
🛒 [12:45:29 PM] TXN-1787895929171-170-717085
   Outlet 170 | Staff: Tan Wei Ming | 4 items | S$37.17
   🚨 OUT OF STOCK: BEV_ICED_TEA, LMT_NASI_GORENG, BEV_ICED_TEA, BEV_LATTE
🛒 [12:45:36 PM] TXN-1787895936003-170-990282
   Outlet 170 | Staff: Lee Jia En | 5 items | S$51.33
   ⚠️ LOW STOCK: LMT_PRAWN_CRACKERS
   🚨 OUT OF STOCK: BEV_LATTE, MNL_BEEG_HOON, LMT_ROTI_CANAI, BEV_MILO
🛒 [12:45:43 PM] TXN-1787895943142-202-231254
   Outlet 202 | Staff: None | 5 items | S$93.81
   🚨 OUT OF STOCK: LMT_MIE_GORENG, BEV_ORANGE_JUICE, MNL_BEEG_HOON, BEV_ORANGE_JUICE, BEV_ORANGE_JUICE
🛒 [12:45:50 PM] TXN-1787895950156-168-708988
   Outlet 168 | Staff: Chua Kai Xin | 4 items | S$46.61
   🚨 OUT OF STOCK: LMT_ROTI_CANAI, BEV_LATTE, LMT_ROTI_CANAI, BEV_KOPI_O
🛒 [12:45:56 PM] TXN-1787895956983-168-507010
   Outlet 168 | Staff: Tan Wei Ming | 5 items | S$69.03
   🚨 OUT OF STOCK: BEV_KOPI_O, BEV_KOPI_O, BEV_ORANGE_JUICE, BEV_KOPI_O, BEV_ICED_TEA
🛒 [12:46:04 PM] TXN-1787895964053-169-554561
   Outlet 169 | Staff: Ng Jun Hao | 5 items | S$62.54
   🚨 OUT OF STOCK: LMT_MIE_GORENG, BEV_LATTE, BEV_KOPI_O, BEV_KOPI_O, BEV_ORANGE_JUICE
💰 [12:46:11 PM] TXN-1787895971155-167-342788
   Outlet 167 | Staff: Tan Wei Ming | 2 items | S$15.34
   🚨 OUT OF STOCK: BEV_ORANGE_JUICE, BEV_ICED_TEA
🛒 [12:46:17 PM] TXN-1787895977418-164-808418
   Outlet 164 | Staff: Ahmad Faiz Bin Hassan | 4 items | S$53.10
   ⚠️ LOW STOCK: LMT_PRAWN_CRACKERS
   🚨 OUT OF STOCK: MNL_RICE_BOWL, BEV_ORANGE_JUICE, BEV_ORANGE_JUICE
🛒 [12:46:24 PM] TXN-1787895984193-164-354755
   Outlet 164 | Staff: Nurul Huda Bte Ali | 4 items | S$69.03
   🚨 OUT OF STOCK: MNL_KWAY_TEOW, BEV_ORANGE_JUICE, LMT_NASI_GORENG, BEV_MILO
🛒 [12:46:31 PM] TXN-1787895991064-170-725136
   Outlet 170 | Staff: Lee Jia En | 4 items | S$43.66
   🚨 OUT OF STOCK: LMT_ROTI_CANAI, BEV_KOPI_O, BEV_ORANGE_JUICE, BEV_ORANGE_JUICE

📊 STATS:
   Total Sales: 2140
   Total Revenue: S$86999.63
   Avg Ticket: S$40.65
   Low Stock Alerts: 79
   Out of Stock: 2128
──────────────────────────────────────────────────
💰 [12:46:37 PM] TXN-1787895997882-200-932875
   Outlet 200 | Staff: Kumar Sanjay | 2 items | S$24.19
   🚨 OUT OF STOCK: MNL_KWAY_TEOW, BEV_ORANGE_JUICE
💰 [12:46:44 PM] TXN-1787896004090-168-502066
   Outlet 168 | Staff: Li Ying Zhi | 1 items | S$6.49
   🚨 OUT OF STOCK: BEV_ICED_TEA
💰 [12:46:50 PM] TXN-1787896010145-202-158491
   Outlet 202 | Staff: None | 1 items | S$17.70
   🚨 OUT OF STOCK: LMT_SATE
🛒 [12:46:56 PM] TXN-1787896016122-201-426363
   Outlet 201 | Staff: None | 5 items | S$67.26
   🚨 OUT OF STOCK: MNL_RICE_BOWL, BEV_MILO, MNL_RICE_BOWL, BEV_ORANGE_JUICE, BEV_KOPI_O
💰 [12:47:03 PM] TXN-1787896023313-164-186600
   Outlet 164 | Staff: Tan Wei Ming | 2 items | S$20.65
   🚨 OUT OF STOCK: MNL_RICE_BOWL, BEV_KOPI_O
💰 [12:47:09 PM] TXN-1787896029632-168-629982
   Outlet 168 | Staff: Priya D/O Mani | 2 items | S$37.76
   🚨 OUT OF STOCK: LMT_NASI_GORENG, LMT_MIE_GORENG
🛒 [12:47:15 PM] TXN-1787896035998-202-470750
   Outlet 202 | Staff: None | 3 items | S$38.94
   🚨 OUT OF STOCK: BEV_LATTE, BEV_ORANGE_JUICE, BEV_LATTE
💰 [12:47:22 PM] TXN-1787896042523-201-289700
   Outlet 201 | Staff: None | 2 items | S$25.96
   🚨 OUT OF STOCK: LMT_SATE, BEV_MILO
🛒 [12:47:28 PM] TXN-1787896048760-169-817128
   Outlet 169 | Staff: Ng Jun Hao | 3 items | S$51.33
   🚨 OUT OF STOCK: MNL_LAKSA, BEV_ORANGE_JUICE, BEV_KOPI_O
🛒 [12:47:35 PM] TXN-1787896055301-202-653802
   Outlet 202 | Staff: None | 3 items | S$34.22
   🚨 OUT OF STOCK: BEV_MILO, BEV_ICED_TEA, BEV_ICED_TEA

📊 STATS:
   Total Sales: 2150
   Total Revenue: S$87324.13
   Avg Ticket: S$40.62
   Low Stock Alerts: 79
   Out of Stock: 2138
──────────────────────────────────────────────────
🛒 [12:47:41 PM] TXN-1787896061909-167-258712
   Outlet 167 | Staff: Ahmad Faiz Bin Hassan | 4 items | S$48.38
   🚨 OUT OF STOCK: BEV_LATTE, BEV_ICED_TEA, BEV_KOPI_O, BEV_LATTE
🛒 [12:47:48 PM] TXN-1787896068659-165-857103
   Outlet 165 | Staff: Muhd Danish Bin Razak | 4 items | S$71.39
   🚨 OUT OF STOCK: MNL_CHICKEN_RICE, BEV_MILO, MNL_LAKSA, BEV_LATTE
💰 [12:47:55 PM] TXN-1787896075492-168-345636
   Outlet 168 | Staff: Ng Jun Hao | 1 items | S$18.88
   🚨 OUT OF STOCK: MNL_BEEG_HOON
🛒 [12:48:01 PM] TXN-1787896081480-164-785555
   Outlet 164 | Staff: Chua Kai Xin | 5 items | S$70.21
   🚨 OUT OF STOCK: BEV_LATTE, BEV_KOPI_O, MNL_CHICKEN_RICE, BEV_ICED_TEA, BEV_KOPI_O
💰 [12:48:08 PM] TXN-1787896088490-165-128818
   Outlet 165 | Staff: Lee Jia En | 2 items | S$16.52
   🚨 OUT OF STOCK: BEV_MILO, BEV_MILO
🛒 [12:48:14 PM] TXN-1787896094773-170-161140
   Outlet 170 | Staff: Tan Wei Ming | 5 items | S$67.85
   🚨 OUT OF STOCK: MNL_LAKSA, BEV_KOPI_O, BEV_ORANGE_JUICE, BEV_MILO, BEV_KOPI_O
🛒 [12:48:22 PM] TXN-1787896102050-201-340609
   Outlet 201 | Staff: None | 5 items | S$70.21
   🚨 OUT OF STOCK: BEV_MILO, BEV_LATTE, BEV_ORANGE_JUICE, BEV_MILO, MNL_RICE_BOWL
💰 [12:48:29 PM] TXN-1787896109159-164-411460
   Outlet 164 | Staff: Ahmad Faiz Bin Hassan | 1 items | S$8.85
   🚨 OUT OF STOCK: BEV_ORANGE_JUICE
🛒 [12:48:35 PM] TXN-1787896115081-200-545793
   Outlet 200 | Staff: Priya D/O Mani | 5 items | S$67.85
   🚨 OUT OF STOCK: BEV_LATTE, BEV_ICED_TEA, MNL_RICE_BOWL, MNL_CHICKEN_RICE, BEV_KOPI_O
🛒 [12:48:42 PM] TXN-1787896122155-167-610413
   Outlet 167 | Staff: Sanjay S/O Ramesh | 3 items | S$39.53
   🚨 OUT OF STOCK: LMT_MIE_GORENG, MNL_BEEG_HOON, BEV_ORANGE_JUICE

📊 STATS:
   Total Sales: 2160
   Total Revenue: S$87803.80
   Avg Ticket: S$40.65
   Low Stock Alerts: 79
   Out of Stock: 2148
──────────────────────────────────────────────────
💰 [12:48:48 PM] TXN-1787896128680-169-648365
   Outlet 169 | Staff: Muhd Danish Bin Razak | 2 items | S$37.76
   🚨 OUT OF STOCK: LMT_SATE, BEV_LATTE
💰 [12:48:55 PM] TXN-1787896135027-170-635786
   Outlet 170 | Staff: Muhd Danish Bin Razak | 1 items | S$14.16
   🚨 OUT OF STOCK: LMT_NASI_GORENG
🛒 [12:49:01 PM] TXN-1787896141100-167-467882
   Outlet 167 | Staff: Ng Jun Hao | 4 items | S$72.57
   🚨 OUT OF STOCK: BEV_ORANGE_JUICE, MNL_BEEG_HOON, BEV_ORANGE_JUICE, BEV_MILO
💰 [12:49:07 PM] TXN-1787896147950-200-269016
   Outlet 200 | Staff: Syaza Aina | 2 items | S$18.29
   🚨 OUT OF STOCK: LMT_MIE_GORENG, BEV_ICED_TEA
🛒 [12:49:14 PM] TXN-1787896154338-201-549328
   Outlet 201 | Staff: None | 5 items | S$85.55
   🚨 OUT OF STOCK: BEV_ICED_TEA, LMT_NASI_GORENG, BEV_ICED_TEA, BEV_ORANGE_JUICE, BEV_LATTE
💰 [12:49:21 PM] TXN-1787896161381-167-701362
   Outlet 167 | Staff: Chong Wei Sheng | 1 items | S$16.52
   🚨 OUT OF STOCK: MNL_CHICKEN_RICE
🛒 [12:49:27 PM] TXN-1787896167588-165-313188
   Outlet 165 | Staff: Tan Wei Ming | 3 items | S$39.53
   🚨 OUT OF STOCK: MNL_RICE_BOWL, BEV_LATTE, BEV_MILO
💰 [12:49:34 PM] TXN-1787896174165-164-856080
   Outlet 164 | Staff: Ahmad Faiz Bin Hassan | 1 items | S$17.70
   🚨 OUT OF STOCK: LMT_SATE
💰 [12:49:40 PM] TXN-1787896180222-171-772556
   Outlet 171 | Staff: Chua Kai Xin | 2 items | S$24.78
   🚨 OUT OF STOCK: MNL_CHICKEN_RICE, BEV_MILO
🛒 [12:49:46 PM] TXN-1787896186486-164-928329
   Outlet 164 | Staff: Chua Kai Xin | 5 items | S$66.67
   🚨 OUT OF STOCK: LMT_MIE_GORENG, BEV_ICED_TEA, BEV_LATTE, MNL_KWAY_TEOW, BEV_KOPI_O

📊 STATS:
   Total Sales: 2170
   Total Revenue: S$88197.33
   Avg Ticket: S$40.64
   Low Stock Alerts: 79
   Out of Stock: 2158
──────────────────────────────────────────────────
💰 [12:49:53 PM] TXN-1787896193630-169-417104
   Outlet 169 | Staff: Ng Jun Hao | 2 items | S$37.76
   🚨 OUT OF STOCK: LMT_ROTI_CANAI, LMT_NASI_GORENG
🛒 [12:49:59 PM] TXN-1787896199953-168-769984
   Outlet 168 | Staff: Tan Wei Ming | 4 items | S$61.95
   🚨 OUT OF STOCK: MNL_KWAY_TEOW, BEV_ORANGE_JUICE, LMT_ROTI_CANAI, BEV_LATTE
🛒 [12:50:06 PM] TXN-1787896206980-170-454266
   Outlet 170 | Staff: Lim Pei Ling | 4 items | S$55.46
   ❌ Webhook failed: 502
🛒 [12:50:12 PM] TXN-1787896212138-164-698879
   Outlet 164 | Staff: Batch Staff 1 | 4 items | S$48.38
   🚨 OUT OF STOCK: BEV_KOPI_O, BEV_KOPI_O, BEV_MILO, BEV_ORANGE_JUICE
💰 [12:50:18 PM] TXN-1787896218998-169-193507
   Outlet 169 | Staff: Muhd Danish Bin Razak | 2 items | S$33.04
   🚨 OUT OF STOCK: MNL_KWAY_TEOW, BEV_ORANGE_JUICE
🛒 [12:50:25 PM] TXN-1787896225251-164-335336
   Outlet 164 | Staff: Rajesh Kumar | 4 items | S$60.77
   🚨 OUT OF STOCK: MNL_LAKSA, BEV_MILO, BEV_MILO, LMT_SATE
🛒 [12:50:32 PM] TXN-1787896232121-171-687565
   Outlet 171 | Staff: Chua Kai Xin | 3 items | S$53.10
   🚨 OUT OF STOCK: BEV_LATTE, BEV_LATTE, MNL_CHICKEN_RICE
🛒 [12:50:38 PM] TXN-1787896238624-202-299656
   Outlet 202 | Staff: None | 5 items | S$63.13
   🚨 OUT OF STOCK: LMT_PRAWN_CRACKERS, BEV_ORANGE_JUICE, BEV_LATTE, BEV_ICED_TEA, BEV_MILO
🛒 [12:50:45 PM] TXN-1787896245810-168-547143
   Outlet 168 | Staff: Chua Kai Xin | 4 items | S$44.84
   🚨 OUT OF STOCK: BEV_ICED_TEA, LMT_NASI_GORENG, BEV_MILO, BEV_KOPI_O
🛒 [12:50:53 PM] TXN-1787896253040-200-270634
   Outlet 200 | Staff: Priya D/O Mani | 5 items | S$67.85
   🚨 OUT OF STOCK: MNL_RICE_BOWL, LMT_PRAWN_CRACKERS, LMT_MIE_GORENG, BEV_ORANGE_JUICE, BEV_ORANGE_JUICE

📊 STATS:
   Total Sales: 2180
   Total Revenue: S$88723.61
   Avg Ticket: S$40.70
   Low Stock Alerts: 79
   Out of Stock: 2167
──────────────────────────────────────────────────
💰 [12:51:00 PM] TXN-1787896260033-200-216657
   Outlet 200 | Staff: Priya D/O Mani | 1 items | S$14.16
   🚨 OUT OF STOCK: LMT_NASI_GORENG
🛒 [12:51:06 PM] TXN-1787896266149-168-779454
   Outlet 168 | Staff: Li Ying Zhi | 3 items | S$35.40
   🚨 OUT OF STOCK: MNL_BEEG_HOON, BEV_KOPI_O, BEV_ORANGE_JUICE
🛒 [12:51:13 PM] TXN-1787896273888-164-370626
   Outlet 164 | Staff: Rajesh Kumar | 4 items | S$50.74
   🚨 OUT OF STOCK: MNL_CHICKEN_RICE, BEV_KOPI_O, BEV_ICED_TEA, BEV_LATTE
💰 [12:51:20 PM] TXN-1787896280658-200-417349
   Outlet 200 | Staff: Syaza Aina | 2 items | S$24.78
   🚨 OUT OF STOCK: LMT_MIE_GORENG, BEV_ICED_TEA
🛒 [12:51:26 PM] TXN-1787896286986-165-226416
   Outlet 165 | Staff: Lee Jia En | 4 items | S$37.76
   🚨 OUT OF STOCK: BEV_KOPI_O, BEV_ORANGE_JUICE, BEV_MILO, BEV_ICED_TEA
🛒 [12:51:33 PM] TXN-1787896293795-168-714145
   Outlet 168 | Staff: Nurul Huda Bte Ali | 3 items | S$54.28
   🚨 OUT OF STOCK: MNL_KWAY_TEOW, BEV_MILO, MNL_KWAY_TEOW
🛒 [12:51:40 PM] TXN-1787896300311-165-697196
   Outlet 165 | Staff: Ahmad Faiz Bin Hassan | 4 items | S$61.36
   🚨 OUT OF STOCK: LMT_NASI_GORENG, BEV_KOPI_O, BEV_KOPI_O, BEV_MILO
🛒 [12:51:47 PM] TXN-1787896307149-165-146742
   Outlet 165 | Staff: Tan Wei Ming | 5 items | S$96.76
   🚨 OUT OF STOCK: LMT_PRAWN_CRACKERS, MNL_LAKSA, MNL_BEEG_HOON, BEV_LATTE, BEV_KOPI_O
🛒 [12:51:54 PM] TXN-1787896314197-170-435419
   Outlet 170 | Staff: Rajesh Kumar | 3 items | S$33.04
   🚨 OUT OF STOCK: LMT_ROTI_CANAI, BEV_MILO, BEV_KOPI_O
🛒 [12:52:00 PM] TXN-1787896320662-171-152989
   Outlet 171 | Staff: Tan Mei Hua | 5 items | S$75.52
   🚨 OUT OF STOCK: BEV_ORANGE_JUICE, BEV_MILO, LMT_NASI_GORENG, BEV_ORANGE_JUICE, BEV_ICED_TEA

📊 STATS:
   Total Sales: 2190
   Total Revenue: S$89207.41
   Avg Ticket: S$40.73
   Low Stock Alerts: 79
   Out of Stock: 2177
──────────────────────────────────────────────────
💰 [12:52:07 PM] TXN-1787896327687-171-150272
   Outlet 171 | Staff: Tan Wei Ming | 2 items | S$36.58
   🚨 OUT OF STOCK: MNL_LAKSA, MNL_LAKSA
💰 [12:52:13 PM] TXN-1787896333924-169-594941
   Outlet 169 | Staff: Ng Jun Hao | 2 items | S$22.42
   ⚠️ LOW STOCK: LMT_PRAWN_CRACKERS
   🚨 OUT OF STOCK: BEV_ORANGE_JUICE
🛒 [12:52:20 PM] TXN-1787896340194-167-521606
   Outlet 167 | Staff: Tan Wei Ming | 5 items | S$87.32
   🚨 OUT OF STOCK: LMT_ROTI_CANAI, MNL_RICE_BOWL, BEV_MILO, LMT_SATE, BEV_MILO
🛒 [12:52:27 PM] TXN-1787896347305-202-560625
   Outlet 202 | Staff: None | 3 items | S$25.37
   🚨 OUT OF STOCK: LMT_PRAWN_CRACKERS, BEV_ICED_TEA, BEV_KOPI_O
💰 [12:52:33 PM] TXN-1787896353778-168-719911
   Outlet 168 | Staff: Chua Kai Xin | 1 items | S$18.88
   🚨 OUT OF STOCK: MNL_BEEG_HOON
💰 [12:52:39 PM] TXN-1787896359773-170-883718
   Outlet 170 | Staff: Lim Pei Ling | 1 items | S$7.67
   🚨 OUT OF STOCK: BEV_KOPI_O
🛒 [12:52:45 PM] TXN-1787896365742-202-580411
   Outlet 202 | Staff: None | 4 items | S$39.53
   🚨 OUT OF STOCK: BEV_KOPI_O, BEV_KOPI_O, BEV_KOPI_O, BEV_ORANGE_JUICE
💰 [12:52:52 PM] TXN-1787896372518-202-181061
   Outlet 202 | Staff: None | 2 items | S$44.25
   🚨 OUT OF STOCK: MNL_LAKSA, MNL_RICE_BOWL
💰 [12:52:58 PM] TXN-1787896378775-169-495949
   Outlet 169 | Staff: Ng Jun Hao | 2 items | S$41.89
   🚨 OUT OF STOCK: BEV_ORANGE_JUICE, MNL_CHICKEN_RICE
🛒 [12:53:04 PM] TXN-1787896384981-171-155265
   Outlet 171 | Staff: Tan Mei Hua | 5 items | S$71.98
   🚨 OUT OF STOCK: MNL_BEEG_HOON, BEV_KOPI_O, LMT_PRAWN_CRACKERS, MNL_CHICKEN_RICE, BEV_MILO

📊 STATS:
   Total Sales: 2200
   Total Revenue: S$89603.30
   Avg Ticket: S$40.73
   Low Stock Alerts: 80
   Out of Stock: 2187
──────────────────────────────────────────────────
🛒 [12:53:11 PM] TXN-1787896391955-165-715829
   Outlet 165 | Staff: Tan Wei Ming | 4 items | S$57.82
   🚨 OUT OF STOCK: BEV_ORANGE_JUICE, LMT_NASI_GORENG, BEV_KOPI_O, BEV_ICED_TEA
🛒 [12:53:18 PM] TXN-1787896398879-170-353440
   Outlet 170 | Staff: Lim Pei Ling | 4 items | S$59.59
   🚨 OUT OF STOCK: BEV_MILO, BEV_KOPI_O, BEV_MILO, LMT_SATE
🛒 [12:53:25 PM] TXN-1787896405578-164-695521
   Outlet 164 | Staff: Chua Kai Xin | 5 items | S$92.04
   🚨 OUT OF STOCK: LMT_SATE, LMT_MIE_GORENG, MNL_LAKSA, BEV_MILO, BEV_ORANGE_JUICE
🛒 [12:53:32 PM] TXN-1787896412795-169-610924
   Outlet 169 | Staff: Ng Jun Hao | 4 items | S$44.25
   🚨 OUT OF STOCK: LMT_MIE_GORENG, BEV_KOPI_O, BEV_MILO, BEV_MILO
💰 [12:53:39 PM] TXN-1787896419597-168-487240
   Outlet 168 | Staff: Lee Jia En | 1 items | S$11.80
   🚨 OUT OF STOCK: LMT_MIE_GORENG
💰 [12:53:45 PM] TXN-1787896425642-201-576903
   Outlet 201 | Staff: None | 1 items | S$18.88
   🚨 OUT OF STOCK: MNL_BEEG_HOON
💰 [12:53:51 PM] TXN-1787896431654-200-985171
   Outlet 200 | Staff: Kumar Sanjay | 2 items | S$30.09
   🚨 OUT OF STOCK: BEV_LATTE, BEV_LATTE
💰 [12:53:57 PM] TXN-1787896437988-164-292998
   Outlet 164 | Staff: Ahmad Faiz Bin Hassan | 1 items | S$9.44
   🚨 OUT OF STOCK: LMT_ROTI_CANAI
💰 [12:54:04 PM] TXN-1787896444010-169-146629
   Outlet 169 | Staff: Lee Jia En | 2 items | S$34.22
   🚨 OUT OF STOCK: MNL_BEEG_HOON, BEV_KOPI_O
💰 [12:54:10 PM] TXN-1787896450249-201-113987
   Outlet 201 | Staff: None | 1 items | S$11.80
   🚨 OUT OF STOCK: LMT_MIE_GORENG

📊 STATS:
   Total Sales: 2210
   Total Revenue: S$89973.23
   Avg Ticket: S$40.71
   Low Stock Alerts: 80
   Out of Stock: 2197
──────────────────────────────────────────────────
🛒 [12:54:16 PM] TXN-1787896456267-169-243503
   Outlet 169 | Staff: Tan Wei Ming | 4 items | S$34.22
   ⚠️ LOW STOCK: LMT_PRAWN_CRACKERS
   🚨 OUT OF STOCK: BEV_KOPI_O, BEV_LATTE, LMT_MIE_GORENG
🛒 [12:54:23 PM] TXN-1787896463041-168-122879
   Outlet 168 | Staff: Tan Wei Ming | 5 items | S$55.46
   🚨 OUT OF STOCK: BEV_ICED_TEA, BEV_MILO, BEV_KOPI_O, BEV_MILO, BEV_MILO
🛒 [12:54:30 PM] TXN-1787896470128-169-748930
   Outlet 169 | Staff: Ng Jun Hao | 4 items | S$38.94
   ⚠️ LOW STOCK: LMT_PRAWN_CRACKERS
   🚨 OUT OF STOCK: BEV_KOPI_O, BEV_ICED_TEA, BEV_LATTE
🛒 [12:54:37 PM] TXN-1787896477066-167-321385
   Outlet 167 | Staff: Rajesh Kumar | 4 items | S$29.50
   🚨 OUT OF STOCK: BEV_ICED_TEA, BEV_ORANGE_JUICE, BEV_KOPI_O, BEV_ICED_TEA
🛒 [12:54:43 PM] TXN-1787896483839-202-319860
   Outlet 202 | Staff: None | 4 items | S$46.02
   🚨 OUT OF STOCK: BEV_ICED_TEA, BEV_ORANGE_JUICE, BEV_ICED_TEA, BEV_KOPI_O
🛒 [12:54:50 PM] TXN-1787896490691-169-132552
   Outlet 169 | Staff: Ng Jun Hao | 3 items | S$54.28
   🚨 OUT OF STOCK: MNL_CHICKEN_RICE, LMT_SATE, BEV_LATTE
💰 [12:54:57 PM] TXN-1787896497216-202-381404
   Outlet 202 | Staff: None | 1 items | S$7.67
   🚨 OUT OF STOCK: BEV_KOPI_O
💰 [12:55:03 PM] TXN-1787896503502-201-539411
   Outlet 201 | Staff: None | 2 items | S$14.16
   🚨 OUT OF STOCK: BEV_KOPI_O, BEV_ICED_TEA
💰 [12:55:09 PM] TXN-1787896509823-165-921563
   Outlet 165 | Staff: Muhd Danish Bin Razak | 2 items | S$20.65
   🚨 OUT OF STOCK: LMT_MIE_GORENG, BEV_ORANGE_JUICE
🛒 [12:55:16 PM] TXN-1787896516146-201-131858
   Outlet 201 | Staff: None | 3 items | S$50.74
   🚨 OUT OF STOCK: MNL_BEEG_HOON, BEV_ICED_TEA, MNL_BEEG_HOON

📊 STATS:
   Total Sales: 2220
   Total Revenue: S$90324.87
   Avg Ticket: S$40.69
   Low Stock Alerts: 82
   Out of Stock: 2207
──────────────────────────────────────────────────
🛒 [12:55:22 PM] TXN-1787896522732-167-601890
   Outlet 167 | Staff: Sanjay S/O Ramesh | 5 items | S$40.71
   🚨 OUT OF STOCK: BEV_KOPI_O, BEV_ICED_TEA, BEV_KOPI_O, BEV_LATTE, BEV_ORANGE_JUICE
💰 [12:55:29 PM] TXN-1787896529920-167-103252
   Outlet 167 | Staff: Lee Jia En | 2 items | S$19.47
   🚨 OUT OF STOCK: LMT_ROTI_CANAI, BEV_LATTE
💰 [12:55:36 PM] TXN-1787896536199-200-415258
   Outlet 200 | Staff: Syaza Aina | 1 items | S$14.16
   🚨 OUT OF STOCK: LMT_NASI_GORENG
🛒 [12:55:42 PM] TXN-1787896542223-200-663682
   Outlet 200 | Staff: Syaza Aina | 3 items | S$42.48
   🚨 OUT OF STOCK: BEV_ORANGE_JUICE, BEV_KOPI_O, MNL_LAKSA
🛒 [12:55:48 PM] TXN-1787896548732-169-145669
   Outlet 169 | Staff: Ng Jun Hao | 3 items | S$43.07
   🚨 OUT OF STOCK: MNL_KWAY_TEOW, BEV_LATTE, BEV_ORANGE_JUICE
💰 [12:55:55 PM] TXN-1787896555255-171-435654
   Outlet 171 | Staff: Nur Aisyah | 1 items | S$4.72
   🚨 OUT OF STOCK: LMT_PRAWN_CRACKERS
🛒 [12:56:01 PM] TXN-1787896561321-202-947223
   Outlet 202 | Staff: None | 5 items | S$79.06
   🚨 OUT OF STOCK: MNL_CHICKEN_RICE, LMT_SATE, BEV_LATTE, BEV_ICED_TEA, LMT_MIE_GORENG
🛒 [12:56:08 PM] TXN-1787896568461-170-779094
   Outlet 170 | Staff: Tan Wei Ming | 4 items | S$48.38
   🚨 OUT OF STOCK: BEV_LATTE, BEV_ICED_TEA, BEV_ICED_TEA, MNL_BEEG_HOON
💰 [12:56:15 PM] TXN-1787896575290-167-490913
   Outlet 167 | Staff: Ng Jun Hao | 2 items | S$29.50
   🚨 OUT OF STOCK: MNL_CHICKEN_RICE, BEV_ICED_TEA
💰 [12:56:21 PM] TXN-1787896581521-164-532476
   Outlet 164 | Staff: Ong Wei Jian | 1 items | S$15.34
   🚨 OUT OF STOCK: MNL_KWAY_TEOW

📊 STATS:
   Total Sales: 2230
   Total Revenue: S$90661.76
   Avg Ticket: S$40.66
   Low Stock Alerts: 82
   Out of Stock: 2217
──────────────────────────────────────────────────
🛒 [12:56:27 PM] TXN-1787896587574-200-284007
   Outlet 200 | Staff: Kumar Sanjay | 3 items | S$45.43
   🚨 OUT OF STOCK: MNL_BEEG_HOON, BEV_KOPI_O, MNL_BEEG_HOON
🛒 [12:56:34 PM] TXN-1787896594185-164-434249
   Outlet 164 | Staff: Chua Kai Xin | 5 items | S$79.65
   🚨 OUT OF STOCK: LMT_SATE, BEV_LATTE, BEV_ICED_TEA, BEV_KOPI_O, BEV_LATTE
🛒 [12:56:41 PM] TXN-1787896601202-170-155142
   Outlet 170 | Staff: Rajesh Kumar | 4 items | S$66.67
   🚨 OUT OF STOCK: MNL_LAKSA, BEV_KOPI_O, BEV_KOPI_O, BEV_ORANGE_JUICE
🛒 [12:56:47 PM] TXN-1787896607991-169-876748
   Outlet 169 | Staff: Muhd Danish Bin Razak | 5 items | S$83.19
   🚨 OUT OF STOCK: BEV_ICED_TEA, BEV_MILO, MNL_BEEG_HOON, BEV_ICED_TEA, LMT_NASI_GORENG
🛒 [12:56:55 PM] TXN-1787896615706-165-124614
   Outlet 165 | Staff: Muhd Danish Bin Razak | 5 items | S$80.24
   🚨 OUT OF STOCK: MNL_LAKSA, BEV_ICED_TEA, MNL_KWAY_TEOW, MNL_RICE_BOWL, BEV_KOPI_O
🛒 [12:57:02 PM] TXN-1787896622779-164-818895
   Outlet 164 | Staff: Rajesh Kumar | 5 items | S$82.01
   🚨 OUT OF STOCK: MNL_BEEG_HOON, BEV_ORANGE_JUICE, BEV_ORANGE_JUICE, BEV_LATTE, BEV_MILO
💰 [12:57:09 PM] TXN-1787896629875-170-399920
   Outlet 170 | Staff: Ng Jun Hao | 2 items | S$19.47
   🚨 OUT OF STOCK: BEV_ICED_TEA, BEV_ICED_TEA
💰 [12:57:16 PM] TXN-1787896636264-164-191618
   Outlet 164 | Staff: Priya D/O Mani | 2 items | S$15.34
   🚨 OUT OF STOCK: BEV_KOPI_O, BEV_KOPI_O
💰 [12:57:22 PM] TXN-1787896642574-164-422630
   Outlet 164 | Staff: Ong Wei Jian | 1 items | S$7.67
   🚨 OUT OF STOCK: BEV_KOPI_O
🛒 [12:57:28 PM] TXN-1787896648566-200-617010
   Outlet 200 | Staff: Syaza Aina | 4 items | S$47.20
   🚨 OUT OF STOCK: BEV_ORANGE_JUICE, BEV_MILO, BEV_ICED_TEA, BEV_KOPI_O

📊 STATS:
   Total Sales: 2240
   Total Revenue: S$91188.63
   Avg Ticket: S$40.71
   Low Stock Alerts: 82
   Out of Stock: 2227
──────────────────────────────────────────────────
🛒 [12:57:35 PM] TXN-1787896655379-168-716452
   Outlet 168 | Staff: Li Ying Zhi | 3 items | S$39.53
   🚨 OUT OF STOCK: MNL_KWAY_TEOW, BEV_MILO, BEV_KOPI_O
🛒 [12:57:41 PM] TXN-1787896661938-167-619544
   Outlet 167 | Staff: Tan Wei Ming | 4 items | S$45.43
   🚨 OUT OF STOCK: MNL_CHICKEN_RICE, BEV_MILO, BEV_ICED_TEA, BEV_KOPI_O
💰 [12:57:48 PM] TXN-1787896668778-164-600511
   Outlet 164 | Staff: Rajesh Kumar | 2 items | S$26.55
   🚨 OUT OF STOCK: MNL_BEEG_HOON, BEV_KOPI_O
🛒 [12:57:55 PM] TXN-1787896675104-200-900605
   Outlet 200 | Staff: Priya D/O Mani | 5 items | S$56.05
   🚨 OUT OF STOCK: LMT_NASI_GORENG, BEV_ICED_TEA, BEV_ICED_TEA, BEV_LATTE, BEV_ORANGE_JUICE
🛒 [12:58:02 PM] TXN-1787896682248-167-151279
   Outlet 167 | Staff: Tan Wei Ming | 3 items | S$46.02
   🚨 OUT OF STOCK: MNL_CHICKEN_RICE, BEV_LATTE, LMT_PRAWN_CRACKERS
🛒 [12:58:08 PM] TXN-1787896688891-202-199786
   Outlet 202 | Staff: None | 3 items | S$31.86
   🚨 OUT OF STOCK: BEV_MILO, BEV_MILO, BEV_KOPI_O
🛒 [12:58:15 PM] TXN-1787896695511-200-710927
   Outlet 200 | Staff: Kumar Sanjay | 4 items | S$63.72
   🚨 OUT OF STOCK: MNL_LAKSA, LMT_NASI_GORENG, LMT_ROTI_CANAI, BEV_KOPI_O
💰 [12:58:22 PM] TXN-1787896702471-171-130636
   Outlet 171 | Staff: Chua Kai Xin | 1 items | S$16.52
   🚨 OUT OF STOCK: MNL_CHICKEN_RICE
🛒 [12:58:28 PM] TXN-1787896708839-167-670233
   Outlet 167 | Staff: Ahmad Faiz Bin Hassan | 5 items | S$69.03
   🚨 OUT OF STOCK: BEV_LATTE, BEV_ICED_TEA, BEV_ORANGE_JUICE, BEV_KOPI_O, BEV_ICED_TEA
🛒 [12:58:35 PM] TXN-1787896715799-202-245808
   Outlet 202 | Staff: None | 5 items | S$51.92
   🚨 OUT OF STOCK: BEV_MILO, BEV_ORANGE_JUICE, BEV_KOPI_O, BEV_MILO, BEV_LATTE

📊 STATS:
   Total Sales: 2250
   Total Revenue: S$91635.26
   Avg Ticket: S$40.73
   Low Stock Alerts: 82
   Out of Stock: 2237
──────────────────────────────────────────────────
💰 [12:58:42 PM] TXN-1787896722969-164-453129
   Outlet 164 | Staff: Ong Wei Jian | 1 items | S$17.70
   🚨 OUT OF STOCK: LMT_SATE
💰 [12:58:49 PM] TXN-1787896729003-200-936430
   Outlet 200 | Staff: Syaza Aina | 2 items | S$35.99
   🚨 OUT OF STOCK: MNL_LAKSA, BEV_ORANGE_JUICE
💰 [12:58:55 PM] TXN-1787896735433-169-638455
   Outlet 169 | Staff: Ng Jun Hao | 2 items | S$48.38
   🚨 OUT OF STOCK: MNL_RICE_BOWL, LMT_SATE
💰 [12:59:01 PM] TXN-1787896741772-201-947918
   Outlet 201 | Staff: None | 2 items | S$23.01
   🚨 OUT OF STOCK: BEV_ICED_TEA, BEV_MILO
🛒 [12:59:08 PM] TXN-1787896748066-170-178729
   Outlet 170 | Staff: Ng Jun Hao | 5 items | S$56.64
   🚨 OUT OF STOCK: MNL_KWAY_TEOW, BEV_MILO, MNL_CHICKEN_RICE, BEV_KOPI_O, BEV_ORANGE_JUICE
🛒 [12:59:15 PM] TXN-1787896755110-167-287265
   Outlet 167 | Staff: Ahmad Faiz Bin Hassan | 3 items | S$27.73
   🚨 OUT OF STOCK: BEV_MILO, BEV_ICED_TEA, BEV_ICED_TEA
🛒 [12:59:21 PM] TXN-1787896761636-200-223742
   Outlet 200 | Staff: Priya D/O Mani | 3 items | S$46.02
   🚨 OUT OF STOCK: MNL_RICE_BOWL, BEV_ICED_TEA, BEV_LATTE
💰 [12:59:28 PM] TXN-1787896768216-168-123804
   Outlet 168 | Staff: Li Ying Zhi | 2 items | S$29.50
   🚨 OUT OF STOCK: LMT_NASI_GORENG, BEV_KOPI_O
🛒 [12:59:34 PM] TXN-1787896774616-168-652860
   Outlet 168 | Staff: Nurul Huda Bte Ali | 3 items | S$38.35
   🚨 OUT OF STOCK: LMT_MIE_GORENG, BEV_LATTE, BEV_ICED_TEA
💰 [12:59:41 PM] TXN-1787896781156-170-375620
   Outlet 170 | Staff: Muhd Danish Bin Razak | 1 items | S$9.44
   🚨 OUT OF STOCK: LMT_ROTI_CANAI

📊 STATS:
   Total Sales: 2260
   Total Revenue: S$91968.02
   Avg Ticket: S$40.69
   Low Stock Alerts: 82
   Out of Stock: 2247
──────────────────────────────────────────────────
💰 [12:59:47 PM] TXN-1787896787164-170-605967
   Outlet 170 | Staff: Rajesh Kumar | 2 items | S$24.78
   🚨 OUT OF STOCK: MNL_CHICKEN_RICE, BEV_MILO
🛒 [12:59:53 PM] TXN-1787896793422-165-404514
   Outlet 165 | Staff: Tan Wei Ming | 3 items | S$32.45
   🚨 OUT OF STOCK: LMT_PRAWN_CRACKERS, BEV_LATTE, BEV_ORANGE_JUICE
🛒 [1:00:00 PM] TXN-1787896800034-169-371445
   Outlet 169 | Staff: Tan Wei Ming | 5 items | S$47.20
   🚨 OUT OF STOCK: BEV_KOPI_O, BEV_ICED_TEA, BEV_LATTE, BEV_KOPI_O, BEV_ORANGE_JUICE
💰 [1:00:07 PM] TXN-1787896807526-200-296252
   Outlet 200 | Staff: Syaza Aina | 2 items | S$21.83
   🚨 OUT OF STOCK: MNL_RICE_BOWL, BEV_ORANGE_JUICE
💰 [1:00:13 PM] TXN-1787896813947-164-176903
   Outlet 164 | Staff: Chua Kai Xin | 2 items | S$23.01
   🚨 OUT OF STOCK: MNL_RICE_BOWL, BEV_LATTE
💰 [1:00:20 PM] TXN-1787896820395-200-984887
   Outlet 200 | Staff: Priya D/O Mani | 2 items | S$33.63
   🚨 OUT OF STOCK: MNL_LAKSA, BEV_KOPI_O
💰 [1:00:26 PM] TXN-1787896826764-171-447957
   Outlet 171 | Staff: Sanjay S/O Ramesh | 2 items | S$23.01
   🚨 OUT OF STOCK: BEV_LATTE, BEV_ICED_TEA
🛒 [1:00:33 PM] TXN-1787896833071-200-409093
   Outlet 200 | Staff: Priya D/O Mani | 5 items | S$63.72
   🚨 OUT OF STOCK: MNL_CHICKEN_RICE, BEV_ICED_TEA, BEV_KOPI_O, BEV_MILO, BEV_MILO
💰 [1:00:40 PM] TXN-1787896840366-167-956694
   Outlet 167 | Staff: Muhd Danish Bin Razak | 1 items | S$11.80
   🚨 OUT OF STOCK: LMT_MIE_GORENG
🛒 [1:00:46 PM] TXN-1787896846493-169-538376
   Outlet 169 | Staff: Ng Jun Hao | 3 items | S$64.90
   🚨 OUT OF STOCK: MNL_BEEG_HOON, BEV_MILO, MNL_BEEG_HOON

📊 STATS:
   Total Sales: 2270
   Total Revenue: S$92314.35
   Avg Ticket: S$40.67
   Low Stock Alerts: 82
   Out of Stock: 2257
──────────────────────────────────────────────────
💰 [1:00:53 PM] TXN-1787896853272-165-950969
   Outlet 165 | Staff: Tan Wei Ming | 1 items | S$16.52
   🚨 OUT OF STOCK: MNL_CHICKEN_RICE
🛒 [1:00:59 PM] TXN-1787896859400-167-236443
   Outlet 167 | Staff: Ng Jun Hao | 5 items | S$82.60
   🚨 OUT OF STOCK: LMT_MIE_GORENG, BEV_ORANGE_JUICE, BEV_LATTE, BEV_ICED_TEA, MNL_LAKSA
💰 [1:01:06 PM] TXN-1787896866514-165-959971
   Outlet 165 | Staff: Ahmad Faiz Bin Hassan | 1 items | S$6.49
   🚨 OUT OF STOCK: BEV_ICED_TEA
💰 [1:01:12 PM] TXN-1787896872514-170-656706
   Outlet 170 | Staff: Lim Pei Ling | 1 items | S$15.34
   🚨 OUT OF STOCK: MNL_KWAY_TEOW
💰 [1:01:18 PM] TXN-1787896878609-167-397948
   Outlet 167 | Staff: Ng Jun Hao | 1 items | S$17.70
   🚨 OUT OF STOCK: LMT_SATE
🛒 [1:01:24 PM] TXN-1787896884849-165-256144
   Outlet 165 | Staff: Tan Wei Ming | 5 items | S$41.89
   🚨 OUT OF STOCK: BEV_LATTE, BEV_ICED_TEA, BEV_KOPI_O, LMT_ROTI_CANAI, BEV_MILO
💰 [1:01:31 PM] TXN-1787896891954-168-503682
   Outlet 168 | Staff: Li Ying Zhi | 1 items | S$11.80
   🚨 OUT OF STOCK: LMT_MIE_GORENG
💰 [1:01:37 PM] TXN-1787896897967-170-978378
   Outlet 170 | Staff: Lee Jia En | 2 items | S$34.81
   🚨 OUT OF STOCK: MNL_LAKSA, BEV_MILO
🛒 [1:01:44 PM] TXN-1787896904401-167-475743
   Outlet 167 | Staff: Nurul Huda Bte Ali | 4 items | S$41.30
   🚨 OUT OF STOCK: MNL_CHICKEN_RICE, LMT_MIE_GORENG, LMT_PRAWN_CRACKERS, BEV_MILO
💰 [1:01:51 PM] TXN-1787896911263-168-662950
   Outlet 168 | Staff: Nurul Huda Bte Ali | 2 items | S$22.42
   🚨 OUT OF STOCK: LMT_NASI_GORENG, BEV_MILO

📊 STATS:
   Total Sales: 2280
   Total Revenue: S$92605.22
   Avg Ticket: S$40.62
   Low Stock Alerts: 82
   Out of Stock: 2267
──────────────────────────────────────────────────
🛒 [1:01:57 PM] TXN-1787896917625-169-641330
   Outlet 169 | Staff: Ng Jun Hao | 4 items | S$50.15
   ⚠️ LOW STOCK: LMT_PRAWN_CRACKERS
   🚨 OUT OF STOCK: BEV_ORANGE_JUICE, LMT_NASI_GORENG, BEV_MILO
💰 [1:02:04 PM] TXN-1787896924557-168-652622
   Outlet 168 | Staff: Chua Kai Xin | 2 items | S$27.14
   🚨 OUT OF STOCK: LMT_ROTI_CANAI, BEV_ORANGE_JUICE
🛒 [1:02:10 PM] TXN-1787896930889-171-891805
   Outlet 171 | Staff: Lee Jia En | 4 items | S$37.76
   🚨 OUT OF STOCK: LMT_NASI_GORENG, BEV_ORANGE_JUICE, BEV_ICED_TEA, BEV_MILO
🛒 [1:02:17 PM] TXN-1787896937666-167-603696
   Outlet 167 | Staff: Muhd Danish Bin Razak | 5 items | S$76.70
   🚨 OUT OF STOCK: MNL_LAKSA, BEV_ORANGE_JUICE, BEV_LATTE, BEV_ORANGE_JUICE, LMT_MIE_GORENG
🛒 [1:02:25 PM] TXN-1787896945291-167-394682
   Outlet 167 | Staff: Nurul Huda Bte Ali | 3 items | S$35.99
   🚨 OUT OF STOCK: BEV_ICED_TEA, LMT_ROTI_CANAI, BEV_LATTE
💰 [1:02:31 PM] TXN-1787896951802-167-965735
   Outlet 167 | Staff: Ahmad Faiz Bin Hassan | 1 items | S$11.80
   🚨 OUT OF STOCK: LMT_MIE_GORENG
🛒 [1:02:37 PM] TXN-1787896957828-164-633735
   Outlet 164 | Staff: Rajesh Kumar | 4 items | S$61.95
   🚨 OUT OF STOCK: MNL_BEEG_HOON, BEV_ICED_TEA, BEV_LATTE, BEV_LATTE
🛒 [1:02:44 PM] TXN-1787896964680-201-123359
   Outlet 201 | Staff: None | 5 items | S$71.98
   🚨 OUT OF STOCK: MNL_BEEG_HOON, BEV_ORANGE_JUICE, LMT_MIE_GORENG, BEV_ICED_TEA, BEV_KOPI_O
💰 [1:02:51 PM] TXN-1787896971782-167-385421
   Outlet 167 | Staff: Chong Wei Sheng | 1 items | S$11.80
   🚨 OUT OF STOCK: LMT_MIE_GORENG
💰 [1:02:57 PM] TXN-1787896977818-165-561196
   Outlet 165 | Staff: Tan Wei Ming | 1 items | S$16.52
   🚨 OUT OF STOCK: MNL_CHICKEN_RICE

📊 STATS:
   Total Sales: 2290
   Total Revenue: S$93007.01
   Avg Ticket: S$40.61
   Low Stock Alerts: 83
   Out of Stock: 2277
──────────────────────────────────────────────────
💰 [1:03:03 PM] TXN-1787896983844-200-595594
   Outlet 200 | Staff: Syaza Aina | 2 items | S$25.96
   🚨 OUT OF STOCK: BEV_MILO, BEV_ORANGE_JUICE
🛒 [1:03:10 PM] TXN-1787896990119-170-124518
   Outlet 170 | Staff: Tan Wei Ming | 3 items | S$30.68
   🚨 OUT OF STOCK: MNL_CHICKEN_RICE, BEV_ICED_TEA, BEV_KOPI_O
🛒 [1:03:16 PM] TXN-1787896996955-170-102401
   Outlet 170 | Staff: Lim Pei Ling | 4 items | S$49.56
   🚨 OUT OF STOCK: MNL_BEEG_HOON, BEV_KOPI_O, BEV_ICED_TEA, BEV_MILO
🛒 [1:03:23 PM] TXN-1787897003745-200-330549
   Outlet 200 | Staff: Kumar Sanjay | 4 items | S$51.33
   🚨 OUT OF STOCK: MNL_RICE_BOWL, BEV_MILO, BEV_ICED_TEA, BEV_ORANGE_JUICE
💰 [1:03:30 PM] TXN-1787897010716-200-236385
   Outlet 200 | Staff: Priya D/O Mani | 2 items | S$15.34
   🚨 OUT OF STOCK: BEV_ICED_TEA, BEV_ORANGE_JUICE
🛒 [1:03:37 PM] TXN-1787897017180-164-190357
   Outlet 164 | Staff: Batch Staff 1 | 5 items | S$59.00
   🚨 OUT OF STOCK: BEV_ICED_TEA, BEV_ICED_TEA, BEV_ORANGE_JUICE, BEV_ICED_TEA, BEV_ORANGE_JUICE
💰 [1:03:44 PM] TXN-1787897024223-167-507093
   Outlet 167 | Staff: Ng Jun Hao | 2 items | S$47.20
   🚨 OUT OF STOCK: MNL_CHICKEN_RICE, MNL_KWAY_TEOW
💰 [1:03:50 PM] TXN-1787897030429-170-174622
   Outlet 170 | Staff: Tan Wei Ming | 1 items | S$16.52
   🚨 OUT OF STOCK: MNL_CHICKEN_RICE
💰 [1:03:56 PM] TXN-1787897036413-169-659706
   Outlet 169 | Staff: Sanjay S/O Ramesh | 1 items | S$15.34
   🚨 OUT OF STOCK: MNL_KWAY_TEOW
🛒 [1:04:05 PM] TXN-1787897045050-168-684963
   Outlet 168 | Staff: Ng Jun Hao | 3 items | S$34.22
   🚨 OUT OF STOCK: BEV_LATTE, BEV_ORANGE_JUICE, BEV_ICED_TEA

📊 STATS:
   Total Sales: 2300
   Total Revenue: S$93352.16
   Avg Ticket: S$40.59
   Low Stock Alerts: 83
   Out of Stock: 2287
──────────────────────────────────────────────────
🛒 [1:04:15 PM] TXN-1787897055533-171-763100
   Outlet 171 | Staff: Nurul Huda Bte Ali | 3 items | S$40.12
   🚨 OUT OF STOCK: BEV_ICED_TEA, BEV_LATTE, LMT_MIE_GORENG
🛒 [1:04:23 PM] TXN-1787897063246-201-687086
   Outlet 201 | Staff: None | 3 items | S$29.50
   🚨 OUT OF STOCK: LMT_MIE_GORENG, LMT_PRAWN_CRACKERS, BEV_MILO
🛒 [1:04:29 PM] TXN-1787897069747-164-991251
   Outlet 164 | Staff: Chua Kai Xin | 4 items | S$44.84
   🚨 OUT OF STOCK: BEV_ICED_TEA, BEV_LATTE, MNL_RICE_BOWL, BEV_KOPI_O
💰 [1:04:36 PM] TXN-1787897076937-202-856406
   Outlet 202 | Staff: None | 2 items | S$14.75
   🚨 OUT OF STOCK: BEV_ICED_TEA, BEV_MILO
💰 [1:04:43 PM] TXN-1787897083250-171-108839
   Outlet 171 | Staff: Chua Kai Xin | 1 items | S$15.34
   🚨 OUT OF STOCK: MNL_KWAY_TEOW
🛒 [1:04:49 PM] TXN-1787897089362-164-438652
   Outlet 164 | Staff: Rajesh Kumar | 3 items | S$58.41
   🚨 OUT OF STOCK: BEV_KOPI_O, BEV_KOPI_O, LMT_SATE
🛒 [1:04:55 PM] TXN-1787897095921-201-311013
   Outlet 201 | Staff: None | 3 items | S$41.89
   🚨 OUT OF STOCK: MNL_BEEG_HOON, BEV_ICED_TEA, BEV_MILO
💰 [1:05:02 PM] TXN-1787897102512-168-460390
   Outlet 168 | Staff: Chua Kai Xin | 1 items | S$7.67
   🚨 OUT OF STOCK: BEV_KOPI_O
🛒 [1:05:08 PM] TXN-1787897108557-165-254511
   Outlet 165 | Staff: Tan Wei Ming | 5 items | S$64.90
   🚨 OUT OF STOCK: BEV_KOPI_O, BEV_ICED_TEA, BEV_MILO, LMT_MIE_GORENG, MNL_BEEG_HOON
🛒 [1:05:15 PM] TXN-1787897115773-168-792274
   Outlet 168 | Staff: Nurul Huda Bte Ali | 3 items | S$47.20
   🚨 OUT OF STOCK: MNL_LAKSA, LMT_ROTI_CANAI, BEV_LATTE

📊 STATS:
   Total Sales: 2310
   Total Revenue: S$93716.78
   Avg Ticket: S$40.57
   Low Stock Alerts: 83
   Out of Stock: 2297
──────────────────────────────────────────────────
💰 [1:05:22 PM] TXN-1787897122566-168-504496
   Outlet 168 | Staff: Sanjay S/O Ramesh | 1 items | S$4.72
   🚨 OUT OF STOCK: LMT_PRAWN_CRACKERS
🛒 [1:05:28 PM] TXN-1787897128566-167-203897
   Outlet 167 | Staff: Nurul Huda Bte Ali | 5 items | S$64.90
   🚨 OUT OF STOCK: MNL_RICE_BOWL, BEV_MILO, BEV_KOPI_O, BEV_LATTE, MNL_LAKSA
💰 [1:05:35 PM] TXN-1787897135699-169-820415
   Outlet 169 | Staff: Sanjay S/O Ramesh | 2 items | S$36.58
   🚨 OUT OF STOCK: MNL_LAKSA, MNL_LAKSA
🛒 [1:05:42 PM] TXN-1787897142053-202-216032
   Outlet 202 | Staff: None | 5 items | S$77.88
   🚨 OUT OF STOCK: MNL_LAKSA, BEV_ICED_TEA, BEV_LATTE, MNL_KWAY_TEOW, BEV_ORANGE_JUICE
🛒 [1:05:49 PM] TXN-1787897149387-200-795254
   Outlet 200 | Staff: Kumar Sanjay | 3 items | S$46.61
   🚨 OUT OF STOCK: BEV_ORANGE_JUICE, BEV_ORANGE_JUICE, BEV_LATTE
🛒 [1:05:55 PM] TXN-1787897155953-200-388383
   Outlet 200 | Staff: Syaza Aina | 4 items | S$54.87
   🚨 OUT OF STOCK: MNL_KWAY_TEOW, BEV_ORANGE_JUICE, BEV_KOPI_O, BEV_ICED_TEA
🛒 [1:06:02 PM] TXN-1787897162794-164-979051
   Outlet 164 | Staff: Nurul Huda Bte Ali | 5 items | S$59.00
   🚨 OUT OF STOCK: LMT_ROTI_CANAI, BEV_LATTE, BEV_LATTE, LMT_ROTI_CANAI, BEV_LATTE
💰 [1:06:09 PM] TXN-1787897169981-201-830942
   Outlet 201 | Staff: None | 1 items | S$10.03
   🚨 OUT OF STOCK: BEV_LATTE
🛒 [1:06:16 PM] TXN-1787897176050-167-722823
   Outlet 167 | Staff: Nurul Huda Bte Ali | 5 items | S$59.59
   🚨 OUT OF STOCK: BEV_KOPI_O, BEV_LATTE, BEV_ICED_TEA, BEV_ORANGE_JUICE, BEV_KOPI_O
🛒 [1:06:23 PM] TXN-1787897183097-170-908632
   Outlet 170 | Staff: Ng Jun Hao | 4 items | S$56.05
   🚨 OUT OF STOCK: BEV_ORANGE_JUICE, BEV_KOPI_O, BEV_KOPI_O, BEV_MILO

📊 STATS:
   Total Sales: 2320
   Total Revenue: S$94187.01
   Avg Ticket: S$40.60
   Low Stock Alerts: 83
   Out of Stock: 2307
──────────────────────────────────────────────────
🛒 [1:06:30 PM] TXN-1787897190040-168-224808
   Outlet 168 | Staff: Ng Jun Hao | 3 items | S$33.04
   🚨 OUT OF STOCK: LMT_SATE, BEV_KOPI_O, BEV_KOPI_O
🛒 [1:06:36 PM] TXN-1787897196677-167-567677
   Outlet 167 | Staff: Lee Jia En | 3 items | S$34.22
   🚨 OUT OF STOCK: MNL_KWAY_TEOW, BEV_LATTE, BEV_ORANGE_JUICE
🛒 [1:06:43 PM] TXN-1787897203282-171-550435
   Outlet 171 | Staff: Tan Wei Ming | 4 items | S$65.49
   🚨 OUT OF STOCK: LMT_MIE_GORENG, BEV_ICED_TEA, BEV_MILO, MNL_KWAY_TEOW
🛒 [1:06:50 PM] TXN-1787897210370-201-854994
   Outlet 201 | Staff: None | 4 items | S$55.46
   🚨 OUT OF STOCK: BEV_LATTE, BEV_KOPI_O, BEV_LATTE, BEV_ORANGE_JUICE
🛒 [1:06:57 PM] TXN-1787897217242-168-982417
   Outlet 168 | Staff: Tan Wei Ming | 4 items | S$42.48
   🚨 OUT OF STOCK: LMT_NASI_GORENG, BEV_ORANGE_JUICE, BEV_ICED_TEA, BEV_ICED_TEA
🛒 [1:07:04 PM] TXN-1787897224109-171-580231
   Outlet 171 | Staff: Lee Jia En | 3 items | S$38.35
   🚨 OUT OF STOCK: MNL_RICE_BOWL, BEV_ORANGE_JUICE, BEV_MILO
🛒 [1:07:10 PM] TXN-1787897230530-164-225670
   Outlet 164 | Staff: Priya D/O Mani | 5 items | S$60.77
   ⚠️ LOW STOCK: LMT_PRAWN_CRACKERS
   🚨 OUT OF STOCK: BEV_KOPI_O, BEV_KOPI_O, BEV_KOPI_O, BEV_ORANGE_JUICE
🛒 [1:07:17 PM] TXN-1787897237772-164-128396
   Outlet 164 | Staff: Batch Staff 1 | 3 items | S$34.22
   🚨 OUT OF STOCK: BEV_ORANGE_JUICE, BEV_KOPI_O, BEV_LATTE
💰 [1:07:24 PM] TXN-1787897244275-201-885012
   Outlet 201 | Staff: None | 1 items | S$18.29
   🚨 OUT OF STOCK: MNL_LAKSA
🛒 [1:07:30 PM] TXN-1787897250287-202-358984
   Outlet 202 | Staff: None | 3 items | S$51.92
   🚨 OUT OF STOCK: BEV_ORANGE_JUICE, BEV_LATTE, MNL_CHICKEN_RICE

📊 STATS:
   Total Sales: 2330
   Total Revenue: S$94621.25
   Avg Ticket: S$40.61
   Low Stock Alerts: 84
   Out of Stock: 2317
──────────────────────────────────────────────────
💰 [1:07:36 PM] TXN-1787897256853-171-936703
   Outlet 171 | Staff: Tan Wei Ming | 2 items | S$12.98
   🚨 OUT OF STOCK: BEV_ICED_TEA, BEV_ICED_TEA
💰 [1:07:43 PM] TXN-1787897263108-169-324686
   Outlet 169 | Staff: Sanjay S/O Ramesh | 1 items | S$12.98
   🚨 OUT OF STOCK: MNL_RICE_BOWL
🛒 [1:07:49 PM] TXN-1787897269135-165-973124
   Outlet 165 | Staff: Ahmad Faiz Bin Hassan | 3 items | S$38.35
   🚨 OUT OF STOCK: LMT_NASI_GORENG, BEV_KOPI_O, MNL_CHICKEN_RICE
🛒 [1:07:55 PM] TXN-1787897275698-202-879681
   Outlet 202 | Staff: None | 3 items | S$33.04
   🚨 OUT OF STOCK: BEV_LATTE, BEV_KOPI_O, BEV_KOPI_O
💰 [1:08:02 PM] TXN-1787897282279-202-499445
   Outlet 202 | Staff: None | 2 items | S$16.52
   🚨 OUT OF STOCK: BEV_ICED_TEA, BEV_LATTE
💰 [1:08:08 PM] TXN-1787897288580-169-117429
   Outlet 169 | Staff: Ng Jun Hao | 1 items | S$11.80
   🚨 OUT OF STOCK: LMT_MIE_GORENG
💰 [1:08:14 PM] TXN-1787897294795-201-199331
   Outlet 201 | Staff: None | 2 items | S$26.55
   🚨 OUT OF STOCK: MNL_CHICKEN_RICE, BEV_LATTE
💰 [1:08:21 PM] TXN-1787897301228-165-893691
   Outlet 165 | Staff: Muhd Danish Bin Razak | 2 items | S$30.68
   🚨 OUT OF STOCK: LMT_NASI_GORENG, BEV_MILO
💰 [1:08:27 PM] TXN-1787897307511-165-183410
   Outlet 165 | Staff: Muhd Danish Bin Razak | 2 items | S$24.78
   🚨 OUT OF STOCK: LMT_ROTI_CANAI, BEV_KOPI_O
💰 [1:08:33 PM] TXN-1787897313778-164-892895
   Outlet 164 | Staff: Chua Kai Xin | 1 items | S$7.67
   🚨 OUT OF STOCK: BEV_KOPI_O

📊 STATS:
   Total Sales: 2340
   Total Revenue: S$94836.60
   Avg Ticket: S$40.53
   Low Stock Alerts: 84
   Out of Stock: 2327
──────────────────────────────────────────────────
💰 [1:08:39 PM] TXN-1787897319797-170-382543
   Outlet 170 | Staff: Tan Wei Ming | 2 items | S$24.78
   ⚠️ LOW STOCK: LMT_PRAWN_CRACKERS
   🚨 OUT OF STOCK: BEV_LATTE
🛒 [1:08:46 PM] TXN-1787897326113-200-987522
   Outlet 200 | Staff: Kumar Sanjay | 3 items | S$35.99
   🚨 OUT OF STOCK: MNL_RICE_BOWL, BEV_MILO, BEV_ICED_TEA
🛒 [1:08:52 PM] TXN-1787897332732-165-118650
   Outlet 165 | Staff: Lee Jia En | 4 items | S$64.90
   🚨 OUT OF STOCK: MNL_LAKSA, BEV_LATTE, BEV_MILO, BEV_LATTE
💰 [1:08:59 PM] TXN-1787897339546-171-591397
   Outlet 171 | Staff: Chua Kai Xin | 1 items | S$15.34
   🚨 OUT OF STOCK: MNL_KWAY_TEOW
🛒 [1:09:05 PM] TXN-1787897345480-164-702431
   Outlet 164 | Staff: Nurul Huda Bte Ali | 4 items | S$42.48
   🚨 OUT OF STOCK: BEV_LATTE, LMT_NASI_GORENG, LMT_ROTI_CANAI, BEV_ORANGE_JUICE
💰 [1:09:12 PM] TXN-1787897352414-202-258653
   Outlet 202 | Staff: None | 1 items | S$9.44
   🚨 OUT OF STOCK: LMT_ROTI_CANAI
💰 [1:09:18 PM] TXN-1787897358575-202-199871
   Outlet 202 | Staff: None | 2 items | S$20.06
   🚨 OUT OF STOCK: LMT_PRAWN_CRACKERS, BEV_KOPI_O
🛒 [1:09:24 PM] TXN-1787897364956-167-901661
   Outlet 167 | Staff: Ng Jun Hao | 4 items | S$73.75
   🚨 OUT OF STOCK: MNL_CHICKEN_RICE, LMT_NASI_GORENG, BEV_LATTE, MNL_CHICKEN_RICE
🛒 [1:09:31 PM] TXN-1787897371838-201-197475
   Outlet 201 | Staff: None | 3 items | S$37.17
   🚨 OUT OF STOCK: MNL_RICE_BOWL, BEV_ICED_TEA, BEV_ORANGE_JUICE
🛒 [1:09:38 PM] TXN-1787897378361-201-288652
   Outlet 201 | Staff: None | 5 items | S$47.79
   🚨 OUT OF STOCK: BEV_MILO, BEV_KOPI_O, BEV_KOPI_O, BEV_MILO, BEV_MILO

📊 STATS:
   Total Sales: 2350
   Total Revenue: S$95208.30
   Avg Ticket: S$40.51
   Low Stock Alerts: 85
   Out of Stock: 2337
──────────────────────────────────────────────────
🛒 [1:09:45 PM] TXN-1787897385351-169-849149
   Outlet 169 | Staff: Ng Jun Hao | 5 items | S$93.81
   🚨 OUT OF STOCK: LMT_MIE_GORENG, LMT_SATE, BEV_LATTE, BEV_LATTE, BEV_ICED_TEA
💰 [1:09:52 PM] TXN-1787897392454-164-383928
   Outlet 164 | Staff: Batch Staff 1 | 1 items | S$15.34
   🚨 OUT OF STOCK: MNL_KWAY_TEOW
🛒 [1:09:58 PM] TXN-1787897398588-202-804409
   Outlet 202 | Staff: None | 5 items | S$43.07
   🚨 OUT OF STOCK: BEV_KOPI_O, BEV_MILO, BEV_ICED_TEA, BEV_KOPI_O, BEV_ICED_TEA
🛒 [1:10:05 PM] TXN-1787897405607-164-418531
   Outlet 164 | Staff: Ng Jun Hao | 4 items | S$54.87
   🚨 OUT OF STOCK: LMT_SATE, BEV_ORANGE_JUICE, BEV_ICED_TEA, BEV_ICED_TEA
🛒 [1:10:12 PM] TXN-1787897412516-167-816000
   Outlet 167 | Staff: Chong Wei Sheng | 3 items | S$47.20
   🚨 OUT OF STOCK: MNL_BEEG_HOON, LMT_MIE_GORENG, BEV_MILO
💰 [1:10:19 PM] TXN-1787897419207-200-194597
   Outlet 200 | Staff: Kumar Sanjay | 1 items | S$18.29
   🚨 OUT OF STOCK: MNL_LAKSA
🛒 [1:10:25 PM] TXN-1787897425188-167-277284
   Outlet 167 | Staff: Ahmad Faiz Bin Hassan | 5 items | S$54.28
   🚨 OUT OF STOCK: LMT_MIE_GORENG, BEV_ORANGE_JUICE, BEV_LATTE, BEV_MILO, BEV_KOPI_O
💰 [1:10:32 PM] TXN-1787897432709-202-234652
   Outlet 202 | Staff: None | 1 items | S$18.88
   🚨 OUT OF STOCK: MNL_BEEG_HOON
💰 [1:10:38 PM] TXN-1787897438704-169-882614
   Outlet 169 | Staff: Koh Jia Yi | 2 items | S$16.52
   🚨 OUT OF STOCK: BEV_MILO, BEV_MILO
💰 [1:10:44 PM] TXN-1787897444985-201-976641
   Outlet 201 | Staff: None | 1 items | S$17.70
   🚨 OUT OF STOCK: LMT_SATE

📊 STATS:
   Total Sales: 2360
   Total Revenue: S$95588.26
   Avg Ticket: S$40.50
   Low Stock Alerts: 85
   Out of Stock: 2347
──────────────────────────────────────────────────
💰 [1:10:51 PM] TXN-1787897451108-170-489159
   Outlet 170 | Staff: Muhd Danish Bin Razak | 2 items | S$29.50
   🚨 OUT OF STOCK: LMT_MIE_GORENG, BEV_ORANGE_JUICE
🛒 [1:10:57 PM] TXN-1787897457425-168-978602
   Outlet 168 | Staff: Sanjay S/O Ramesh | 5 items | S$54.28
   🚨 OUT OF STOCK: BEV_ORANGE_JUICE, BEV_ORANGE_JUICE, BEV_KOPI_O, LMT_MIE_GORENG, LMT_PRAWN_CRACKERS
🛒 [1:11:04 PM] TXN-1787897464421-171-194341
   Outlet 171 | Staff: Muhd Danish Bin Razak | 5 items | S$74.93
   🚨 OUT OF STOCK: LMT_NASI_GORENG, BEV_LATTE, BEV_ORANGE_JUICE, BEV_ORANGE_JUICE, BEV_KOPI_O
🛒 [1:11:11 PM] TXN-1787897471558-167-334885
   Outlet 167 | Staff: Ahmad Faiz Bin Hassan | 4 items | S$57.23
   🚨 OUT OF STOCK: LMT_PRAWN_CRACKERS, MNL_BEEG_HOON, BEV_MILO, BEV_ICED_TEA
🛒 [1:11:18 PM] TXN-1787897478330-169-930008
   Outlet 169 | Staff: Sanjay S/O Ramesh | 4 items | S$40.12
   🚨 OUT OF STOCK: BEV_ORANGE_JUICE, BEV_MILO, BEV_MILO, BEV_ICED_TEA
🛒 [1:11:25 PM] TXN-1787897485222-168-235593
   Outlet 168 | Staff: Priya D/O Mani | 4 items | S$48.38
   🚨 OUT OF STOCK: BEV_LATTE, BEV_LATTE, BEV_ORANGE_JUICE, LMT_ROTI_CANAI
💰 [1:11:32 PM] TXN-1787897492268-170-975087
   Outlet 170 | Staff: Ng Jun Hao | 2 items | S$24.78
   🚨 OUT OF STOCK: LMT_MIE_GORENG, BEV_ICED_TEA
🛒 [1:11:38 PM] TXN-1787897498533-201-244769
   Outlet 201 | Staff: None | 3 items | S$35.40
   🚨 OUT OF STOCK: LMT_MIE_GORENG, MNL_KWAY_TEOW, BEV_MILO
💰 [1:11:45 PM] TXN-1787897505151-202-785646
   Outlet 202 | Staff: None | 1 items | S$4.72
   🚨 OUT OF STOCK: LMT_PRAWN_CRACKERS
💰 [1:11:51 PM] TXN-1787897511106-202-952079
   Outlet 202 | Staff: None | 1 items | S$16.52
   🚨 OUT OF STOCK: MNL_CHICKEN_RICE

📊 STATS:
   Total Sales: 2370
   Total Revenue: S$95974.12
   Avg Ticket: S$40.50
   Low Stock Alerts: 85
   Out of Stock: 2357
──────────────────────────────────────────────────
💰 [1:11:57 PM] TXN-1787897517161-200-379282
   Outlet 200 | Staff: Syaza Aina | 2 items | S$17.11
   🚨 OUT OF STOCK: LMT_ROTI_CANAI, BEV_KOPI_O
🛒 [1:12:03 PM] TXN-1787897523517-170-246905
   Outlet 170 | Staff: Muhd Danish Bin Razak | 4 items | S$67.26
   🚨 OUT OF STOCK: LMT_SATE, BEV_LATTE, BEV_MILO, MNL_RICE_BOWL
🛒 [1:12:10 PM] TXN-1787897530369-169-833979
   Outlet 169 | Staff: Tan Wei Ming | 5 items | S$58.41
   🚨 OUT OF STOCK: LMT_ROTI_CANAI, BEV_ORANGE_JUICE, BEV_KOPI_O, BEV_ICED_TEA, MNL_RICE_BOWL
🛒 [1:12:17 PM] TXN-1787897537465-202-907926
   Outlet 202 | Staff: None | 5 items | S$51.33
   🚨 OUT OF STOCK: LMT_ROTI_CANAI, BEV_ORANGE_JUICE, BEV_ORANGE_JUICE, BEV_ORANGE_JUICE, BEV_ICED_TEA
🛒 [1:12:25 PM] TXN-1787897545126-201-394606
   Outlet 201 | Staff: None | 4 items | S$61.36
   🚨 OUT OF STOCK: LMT_ROTI_CANAI, BEV_MILO, BEV_LATTE, BEV_KOPI_O
🛒 [1:12:32 PM] TXN-1787897552168-165-875182
   Outlet 165 | Staff: Lee Jia En | 4 items | S$33.63
   🚨 OUT OF STOCK: BEV_MILO, BEV_LATTE, BEV_KOPI_O, BEV_KOPI_O
🛒 [1:12:39 PM] TXN-1787897559275-165-249328
   Outlet 165 | Staff: Ng Jun Hao | 3 items | S$38.94
   🚨 OUT OF STOCK: BEV_KOPI_O, MNL_RICE_BOWL, MNL_LAKSA
💰 [1:12:46 PM] TXN-1787897566832-169-981632
   Outlet 169 | Staff: Tan Wei Ming | 1 items | S$4.72
   🚨 OUT OF STOCK: LMT_PRAWN_CRACKERS
🛒 [1:12:53 PM] TXN-1787897573819-165-103976
   Outlet 165 | Staff: Tan Wei Ming | 5 items | S$56.05
   🚨 OUT OF STOCK: MNL_LAKSA, BEV_KOPI_O, BEV_ICED_TEA, BEV_MILO, BEV_KOPI_O
🛒 [1:13:02 PM] TXN-1787897582302-168-303038
   Outlet 168 | Staff: Chua Kai Xin | 4 items | S$81.42
   🚨 OUT OF STOCK: LMT_ROTI_CANAI, MNL_BEEG_HOON, BEV_ORANGE_JUICE, BEV_MILO

📊 STATS:
   Total Sales: 2380
   Total Revenue: S$96444.35
   Avg Ticket: S$40.52
   Low Stock Alerts: 85
   Out of Stock: 2367
──────────────────────────────────────────────────
💰 [1:13:10 PM] TXN-1787897590007-171-242925
   Outlet 171 | Staff: Tan Mei Hua | 1 items | S$8.85
   🚨 OUT OF STOCK: BEV_ORANGE_JUICE
🛒 [1:13:16 PM] TXN-1787897596682-167-547403
   Outlet 167 | Staff: Ahmad Faiz Bin Hassan | 3 items | S$30.68
   🚨 OUT OF STOCK: BEV_ICED_TEA, BEV_ICED_TEA, BEV_ORANGE_JUICE
🛒 [1:13:24 PM] TXN-1787897604325-202-389128
   Outlet 202 | Staff: None | 4 items | S$44.25
   🚨 OUT OF STOCK: LMT_PRAWN_CRACKERS, BEV_ICED_TEA, BEV_MILO, BEV_LATTE
🛒 [1:13:32 PM] TXN-1787897612232-164-732321
   Outlet 164 | Staff: Rajesh Kumar | 5 items | S$59.59
   🚨 OUT OF STOCK: MNL_CHICKEN_RICE, BEV_ORANGE_JUICE, BEV_ICED_TEA, BEV_ORANGE_JUICE, BEV_LATTE
💰 [1:13:40 PM] TXN-1787897620137-168-775600
   Outlet 168 | Staff: Chua Kai Xin | 1 items | S$10.03
   🚨 OUT OF STOCK: BEV_LATTE
💰 [1:13:46 PM] TXN-1787897626766-169-175640
   Outlet 169 | Staff: Muhd Danish Bin Razak | 1 items | S$4.72
   🚨 OUT OF STOCK: LMT_PRAWN_CRACKERS
💰 [1:13:52 PM] TXN-1787897632886-165-732736
   Outlet 165 | Staff: Lee Jia En | 2 items | S$35.40
   🚨 OUT OF STOCK: MNL_KWAY_TEOW, BEV_LATTE
🛒 [1:13:59 PM] TXN-1787897639248-165-980169
   Outlet 165 | Staff: Lee Jia En | 4 items | S$57.23
   🚨 OUT OF STOCK: MNL_RICE_BOWL, BEV_MILO, BEV_LATTE, BEV_ORANGE_JUICE
💰 [1:14:06 PM] TXN-1787897646088-200-785592
   Outlet 200 | Staff: Priya D/O Mani | 1 items | S$17.70
   🚨 OUT OF STOCK: LMT_SATE
🛒 [1:14:12 PM] TXN-1787897652080-171-837601
   Outlet 171 | Staff: Lee Jia En | 3 items | S$30.09
   🚨 OUT OF STOCK: LMT_PRAWN_CRACKERS, BEV_ORANGE_JUICE, BEV_MILO

📊 STATS:
   Total Sales: 2390
   Total Revenue: S$96742.89
   Avg Ticket: S$40.48
   Low Stock Alerts: 85
   Out of Stock: 2377
──────────────────────────────────────────────────
🛒 [1:14:18 PM] TXN-1787897658641-168-345553
   Outlet 168 | Staff: Lee Jia En | 4 items | S$50.74
   🚨 OUT OF STOCK: BEV_LATTE, BEV_KOPI_O, BEV_MILO, BEV_ORANGE_JUICE
🛒 [1:14:25 PM] TXN-1787897665693-201-469106
   Outlet 201 | Staff: None | 5 items | S$70.80
   🚨 OUT OF STOCK: MNL_KWAY_TEOW, BEV_ICED_TEA, MNL_KWAY_TEOW, BEV_ORANGE_JUICE, LMT_PRAWN_CRACKERS
🛒 [1:14:33 PM] TXN-1787897673022-164-768626
   Outlet 164 | Staff: Tan Jia Min | 4 items | S$60.18
   🚨 OUT OF STOCK: MNL_KWAY_TEOW, BEV_ICED_TEA, BEV_KOPI_O, MNL_CHICKEN_RICE
🛒 [1:14:39 PM] TXN-1787897679822-165-339493
   Outlet 165 | Staff: Muhd Danish Bin Razak | 3 items | S$73.16
   🚨 OUT OF STOCK: MNL_KWAY_TEOW, MNL_BEEG_HOON, BEV_LATTE
🛒 [1:14:48 PM] TXN-1787897688453-200-633501
   Outlet 200 | Staff: Syaza Aina | 4 items | S$57.82
   🚨 OUT OF STOCK: LMT_SATE, BEV_MILO, BEV_MILO, BEV_KOPI_O
🛒 [1:14:56 PM] TXN-1787897696634-169-845799
   Outlet 169 | Staff: Tan Wei Ming | 5 items | S$76.70
   🚨 OUT OF STOCK: LMT_SATE, BEV_ORANGE_JUICE, BEV_LATTE, BEV_MILO, LMT_MIE_GORENG
💰 [1:15:04 PM] TXN-1787897704761-201-234606
   Outlet 201 | Staff: None | 1 items | S$7.67
   🚨 OUT OF STOCK: BEV_KOPI_O
🛒 [1:15:12 PM] TXN-1787897712299-170-960996
   Outlet 170 | Staff: Tan Wei Ming | 4 items | S$56.05
   🚨 OUT OF STOCK: LMT_MIE_GORENG, BEV_ORANGE_JUICE, BEV_ORANGE_JUICE, BEV_ORANGE_JUICE
🛒 [1:15:20 PM] TXN-1787897720912-165-713287
   Outlet 165 | Staff: Tan Wei Ming | 5 items | S$71.39
   🚨 OUT OF STOCK: MNL_BEEG_HOON, BEV_ICED_TEA, LMT_ROTI_CANAI, BEV_LATTE, BEV_MILO
🛒 [1:15:28 PM] TXN-1787897728470-168-542398
   Outlet 168 | Staff: Sanjay S/O Ramesh | 4 items | S$70.80
   🚨 OUT OF STOCK: BEV_KOPI_O, BEV_MILO, BEV_LATTE, MNL_LAKSA

📊 STATS:
   Total Sales: 2400
   Total Revenue: S$97338.20
   Avg Ticket: S$40.56
   Low Stock Alerts: 85
   Out of Stock: 2387
──────────────────────────────────────────────────
🛒 [1:15:35 PM] TXN-1787897735678-201-678805
   Outlet 201 | Staff: None | 3 items | S$39.53
   🚨 OUT OF STOCK: LMT_NASI_GORENG, BEV_MILO, BEV_ORANGE_JUICE
💰 [1:15:42 PM] TXN-1787897742750-167-284220
   Outlet 167 | Staff: Sanjay S/O Ramesh | 1 items | S$4.72
   🚨 OUT OF STOCK: LMT_PRAWN_CRACKERS
🛒 [1:15:52 PM] TXN-1787897752397-168-899009
   Outlet 168 | Staff: Sanjay S/O Ramesh | 5 items | S$67.26
   🚨 OUT OF STOCK: BEV_ICED_TEA, BEV_LATTE, BEV_MILO, BEV_ICED_TEA, BEV_ORANGE_JUICE
🛒 [1:16:01 PM] TXN-1787897761622-165-599788
   Outlet 165 | Staff: Tan Wei Ming | 4 items | S$53.10
   🚨 OUT OF STOCK: LMT_MIE_GORENG, BEV_ICED_TEA, LMT_NASI_GORENG, BEV_ICED_TEA
🛒 [1:16:08 PM] TXN-1787897768423-202-230589
   Outlet 202 | Staff: None | 5 items | S$57.23
   🚨 OUT OF STOCK: LMT_MIE_GORENG, BEV_LATTE, BEV_ORANGE_JUICE, BEV_ORANGE_JUICE, BEV_KOPI_O
🛒 [1:16:15 PM] TXN-1787897775633-200-491445
   Outlet 200 | Staff: Kumar Sanjay | 4 items | S$51.92
   🚨 OUT OF STOCK: BEV_ORANGE_JUICE, BEV_KOPI_O, BEV_KOPI_O, BEV_LATTE
🛒 [1:16:22 PM] TXN-1787897782884-168-973895
   Outlet 168 | Staff: Sanjay S/O Ramesh | 4 items | S$31.86
   🚨 OUT OF STOCK: BEV_ICED_TEA, BEV_ORANGE_JUICE, BEV_ICED_TEA, BEV_LATTE
💰 [1:16:30 PM] TXN-1787897790018-200-253701
   Outlet 200 | Staff: Syaza Aina | 2 items | S$14.75
   🚨 OUT OF STOCK: BEV_MILO, BEV_ICED_TEA
🛒 [1:16:36 PM] TXN-1787897796510-201-543137
   Outlet 201 | Staff: None | 5 items | S$53.10
   🚨 OUT OF STOCK: BEV_ORANGE_JUICE, LMT_MIE_GORENG, BEV_ICED_TEA, BEV_KOPI_O, BEV_ICED_TEA
🛒 [1:16:43 PM] TXN-1787897803940-202-573195
   Outlet 202 | Staff: None | 3 items | S$43.66
   🚨 OUT OF STOCK: LMT_SATE, BEV_MILO, LMT_ROTI_CANAI

📊 STATS:
   Total Sales: 2410
   Total Revenue: S$97755.33
   Avg Ticket: S$40.56
   Low Stock Alerts: 85
   Out of Stock: 2397
──────────────────────────────────────────────────
🛒 [1:16:50 PM] TXN-1787897810664-202-695245
   Outlet 202 | Staff: None | 3 items | S$41.89
   🚨 OUT OF STOCK: LMT_SATE, BEV_KOPI_O, BEV_MILO
🛒 [1:16:57 PM] TXN-1787897817328-164-491510
   Outlet 164 | Staff: Ahmad Faiz Bin Hassan | 3 items | S$25.96
   ⚠️ LOW STOCK: LMT_PRAWN_CRACKERS
   🚨 OUT OF STOCK: MNL_RICE_BOWL, BEV_MILO
🛒 [1:17:04 PM] TXN-1787897824050-168-754466
   Outlet 168 | Staff: Sanjay S/O Ramesh | 4 items | S$54.28
   🚨 OUT OF STOCK: BEV_ORANGE_JUICE, BEV_LATTE, BEV_LATTE, BEV_KOPI_O
🛒 [1:17:10 PM] TXN-1787897830940-164-340582
   Outlet 164 | Staff: Rajesh Kumar | 3 items | S$47.79
   🚨 OUT OF STOCK: MNL_LAKSA, LMT_ROTI_CANAI, BEV_LATTE
💰 [1:17:17 PM] TXN-1787897837579-167-814197
   Outlet 167 | Staff: Ng Jun Hao | 2 items | S$42.48
   🚨 OUT OF STOCK: MNL_CHICKEN_RICE, MNL_RICE_BOWL
💰 [1:17:23 PM] TXN-1787897843775-201-478433
   Outlet 201 | Staff: None | 1 items | S$12.98
   🚨 OUT OF STOCK: MNL_RICE_BOWL
💰 [1:17:29 PM] TXN-1787897849782-200-116064
   Outlet 200 | Staff: Syaza Aina | 1 items | S$18.88
   🚨 OUT OF STOCK: MNL_BEEG_HOON
🛒 [1:17:35 PM] TXN-1787897855777-167-193171
   Outlet 167 | Staff: Ahmad Faiz Bin Hassan | 3 items | S$39.53
   🚨 OUT OF STOCK: BEV_LATTE, BEV_MILO, BEV_ICED_TEA
🛒 [1:17:42 PM] TXN-1787897862370-165-685859
   Outlet 165 | Staff: Tan Wei Ming | 4 items | S$56.05
   🚨 OUT OF STOCK: MNL_KWAY_TEOW, BEV_KOPI_O, BEV_ORANGE_JUICE, BEV_KOPI_O
🛒 [1:17:49 PM] TXN-1787897869225-168-671399
   Outlet 168 | Staff: Li Ying Zhi | 5 items | S$50.15
   🚨 OUT OF STOCK: BEV_KOPI_O, BEV_KOPI_O, BEV_ICED_TEA, BEV_KOPI_O, BEV_ICED_TEA

📊 STATS:
   Total Sales: 2420
   Total Revenue: S$98145.32
   Avg Ticket: S$40.56
   Low Stock Alerts: 86
   Out of Stock: 2407
──────────────────────────────────────────────────
🛒 [1:17:56 PM] TXN-1787897876383-168-891806
   Outlet 168 | Staff: Lee Jia En | 4 items | S$56.64
   🚨 OUT OF STOCK: LMT_SATE, BEV_ICED_TEA, BEV_MILO, LMT_PRAWN_CRACKERS
🛒 [1:18:03 PM] TXN-1787897883346-169-285372
   Outlet 169 | Staff: Ng Jun Hao | 3 items | S$29.50
   🚨 OUT OF STOCK: BEV_KOPI_O, BEV_KOPI_O, BEV_ICED_TEA
🛒 [1:18:09 PM] TXN-1787897889997-169-774206
   Outlet 169 | Staff: Tan Wei Ming | 4 items | S$65.49
   🚨 OUT OF STOCK: BEV_ICED_TEA, MNL_CHICKEN_RICE, BEV_ICED_TEA, BEV_ICED_TEA
💰 [1:18:17 PM] TXN-1787897897011-165-813131
   Outlet 165 | Staff: Lee Jia En | 2 items | S$31.86
   🚨 OUT OF STOCK: MNL_CHICKEN_RICE, MNL_KWAY_TEOW
💰 [1:18:23 PM] TXN-1787897903320-168-396174
   Outlet 168 | Staff: Nurul Huda Bte Ali | 2 items | S$38.94
   🚨 OUT OF STOCK: MNL_BEEG_HOON, BEV_LATTE
🛒 [1:18:29 PM] TXN-1787897909715-202-335629
   Outlet 202 | Staff: None | 5 items | S$46.61
   🚨 OUT OF STOCK: MNL_RICE_BOWL, BEV_ICED_TEA, BEV_ORANGE_JUICE, BEV_ORANGE_JUICE, LMT_PRAWN_CRACKERS
💰 [1:18:36 PM] TXN-1787897916876-164-968716
   Outlet 164 | Staff: Nurul Huda Bte Ali | 2 items | S$17.70
   ⚠️ LOW STOCK: LMT_PRAWN_CRACKERS
   🚨 OUT OF STOCK: BEV_MILO
💰 [1:18:43 PM] TXN-1787897923272-169-481308
   Outlet 169 | Staff: Muhd Danish Bin Razak | 1 items | S$4.72
   🚨 OUT OF STOCK: LMT_PRAWN_CRACKERS
💰 [1:18:49 PM] TXN-1787897929285-200-830832
   Outlet 200 | Staff: Syaza Aina | 1 items | S$16.52
   🚨 OUT OF STOCK: MNL_CHICKEN_RICE
💰 [1:18:55 PM] TXN-1787897935254-171-339616
   Outlet 171 | Staff: Tan Wei Ming | 1 items | S$12.98
   🚨 OUT OF STOCK: MNL_RICE_BOWL

📊 STATS:
   Total Sales: 2430
   Total Revenue: S$98466.28
   Avg Ticket: S$40.52
   Low Stock Alerts: 87
   Out of Stock: 2417
──────────────────────────────────────────────────
💰 [1:19:01 PM] TXN-1787897941265-201-938676
   Outlet 201 | Staff: None | 1 items | S$11.80
   🚨 OUT OF STOCK: LMT_MIE_GORENG
🛒 [1:19:07 PM] TXN-1787897947304-171-348489
   Outlet 171 | Staff: Chua Kai Xin | 3 items | S$41.30
   🚨 OUT OF STOCK: MNL_KWAY_TEOW, BEV_MILO, LMT_PRAWN_CRACKERS
💰 [1:19:13 PM] TXN-1787897953831-201-824939
   Outlet 201 | Staff: None | 2 items | S$18.29
   🚨 OUT OF STOCK: LMT_ROTI_CANAI, BEV_ORANGE_JUICE
💰 [1:19:20 PM] TXN-1787897960271-202-265232
   Outlet 202 | Staff: None | 2 items | S$36.58
   🚨 OUT OF STOCK: MNL_CHICKEN_RICE, BEV_LATTE
💰 [1:19:26 PM] TXN-1787897966698-201-271259
   Outlet 201 | Staff: None | 2 items | S$17.11
   🚨 OUT OF STOCK: BEV_KOPI_O, LMT_ROTI_CANAI
💰 [1:19:33 PM] TXN-1787897973087-167-920663
   Outlet 167 | Staff: Muhd Danish Bin Razak | 2 items | S$24.19
   🚨 OUT OF STOCK: LMT_NASI_GORENG, BEV_LATTE
🛒 [1:19:39 PM] TXN-1787897979373-165-411566
   Outlet 165 | Staff: Tan Wei Ming | 5 items | S$63.13
   🚨 OUT OF STOCK: BEV_KOPI_O, BEV_LATTE, LMT_ROTI_CANAI, BEV_LATTE, BEV_MILO
💰 [1:19:46 PM] TXN-1787897986453-201-676130
   Outlet 201 | Staff: None | 1 items | S$18.88
   🚨 OUT OF STOCK: MNL_BEEG_HOON
🛒 [1:19:52 PM] TXN-1787897992489-167-318395
   Outlet 167 | Staff: Nurul Huda Bte Ali | 4 items | S$56.64
   🚨 OUT OF STOCK: BEV_KOPI_O, MNL_BEEG_HOON, BEV_LATTE, BEV_LATTE
💰 [1:19:59 PM] TXN-1787897999331-171-738319
   Outlet 171 | Staff: Muhd Danish Bin Razak | 2 items | S$27.14
   🚨 OUT OF STOCK: MNL_BEEG_HOON, BEV_MILO

📊 STATS:
   Total Sales: 2440
   Total Revenue: S$98781.34
   Avg Ticket: S$40.48
   Low Stock Alerts: 87
   Out of Stock: 2427
──────────────────────────────────────────────────
🛒 [1:20:05 PM] TXN-1787898005689-164-812183
   Outlet 164 | Staff: Chua Kai Xin | 3 items | S$41.89
   🚨 OUT OF STOCK: BEV_KOPI_O, BEV_ORANGE_JUICE, BEV_MILO
💰 [1:20:12 PM] TXN-1787898012227-164-434475
   Outlet 164 | Staff: Rajesh Kumar | 1 items | S$11.80
   🚨 OUT OF STOCK: LMT_MIE_GORENG
💰 [1:20:18 PM] TXN-1787898018346-167-542939
   Outlet 167 | Staff: Nurul Huda Bte Ali | 1 items | S$9.44
   🚨 OUT OF STOCK: LMT_ROTI_CANAI
🛒 [1:20:24 PM] TXN-1787898024415-201-496797
   Outlet 201 | Staff: None | 5 items | S$71.39
   🚨 OUT OF STOCK: LMT_SATE, BEV_MILO, BEV_ICED_TEA, BEV_ORANGE_JUICE, MNL_KWAY_TEOW
🛒 [1:20:31 PM] TXN-1787898031660-169-180689
   Outlet 169 | Staff: Ng Jun Hao | 5 items | S$65.49
   🚨 OUT OF STOCK: BEV_MILO, BEV_ORANGE_JUICE, MNL_RICE_BOWL, MNL_BEEG_HOON, BEV_MILO
🛒 [1:20:38 PM] TXN-1787898038908-201-194092
   Outlet 201 | Staff: None | 3 items | S$30.68
   🚨 OUT OF STOCK: BEV_LATTE, BEV_ICED_TEA, BEV_KOPI_O
🛒 [1:20:45 PM] TXN-1787898045645-201-515438
   Outlet 201 | Staff: None | 4 items | S$36.58
   🚨 OUT OF STOCK: LMT_PRAWN_CRACKERS, BEV_ORANGE_JUICE, BEV_LATTE, BEV_ICED_TEA
🛒 [1:20:52 PM] TXN-1787898052699-164-194546
   Outlet 164 | Staff: Chua Kai Xin | 3 items | S$46.02
   🚨 OUT OF STOCK: MNL_KWAY_TEOW, BEV_KOPI_O, BEV_KOPI_O
💰 [1:20:59 PM] TXN-1787898059309-164-920625
   Outlet 164 | Staff: Ahmad Faiz Bin Hassan | 1 items | S$7.67
   🚨 OUT OF STOCK: BEV_KOPI_O
💰 [1:21:05 PM] TXN-1787898065386-201-254407
   Outlet 201 | Staff: None | 2 items | S$25.96
   🚨 OUT OF STOCK: LMT_ROTI_CANAI, BEV_MILO

📊 STATS:
   Total Sales: 2450
   Total Revenue: S$99128.26
   Avg Ticket: S$40.46
   Low Stock Alerts: 87
   Out of Stock: 2437
──────────────────────────────────────────────────
💰 [1:21:11 PM] TXN-1787898071812-164-246715
   Outlet 164 | Staff: Nurul Huda Bte Ali | 2 items | S$34.81
   🚨 OUT OF STOCK: MNL_LAKSA, BEV_MILO
🛒 [1:21:18 PM] TXN-1787898078092-168-797855
   Outlet 168 | Staff: Nurul Huda Bte Ali | 5 items | S$83.19
   🚨 OUT OF STOCK: LMT_PRAWN_CRACKERS, BEV_ORANGE_JUICE, BEV_KOPI_O, MNL_BEEG_HOON, BEV_KOPI_O
💰 [1:21:25 PM] TXN-1787898085384-200-457465
   Outlet 200 | Staff: Priya D/O Mani | 2 items | S$26.55
   ❌ Webhook failed: 408
💰 [1:21:35 PM] TXN-1787898095478-202-209024
   Outlet 202 | Staff: None | 1 items | S$11.80
   🚨 OUT OF STOCK: LMT_MIE_GORENG
🛒 [1:21:41 PM] TXN-1787898101551-164-340912
   Outlet 164 | Staff: Ahmad Faiz Bin Hassan | 4 items | S$55.46
   🚨 OUT OF STOCK: BEV_ICED_TEA, BEV_ICED_TEA, BEV_ORANGE_JUICE, MNL_LAKSA
💰 [1:21:48 PM] TXN-1787898108349-168-370561
   Outlet 168 | Staff: Li Ying Zhi | 1 items | S$8.26
   🚨 OUT OF STOCK: BEV_MILO
🛒 [1:21:54 PM] TXN-1787898114356-201-400801
   Outlet 201 | Staff: None | 5 items | S$69.03
   🚨 OUT OF STOCK: MNL_RICE_BOWL, BEV_ICED_TEA, BEV_MILO, BEV_MILO, BEV_LATTE
💰 [1:22:01 PM] TXN-1787898121427-168-636944
   Outlet 168 | Staff: Lee Jia En | 1 items | S$18.29
   🚨 OUT OF STOCK: MNL_LAKSA
🛒 [1:22:07 PM] TXN-1787898127539-202-330488
   Outlet 202 | Staff: None | 4 items | S$45.43
   🚨 OUT OF STOCK: BEV_MILO, BEV_ICED_TEA, BEV_ORANGE_JUICE, MNL_KWAY_TEOW
💰 [1:22:14 PM] TXN-1787898134548-200-852157
   Outlet 200 | Staff: Priya D/O Mani | 1 items | S$14.16
   🚨 OUT OF STOCK: LMT_NASI_GORENG

📊 STATS:
   Total Sales: 2460
   Total Revenue: S$99495.24
   Avg Ticket: S$40.45
   Low Stock Alerts: 87
   Out of Stock: 2446
──────────────────────────────────────────────────
🛒 [1:22:20 PM] TXN-1787898140567-167-662280
   Outlet 167 | Staff: Ng Jun Hao | 5 items | S$72.57
   🚨 OUT OF STOCK: LMT_MIE_GORENG, BEV_LATTE, BEV_MILO, MNL_BEEG_HOON, BEV_KOPI_O
🛒 [1:22:27 PM] TXN-1787898147883-171-221407
   Outlet 171 | Staff: Chua Kai Xin | 5 items | S$58.41
   🚨 OUT OF STOCK: LMT_ROTI_CANAI, BEV_MILO, BEV_KOPI_O, BEV_MILO, BEV_ORANGE_JUICE
💰 [1:22:35 PM] TXN-1787898155077-201-719139
   Outlet 201 | Staff: None | 2 items | S$27.14
   🚨 OUT OF STOCK: MNL_LAKSA, BEV_ORANGE_JUICE
🛒 [1:22:41 PM] TXN-1787898161427-169-888436
   Outlet 169 | Staff: Ng Jun Hao | 5 items | S$71.39
   🚨 OUT OF STOCK: MNL_RICE_BOWL, BEV_KOPI_O, BEV_ORANGE_JUICE, BEV_KOPI_O, BEV_ORANGE_JUICE
🛒 [1:22:48 PM] TXN-1787898168533-171-255965
   Outlet 171 | Staff: Priya D/O Mani | 4 items | S$51.33
   🚨 OUT OF STOCK: BEV_ORANGE_JUICE, BEV_ORANGE_JUICE, BEV_MILO, BEV_MILO
💰 [1:22:55 PM] TXN-1787898175637-201-779774
   Outlet 201 | Staff: None | 1 items | S$6.49
   🚨 OUT OF STOCK: BEV_ICED_TEA
🛒 [1:23:01 PM] TXN-1787898181627-164-536312
   Outlet 164 | Staff: Tan Jia Min | 3 items | S$45.43
   🚨 OUT OF STOCK: MNL_KWAY_TEOW, LMT_MIE_GORENG, BEV_ICED_TEA
💰 [1:23:08 PM] TXN-1787898188131-169-881747
   Outlet 169 | Staff: Ng Jun Hao | 1 items | S$9.44
   🚨 OUT OF STOCK: LMT_ROTI_CANAI
💰 [1:23:14 PM] TXN-1787898194501-164-885484
   Outlet 164 | Staff: Priya D/O Mani | 1 items | S$18.88
   🚨 OUT OF STOCK: MNL_BEEG_HOON
🛒 [1:23:20 PM] TXN-1787898200604-164-190649
   Outlet 164 | Staff: Ong Wei Jian | 5 items | S$79.65
   🚨 OUT OF STOCK: LMT_MIE_GORENG, BEV_MILO, LMT_ROTI_CANAI, MNL_CHICKEN_RICE, BEV_KOPI_O

📊 STATS:
   Total Sales: 2470
   Total Revenue: S$99935.97
   Avg Ticket: S$40.46
   Low Stock Alerts: 87
   Out of Stock: 2456
──────────────────────────────────────────────────
🛒 [1:23:27 PM] TXN-1787898207636-200-273007
   Outlet 200 | Staff: Kumar Sanjay | 3 items | S$29.50
   🚨 OUT OF STOCK: BEV_MILO, BEV_MILO, LMT_PRAWN_CRACKERS
💰 [1:23:34 PM] TXN-1787898214252-165-202905
   Outlet 165 | Staff: Ng Jun Hao | 2 items | S$14.75
   🚨 OUT OF STOCK: BEV_MILO, BEV_ICED_TEA
🛒 [1:23:40 PM] TXN-1787898220566-168-612865
   Outlet 168 | Staff: Nurul Huda Bte Ali | 3 items | S$53.10
   🚨 OUT OF STOCK: MNL_KWAY_TEOW, BEV_ORANGE_JUICE, BEV_LATTE
🛒 [1:23:47 PM] TXN-1787898227109-201-663353
   Outlet 201 | Staff: None | 5 items | S$63.13
   🚨 OUT OF STOCK: BEV_ORANGE_JUICE, BEV_ORANGE_JUICE, BEV_ORANGE_JUICE, BEV_ORANGE_JUICE, MNL_BEEG_HOON
🛒 [1:23:54 PM] TXN-1787898234266-201-874718
   Outlet 201 | Staff: None | 4 items | S$50.15
   🚨 OUT OF STOCK: MNL_LAKSA, BEV_ICED_TEA, BEV_LATTE, BEV_KOPI_O
🛒 [1:24:01 PM] TXN-1787898241270-201-783499
   Outlet 201 | Staff: None | 4 items | S$69.03
   🚨 OUT OF STOCK: LMT_MIE_GORENG, BEV_ICED_TEA, MNL_LAKSA, LMT_NASI_GORENG
🛒 [1:24:08 PM] TXN-1787898248137-201-291267
   Outlet 201 | Staff: None | 3 items | S$52.51
   🚨 OUT OF STOCK: BEV_ORANGE_JUICE, LMT_SATE, BEV_MILO
💰 [1:24:18 PM] TXN-1787898258255-167-377887
   Outlet 167 | Staff: Tan Wei Ming | 1 items | S$6.49
   🚨 OUT OF STOCK: BEV_ICED_TEA
🛒 [1:24:24 PM] TXN-1787898264422-164-443952
   Outlet 164 | Staff: Nurul Huda Bte Ali | 3 items | S$45.43
   🚨 OUT OF STOCK: LMT_SATE, BEV_LATTE, BEV_KOPI_O
🛒 [1:24:30 PM] TXN-1787898270964-168-245211
   Outlet 168 | Staff: Priya D/O Mani | 5 items | S$61.36
   🚨 OUT OF STOCK: LMT_MIE_GORENG, BEV_ORANGE_JUICE, BEV_ICED_TEA, BEV_ORANGE_JUICE, LMT_ROTI_CANAI

📊 STATS:
   Total Sales: 2480
   Total Revenue: S$100381.42
   Avg Ticket: S$40.48
   Low Stock Alerts: 87
   Out of Stock: 2466
──────────────────────────────────────────────────
🛒 [1:24:37 PM] TXN-1787898277987-164-173303
   Outlet 164 | Staff: Batch Staff 1 | 5 items | S$72.57
   🚨 OUT OF STOCK: MNL_CHICKEN_RICE, BEV_KOPI_O, BEV_LATTE, BEV_ICED_TEA, BEV_KOPI_O
🛒 [1:24:45 PM] TXN-1787898285088-169-387946
   Outlet 169 | Staff: Lee Jia En | 5 items | S$54.87
   🚨 OUT OF STOCK: LMT_NASI_GORENG, BEV_ICED_TEA, BEV_MILO, BEV_MILO, BEV_ORANGE_JUICE
💰 [1:24:52 PM] TXN-1787898292308-167-133413
   Outlet 167 | Staff: Sanjay S/O Ramesh | 2 items | S$25.37
   🚨 OUT OF STOCK: BEV_ORANGE_JUICE, BEV_MILO
🛒 [1:24:58 PM] TXN-1787898298650-168-353643
   Outlet 168 | Staff: Priya D/O Mani | 5 items | S$90.86
   🚨 OUT OF STOCK: LMT_ROTI_CANAI, MNL_KWAY_TEOW, BEV_ORANGE_JUICE, BEV_KOPI_O, BEV_ORANGE_JUICE
🛒 [1:25:06 PM] TXN-1787898306245-201-251597
   Outlet 201 | Staff: None | 4 items | S$63.72
   🚨 OUT OF STOCK: BEV_KOPI_O, MNL_CHICKEN_RICE, BEV_KOPI_O, BEV_KOPI_O
💰 [1:25:13 PM] TXN-1787898313343-200-684705
   Outlet 200 | Staff: Priya D/O Mani | 2 items | S$20.06
   🚨 OUT OF STOCK: LMT_PRAWN_CRACKERS, BEV_KOPI_O
🛒 [1:25:19 PM] TXN-1787898319728-170-231386
   Outlet 170 | Staff: Tan Wei Ming | 5 items | S$58.41
   ⚠️ LOW STOCK: LMT_PRAWN_CRACKERS
   🚨 OUT OF STOCK: BEV_KOPI_O, BEV_MILO, BEV_KOPI_O, BEV_ICED_TEA
💰 [1:25:27 PM] TXN-1787898327631-201-225307
   Outlet 201 | Staff: None | 2 items | S$31.86
   🚨 OUT OF STOCK: LMT_NASI_GORENG, BEV_ORANGE_JUICE
💰 [1:25:33 PM] TXN-1787898333973-169-535710
   Outlet 169 | Staff: Tan Wei Ming | 2 items | S$21.83
   🚨 OUT OF STOCK: MNL_RICE_BOWL, BEV_ORANGE_JUICE
💰 [1:25:40 PM] TXN-1787898340391-200-448675
   Outlet 200 | Staff: Kumar Sanjay | 1 items | S$16.52
   🚨 OUT OF STOCK: MNL_CHICKEN_RICE

📊 STATS:
   Total Sales: 2490
   Total Revenue: S$100837.49
   Avg Ticket: S$40.50
   Low Stock Alerts: 88
   Out of Stock: 2476
──────────────────────────────────────────────────
💰 [1:25:46 PM] TXN-1787898346358-202-968058
   Outlet 202 | Staff: None | 1 items | S$18.88
   🚨 OUT OF STOCK: MNL_BEEG_HOON
🛒 [1:25:52 PM] TXN-1787898352499-169-538326
   Outlet 169 | Staff: Ng Jun Hao | 4 items | S$74.93
   🚨 OUT OF STOCK: BEV_ORANGE_JUICE, LMT_NASI_GORENG, LMT_NASI_GORENG, LMT_MIE_GORENG
🛒 [1:25:59 PM] TXN-1787898359452-200-730525
   Outlet 200 | Staff: Priya D/O Mani | 5 items | S$60.18
   🚨 OUT OF STOCK: MNL_BEEG_HOON, BEV_KOPI_O, MNL_KWAY_TEOW, LMT_MIE_GORENG, BEV_ICED_TEA
💰 [1:26:06 PM] TXN-1787898366749-201-718877
   Outlet 201 | Staff: None | 2 items | S$21.24
   🚨 OUT OF STOCK: LMT_ROTI_CANAI, LMT_MIE_GORENG
💰 [1:26:13 PM] TXN-1787898373065-171-953360
   Outlet 171 | Staff: Lee Jia En | 1 items | S$17.70
   🚨 OUT OF STOCK: LMT_SATE
🛒 [1:26:19 PM] TXN-1787898379149-201-131610
   Outlet 201 | Staff: None | 5 items | S$73.16
   🚨 OUT OF STOCK: LMT_NASI_GORENG, BEV_ORANGE_JUICE, BEV_ICED_TEA, BEV_KOPI_O, LMT_NASI_GORENG
💰 [1:26:26 PM] TXN-1787898386157-171-736349
   Outlet 171 | Staff: Rajesh Kumar | 2 items | S$26.55
   🚨 OUT OF STOCK: BEV_LATTE, BEV_MILO
🛒 [1:26:32 PM] TXN-1787898392516-201-558872
   Outlet 201 | Staff: None | 5 items | S$79.06
   🚨 OUT OF STOCK: MNL_BEEG_HOON, LMT_MIE_GORENG, BEV_MILO, BEV_MILO, BEV_LATTE
🛒 [1:26:39 PM] TXN-1787898399798-169-368297
   Outlet 169 | Staff: Muhd Danish Bin Razak | 3 items | S$32.45
   🚨 OUT OF STOCK: MNL_RICE_BOWL, BEV_ICED_TEA, BEV_ICED_TEA
🛒 [1:26:46 PM] TXN-1787898406874-170-921398
   Outlet 170 | Staff: Ng Jun Hao | 5 items | S$69.62
   🚨 OUT OF STOCK: MNL_CHICKEN_RICE, BEV_MILO, BEV_MILO, BEV_ICED_TEA, BEV_KOPI_O

📊 STATS:
   Total Sales: 2500
   Total Revenue: S$101311.26
   Avg Ticket: S$40.52
   Low Stock Alerts: 88
   Out of Stock: 2486
──────────────────────────────────────────────────
💰 [1:26:53 PM] TXN-1787898413977-201-396152
   Outlet 201 | Staff: None | 1 items | S$6.49
   🚨 OUT OF STOCK: BEV_ICED_TEA
🛒 [1:27:00 PM] TXN-1787898420137-169-556238
   Outlet 169 | Staff: Muhd Danish Bin Razak | 5 items | S$54.28
   🚨 OUT OF STOCK: LMT_PRAWN_CRACKERS, BEV_ORANGE_JUICE, BEV_KOPI_O, BEV_KOPI_O, BEV_ORANGE_JUICE
🛒 [1:27:07 PM] TXN-1787898427163-169-153780
   Outlet 169 | Staff: Ng Jun Hao | 3 items | S$46.61
   🚨 OUT OF STOCK: MNL_LAKSA, BEV_ICED_TEA, BEV_KOPI_O
🛒 [1:27:13 PM] TXN-1787898433721-164-254840
   Outlet 164 | Staff: Rajesh Kumar | 5 items | S$55.46
   🚨 OUT OF STOCK: LMT_SATE, BEV_MILO, BEV_MILO, BEV_ICED_TEA, BEV_MILO
🛒 [1:27:20 PM] TXN-1787898440995-164-690387
   Outlet 164 | Staff: Ng Jun Hao | 3 items | S$37.17
   🚨 OUT OF STOCK: LMT_NASI_GORENG, BEV_KOPI_O, BEV_KOPI_O
🛒 [1:27:27 PM] TXN-1787898447717-169-383529
   Outlet 169 | Staff: Tan Wei Ming | 3 items | S$41.89
   🚨 OUT OF STOCK: BEV_ICED_TEA, MNL_RICE_BOWL, LMT_ROTI_CANAI
🛒 [1:27:34 PM] TXN-1787898454302-164-746200
   Outlet 164 | Staff: Nurul Huda Bte Ali | 3 items | S$38.35
   🚨 OUT OF STOCK: MNL_BEEG_HOON, BEV_ICED_TEA, BEV_ICED_TEA
🛒 [1:27:40 PM] TXN-1787898460880-164-303265
   Outlet 164 | Staff: Ahmad Faiz Bin Hassan | 5 items | S$54.87
   🚨 OUT OF STOCK: BEV_LATTE, BEV_MILO, BEV_LATTE, BEV_MILO, BEV_MILO
🛒 [1:27:48 PM] TXN-1787898468006-169-276496
   Outlet 169 | Staff: Sanjay S/O Ramesh | 5 items | S$77.88
   🚨 OUT OF STOCK: MNL_LAKSA, LMT_SATE, BEV_ORANGE_JUICE, BEV_KOPI_O, BEV_MILO
🛒 [1:27:55 PM] TXN-1787898475554-167-521856
   Outlet 167 | Staff: Tan Wei Ming | 5 items | S$69.03
   🚨 OUT OF STOCK: BEV_LATTE, BEV_KOPI_O, BEV_LATTE, MNL_LAKSA, BEV_KOPI_O

📊 STATS:
   Total Sales: 2510
   Total Revenue: S$101793.29
   Avg Ticket: S$40.56
   Low Stock Alerts: 88
   Out of Stock: 2496
──────────────────────────────────────────────────
💰 [1:28:02 PM] TXN-1787898482929-164-593169
   Outlet 164 | Staff: Nurul Huda Bte Ali | 2 items | S$21.24
   ⚠️ LOW STOCK: LMT_PRAWN_CRACKERS
   🚨 OUT OF STOCK: MNL_CHICKEN_RICE
💰 [1:28:09 PM] TXN-1787898489356-171-442854
   Outlet 171 | Staff: Chua Kai Xin | 1 items | S$18.88
   🚨 OUT OF STOCK: MNL_BEEG_HOON
🛒 [1:28:15 PM] TXN-1787898495525-202-200545
   Outlet 202 | Staff: None | 5 items | S$70.21
   🚨 OUT OF STOCK: MNL_BEEG_HOON, BEV_ICED_TEA, BEV_ICED_TEA, LMT_MIE_GORENG, BEV_MILO
🛒 [1:28:22 PM] TXN-1787898502845-168-418207
   Outlet 168 | Staff: Li Ying Zhi | 5 items | S$66.67
   🚨 OUT OF STOCK: MNL_LAKSA, BEV_KOPI_O, BEV_KOPI_O, BEV_ORANGE_JUICE, BEV_ORANGE_JUICE
🛒 [1:28:30 PM] TXN-1787898510100-167-984629
   Outlet 167 | Staff: Sanjay S/O Ramesh | 5 items | S$58.41
   🚨 OUT OF STOCK: BEV_KOPI_O, BEV_ICED_TEA, LMT_ROTI_CANAI, BEV_ICED_TEA, MNL_KWAY_TEOW
🛒 [1:28:37 PM] TXN-1787898517292-165-382128
   Outlet 165 | Staff: Muhd Danish Bin Razak | 4 items | S$57.82
   🚨 OUT OF STOCK: LMT_SATE, MNL_KWAY_TEOW, BEV_MILO, BEV_MILO
🛒 [1:28:44 PM] TXN-1787898524240-169-198824
   Outlet 169 | Staff: Muhd Danish Bin Razak | 5 items | S$69.62
   🚨 OUT OF STOCK: MNL_CHICKEN_RICE, BEV_LATTE, LMT_SATE, BEV_ORANGE_JUICE, BEV_MILO
🛒 [1:28:51 PM] TXN-1787898531500-200-452805
   Outlet 200 | Staff: Priya D/O Mani | 5 items | S$64.90
   🚨 OUT OF STOCK: MNL_RICE_BOWL, BEV_KOPI_O, BEV_LATTE, BEV_ORANGE_JUICE, BEV_KOPI_O
💰 [1:28:58 PM] TXN-1787898538632-170-310351
   Outlet 170 | Staff: Ng Jun Hao | 1 items | S$6.49
   🚨 OUT OF STOCK: BEV_ICED_TEA
🛒 [1:29:04 PM] TXN-1787898544768-200-792113
   Outlet 200 | Staff: Kumar Sanjay | 3 items | S$40.12
   🚨 OUT OF STOCK: LMT_PRAWN_CRACKERS, BEV_KOPI_O, BEV_LATTE

📊 STATS:
   Total Sales: 2520
   Total Revenue: S$102267.65
   Avg Ticket: S$40.58
   Low Stock Alerts: 89
   Out of Stock: 2506
──────────────────────────────────────────────────
🛒 [1:29:11 PM] TXN-1787898551327-164-408769
   Outlet 164 | Staff: Chua Kai Xin | 3 items | S$33.04
   🚨 OUT OF STOCK: BEV_KOPI_O, BEV_ORANGE_JUICE, BEV_KOPI_O
💰 [1:29:17 PM] TXN-1787898557929-200-130311
   Outlet 200 | Staff: Kumar Sanjay | 2 items | S$34.81
   🚨 OUT OF STOCK: MNL_LAKSA, BEV_MILO
🛒 [1:29:24 PM] TXN-1787898564258-169-566110
   Outlet 169 | Staff: Muhd Danish Bin Razak | 4 items | S$63.13
   🚨 OUT OF STOCK: LMT_SATE, BEV_ORANGE_JUICE, LMT_MIE_GORENG, MNL_RICE_BOWL
💰 [1:29:31 PM] TXN-1787898571147-164-139831
   Outlet 164 | Staff: Ong Wei Jian | 2 items | S$17.70
   🚨 OUT OF STOCK: BEV_LATTE, BEV_KOPI_O
🛒 [1:29:37 PM] TXN-1787898577503-200-298402
   Outlet 200 | Staff: Priya D/O Mani | 3 items | S$24.19
   🚨 OUT OF STOCK: BEV_MILO, BEV_KOPI_O, BEV_MILO
💰 [1:29:44 PM] TXN-1787898584089-201-979425
   Outlet 201 | Staff: None | 1 items | S$9.44
   🚨 OUT OF STOCK: LMT_ROTI_CANAI
💰 [1:29:50 PM] TXN-1787898590305-165-665746
   Outlet 165 | Staff: Ng Jun Hao | 2 items | S$25.96
   🚨 OUT OF STOCK: MNL_LAKSA, BEV_KOPI_O
💰 [1:29:56 PM] TXN-1787898596685-167-206683
   Outlet 167 | Staff: Muhd Danish Bin Razak | 1 items | S$11.80
   🚨 OUT OF STOCK: LMT_MIE_GORENG
🛒 [1:30:03 PM] TXN-1787898603081-169-960122
   Outlet 169 | Staff: Muhd Danish Bin Razak | 3 items | S$33.04
   🚨 OUT OF STOCK: BEV_ICED_TEA, BEV_ICED_TEA, BEV_LATTE
🛒 [1:30:10 PM] TXN-1787898610082-201-497841
   Outlet 201 | Staff: None | 3 items | S$41.30
   🚨 OUT OF STOCK: LMT_ROTI_CANAI, BEV_KOPI_O, BEV_MILO

📊 STATS:
   Total Sales: 2530
   Total Revenue: S$102562.06
   Avg Ticket: S$40.54
   Low Stock Alerts: 89
   Out of Stock: 2516
──────────────────────────────────────────────────
🛒 [1:30:17 PM] TXN-1787898617202-202-167682
   Outlet 202 | Staff: None | 3 items | S$39.53
   🚨 OUT OF STOCK: MNL_RICE_BOWL, BEV_LATTE, BEV_MILO
💰 [1:30:23 PM] TXN-1787898623961-200-272997
   Outlet 200 | Staff: Kumar Sanjay | 1 items | S$15.34
   🚨 OUT OF STOCK: MNL_KWAY_TEOW
🛒 [1:30:30 PM] TXN-1787898630130-202-476340
   Outlet 202 | Staff: None | 4 items | S$46.02
   🚨 OUT OF STOCK: MNL_LAKSA, BEV_LATTE, BEV_KOPI_O, BEV_LATTE
🛒 [1:30:37 PM] TXN-1787898637160-170-995062
   Outlet 170 | Staff: Rajesh Kumar | 5 items | S$103.84
   🚨 OUT OF STOCK: LMT_NASI_GORENG, BEV_ORANGE_JUICE, MNL_RICE_BOWL, BEV_MILO, MNL_BEEG_HOON
🛒 [1:30:44 PM] TXN-1787898644486-164-442189
   Outlet 164 | Staff: Chua Kai Xin | 4 items | S$37.17
   🚨 OUT OF STOCK: BEV_KOPI_O, BEV_ICED_TEA, BEV_KOPI_O, BEV_ORANGE_JUICE
💰 [1:30:51 PM] TXN-1787898651490-164-170808
   Outlet 164 | Staff: Nurul Huda Bte Ali | 1 items | S$7.67
   🚨 OUT OF STOCK: BEV_KOPI_O
💰 [1:30:57 PM] TXN-1787898657645-164-172178
   Outlet 164 | Staff: Batch Staff 1 | 1 items | S$16.52
   🚨 OUT OF STOCK: MNL_CHICKEN_RICE
💰 [1:31:03 PM] TXN-1787898663748-171-776222
   Outlet 171 | Staff: Priya D/O Mani | 2 items | S$38.94
   🚨 OUT OF STOCK: MNL_BEEG_HOON, BEV_LATTE
🛒 [1:31:10 PM] TXN-1787898670284-169-686384
   Outlet 169 | Staff: Koh Jia Yi | 3 items | S$27.14
   🚨 OUT OF STOCK: BEV_MILO, BEV_LATTE, BEV_ORANGE_JUICE
💰 [1:31:17 PM] TXN-1787898677057-165-142789
   Outlet 165 | Staff: Lee Jia En | 1 items | S$9.44
   🚨 OUT OF STOCK: LMT_ROTI_CANAI

📊 STATS:
   Total Sales: 2540
   Total Revenue: S$102903.67
   Avg Ticket: S$40.51
   Low Stock Alerts: 89
   Out of Stock: 2526
──────────────────────────────────────────────────
💰 [1:31:23 PM] TXN-1787898683193-202-789597
   Outlet 202 | Staff: None | 1 items | S$4.72
   🚨 OUT OF STOCK: LMT_PRAWN_CRACKERS
🛒 [1:31:29 PM] TXN-1787898689315-169-380809
   Outlet 169 | Staff: Muhd Danish Bin Razak | 5 items | S$52.51
   🚨 OUT OF STOCK: BEV_KOPI_O, BEV_ORANGE_JUICE, BEV_ICED_TEA, BEV_ICED_TEA, MNL_CHICKEN_RICE
🛒 [1:31:36 PM] TXN-1787898696575-171-626891
   Outlet 171 | Staff: Nur Aisyah | 3 items | S$63.72
   🚨 OUT OF STOCK: LMT_NASI_GORENG, MNL_LAKSA, BEV_ICED_TEA
🛒 [1:31:43 PM] TXN-1787898703268-200-142328
   Outlet 200 | Staff: Syaza Aina | 5 items | S$68.44
   🚨 OUT OF STOCK: LMT_MIE_GORENG, BEV_ICED_TEA, BEV_MILO, BEV_ORANGE_JUICE, MNL_LAKSA
💰 [1:31:50 PM] TXN-1787898710518-202-682190
   Outlet 202 | Staff: None | 2 items | S$28.32
   🚨 OUT OF STOCK: LMT_NASI_GORENG, LMT_NASI_GORENG
💰 [1:31:56 PM] TXN-1787898716907-169-361702
   Outlet 169 | Staff: Koh Jia Yi | 2 items | S$23.01
   🚨 OUT OF STOCK: MNL_KWAY_TEOW, BEV_KOPI_O
💰 [1:32:03 PM] TXN-1787898723459-200-922418
   Outlet 200 | Staff: Syaza Aina | 1 items | S$9.44
   🚨 OUT OF STOCK: LMT_ROTI_CANAI
🛒 [1:32:09 PM] TXN-1787898729429-169-161092
   Outlet 169 | Staff: Ng Jun Hao | 4 items | S$67.85
   🚨 OUT OF STOCK: LMT_SATE, MNL_LAKSA, MNL_BEEG_HOON, BEV_ICED_TEA
🛒 [1:32:16 PM] TXN-1787898736410-171-664759
   Outlet 171 | Staff: Priya D/O Mani | 5 items | S$64.31
   🚨 OUT OF STOCK: BEV_MILO, BEV_ICED_TEA, BEV_KOPI_O, BEV_ORANGE_JUICE, BEV_LATTE
🛒 [1:32:23 PM] TXN-1787898743751-170-500408
   Outlet 170 | Staff: Muhd Danish Bin Razak | 5 items | S$56.05
   ⚠️ LOW STOCK: LMT_PRAWN_CRACKERS
   🚨 OUT OF STOCK: BEV_LATTE, BEV_KOPI_O, BEV_MILO, BEV_KOPI_O

📊 STATS:
   Total Sales: 2550
   Total Revenue: S$103342.04
   Avg Ticket: S$40.53
   Low Stock Alerts: 90
   Out of Stock: 2536
──────────────────────────────────────────────────
💰 [1:32:30 PM] TXN-1787898750961-201-642586
   Outlet 201 | Staff: None | 1 items | S$12.98
   🚨 OUT OF STOCK: MNL_RICE_BOWL
🛒 [1:32:37 PM] TXN-1787898757082-167-557628
   Outlet 167 | Staff: Lee Jia En | 4 items | S$50.15
   🚨 OUT OF STOCK: MNL_BEEG_HOON, BEV_KOPI_O, BEV_MILO, BEV_KOPI_O
💰 [1:32:43 PM] TXN-1787898763935-167-303579
   Outlet 167 | Staff: Muhd Danish Bin Razak | 2 items | S$18.88
   🚨 OUT OF STOCK: BEV_LATTE, BEV_ORANGE_JUICE
💰 [1:32:50 PM] TXN-1787898770346-202-620494
   Outlet 202 | Staff: None | 1 items | S$6.49
   🚨 OUT OF STOCK: BEV_ICED_TEA
🛒 [1:32:56 PM] TXN-1787898776496-169-735208
   Outlet 169 | Staff: Lee Jia En | 4 items | S$43.66
   🚨 OUT OF STOCK: BEV_KOPI_O, BEV_KOPI_O, BEV_ICED_TEA, MNL_KWAY_TEOW
🛒 [1:33:03 PM] TXN-1787898783378-168-944711
   Outlet 168 | Staff: Lee Jia En | 3 items | S$37.17
   🚨 OUT OF STOCK: BEV_ORANGE_JUICE, BEV_MILO, BEV_LATTE
🛒 [1:33:09 PM] TXN-1787898789976-201-420345
   Outlet 201 | Staff: None | 5 items | S$44.25
   🚨 OUT OF STOCK: MNL_CHICKEN_RICE, BEV_ICED_TEA, BEV_ICED_TEA, BEV_ICED_TEA, BEV_MILO
🛒 [1:33:17 PM] TXN-1787898797143-200-474451
   Outlet 200 | Staff: Syaza Aina | 3 items | S$35.99
   🚨 OUT OF STOCK: LMT_MIE_GORENG, BEV_ORANGE_JUICE, BEV_KOPI_O
💰 [1:33:23 PM] TXN-1787898803746-164-333532
   Outlet 164 | Staff: Rajesh Kumar | 1 items | S$17.70
   🚨 OUT OF STOCK: LMT_SATE
🛒 [1:33:29 PM] TXN-1787898809823-167-432819
   Outlet 167 | Staff: Nurul Huda Bte Ali | 3 items | S$52.51
   🚨 OUT OF STOCK: BEV_ORANGE_JUICE, BEV_ICED_TEA, MNL_KWAY_TEOW

📊 STATS:
   Total Sales: 2560
   Total Revenue: S$103661.82
   Avg Ticket: S$40.49
   Low Stock Alerts: 90
   Out of Stock: 2546
──────────────────────────────────────────────────
💰 [1:33:36 PM] TXN-1787898816474-200-486665
   Outlet 200 | Staff: Kumar Sanjay | 2 items | S$30.68
   🚨 OUT OF STOCK: LMT_SATE, BEV_ICED_TEA
🛒 [1:33:42 PM] TXN-1787898822827-171-991556
   Outlet 171 | Staff: Muhd Danish Bin Razak | 3 items | S$34.22
   🚨 OUT OF STOCK: LMT_MIE_GORENG, BEV_ICED_TEA, LMT_PRAWN_CRACKERS
🛒 [1:33:49 PM] TXN-1787898829409-168-552751
   Outlet 168 | Staff: Ng Jun Hao | 4 items | S$44.25
   🚨 OUT OF STOCK: LMT_ROTI_CANAI, LMT_MIE_GORENG, BEV_LATTE, BEV_ICED_TEA
🛒 [1:33:56 PM] TXN-1787898836551-170-137224
   Outlet 170 | Staff: Muhd Danish Bin Razak | 4 items | S$54.87
   🚨 OUT OF STOCK: LMT_ROTI_CANAI, BEV_LATTE, BEV_ORANGE_JUICE, BEV_MILO
🛒 [1:34:03 PM] TXN-1787898843574-167-140534
   Outlet 167 | Staff: Muhd Danish Bin Razak | 4 items | S$50.74
   🚨 OUT OF STOCK: MNL_LAKSA, BEV_KOPI_O, BEV_MILO, BEV_ORANGE_JUICE
🛒 [1:34:10 PM] TXN-1787898850359-200-945548
   Outlet 200 | Staff: Syaza Aina | 3 items | S$59.59
   🚨 OUT OF STOCK: BEV_KOPI_O, BEV_KOPI_O, MNL_LAKSA
💰 [1:34:16 PM] TXN-1787898856984-171-290593
   Outlet 171 | Staff: Muhd Danish Bin Razak | 1 items | S$6.49
   🚨 OUT OF STOCK: BEV_ICED_TEA
🛒 [1:34:23 PM] TXN-1787898863153-170-355175
   Outlet 170 | Staff: Tan Wei Ming | 5 items | S$51.33
   🚨 OUT OF STOCK: BEV_ORANGE_JUICE, BEV_KOPI_O, BEV_LATTE, BEV_ICED_TEA, BEV_MILO
💰 [1:34:30 PM] TXN-1787898870424-164-706793
   Outlet 164 | Staff: Chua Kai Xin | 1 items | S$11.80
   🚨 OUT OF STOCK: LMT_MIE_GORENG
🛒 [1:34:36 PM] TXN-1787898876513-201-260136
   Outlet 201 | Staff: None | 5 items | S$48.38
   🚨 OUT OF STOCK: BEV_MILO, BEV_LATTE, BEV_ORANGE_JUICE, BEV_KOPI_O, LMT_PRAWN_CRACKERS

📊 STATS:
   Total Sales: 2570
   Total Revenue: S$104054.17
   Avg Ticket: S$40.49
   Low Stock Alerts: 90
   Out of Stock: 2556
──────────────────────────────────────────────────
🛒 [1:34:43 PM] TXN-1787898883857-168-894143
   Outlet 168 | Staff: Chua Kai Xin | 5 items | S$67.26
   🚨 OUT OF STOCK: MNL_BEEG_HOON, BEV_MILO, BEV_ICED_TEA, LMT_PRAWN_CRACKERS, BEV_ORANGE_JUICE
🛒 [1:34:51 PM] TXN-1787898891271-171-106922
   Outlet 171 | Staff: Muhd Danish Bin Razak | 3 items | S$36.58
   🚨 OUT OF STOCK: BEV_MILO, BEV_MILO, BEV_LATTE
🛒 [1:34:58 PM] TXN-1787898898121-167-211087
   Outlet 167 | Staff: Ahmad Faiz Bin Hassan | 4 items | S$47.79
   🚨 OUT OF STOCK: BEV_MILO, BEV_ORANGE_JUICE, BEV_ICED_TEA, BEV_KOPI_O
🛒 [1:35:04 PM] TXN-1787898904931-171-585682
   Outlet 171 | Staff: Sanjay S/O Ramesh | 4 items | S$69.03
   🚨 OUT OF STOCK: LMT_NASI_GORENG, BEV_ORANGE_JUICE, MNL_KWAY_TEOW, BEV_ICED_TEA
🛒 [1:35:12 PM] TXN-1787898912752-200-152312
   Outlet 200 | Staff: Kumar Sanjay | 4 items | S$69.03
   🚨 OUT OF STOCK: LMT_MIE_GORENG, BEV_KOPI_O, MNL_CHICKEN_RICE, BEV_MILO
🛒 [1:35:20 PM] TXN-1787898920336-165-877772
   Outlet 165 | Staff: Ng Jun Hao | 5 items | S$53.10
   🚨 OUT OF STOCK: BEV_LATTE, BEV_MILO, BEV_ICED_TEA, BEV_LATTE, BEV_LATTE
🛒 [1:35:29 PM] TXN-1787898929043-200-804824
   Outlet 200 | Staff: Priya D/O Mani | 4 items | S$53.10
   🚨 OUT OF STOCK: MNL_KWAY_TEOW, BEV_KOPI_O, BEV_LATTE, BEV_LATTE
💰 [1:35:37 PM] TXN-1787898937332-170-206062
   Outlet 170 | Staff: Rajesh Kumar | 1 items | S$16.52
   🚨 OUT OF STOCK: MNL_CHICKEN_RICE
🛒 [1:35:44 PM] TXN-1787898944477-202-836799
   Outlet 202 | Staff: None | 5 items | S$50.15
   🚨 OUT OF STOCK: BEV_ORANGE_JUICE, LMT_NASI_GORENG, LMT_MIE_GORENG, BEV_KOPI_O, BEV_KOPI_O
🛒 [1:35:53 PM] TXN-1787898953274-167-399256
   Outlet 167 | Staff: Nurul Huda Bte Ali | 4 items | S$83.78
   🚨 OUT OF STOCK: LMT_MIE_GORENG, LMT_MIE_GORENG, MNL_KWAY_TEOW, MNL_CHICKEN_RICE

📊 STATS:
   Total Sales: 2580
   Total Revenue: S$104600.51
   Avg Ticket: S$40.54
   Low Stock Alerts: 90
   Out of Stock: 2566
──────────────────────────────────────────────────
💰 [1:36:01 PM] TXN-1787898961496-200-846380
   Outlet 200 | Staff: Priya D/O Mani | 1 items | S$4.72
   🚨 OUT OF STOCK: LMT_PRAWN_CRACKERS
🛒 [1:36:08 PM] TXN-1787898968225-201-303372
   Outlet 201 | Staff: None | 4 items | S$57.23
   🚨 OUT OF STOCK: BEV_KOPI_O, MNL_BEEG_HOON, BEV_ICED_TEA, LMT_SATE
💰 [1:36:16 PM] TXN-1787898976352-164-385769
   Outlet 164 | Staff: Tan Jia Min | 2 items | S$17.11
   ⚠️ LOW STOCK: LMT_PRAWN_CRACKERS
   🚨 OUT OF STOCK: BEV_KOPI_O
🛒 [1:36:22 PM] TXN-1787898982774-171-706735
   Outlet 171 | Staff: Chua Kai Xin | 4 items | S$53.69
   🚨 OUT OF STOCK: MNL_KWAY_TEOW, BEV_KOPI_O, BEV_ICED_TEA, BEV_ORANGE_JUICE
💰 [1:36:29 PM] TXN-1787898989995-168-267560
   Outlet 168 | Staff: Chua Kai Xin | 2 items | S$26.55
   🚨 OUT OF STOCK: BEV_ICED_TEA, BEV_LATTE
💰 [1:36:36 PM] TXN-1787898996393-164-662484
   Outlet 164 | Staff: Nurul Huda Bte Ali | 1 items | S$14.16
   🚨 OUT OF STOCK: LMT_NASI_GORENG
🛒 [1:36:42 PM] TXN-1787899002487-171-407893
   Outlet 171 | Staff: Sanjay S/O Ramesh | 5 items | S$81.42
   🚨 OUT OF STOCK: BEV_KOPI_O, BEV_ORANGE_JUICE, MNL_RICE_BOWL, BEV_LATTE, BEV_LATTE
🛒 [1:36:49 PM] TXN-1787899009593-200-417353
   Outlet 200 | Staff: Priya D/O Mani | 5 items | S$60.77
   🚨 OUT OF STOCK: LMT_ROTI_CANAI, MNL_KWAY_TEOW, BEV_ICED_TEA, BEV_KOPI_O, BEV_KOPI_O
🛒 [1:36:56 PM] TXN-1787899016728-165-306701
   Outlet 165 | Staff: Lee Jia En | 5 items | S$79.06
   🚨 OUT OF STOCK: LMT_MIE_GORENG, BEV_ORANGE_JUICE, LMT_NASI_GORENG, BEV_MILO, BEV_ICED_TEA
💰 [1:37:03 PM] TXN-1787899023910-165-805009
   Outlet 165 | Staff: Muhd Danish Bin Razak | 1 items | S$11.80
   🚨 OUT OF STOCK: LMT_MIE_GORENG

📊 STATS:
   Total Sales: 2590
   Total Revenue: S$105007.02
   Avg Ticket: S$40.54
   Low Stock Alerts: 91
   Out of Stock: 2576
──────────────────────────────────────────────────
💰 [1:37:09 PM] TXN-1787899029984-202-824271
   Outlet 202 | Staff: None | 1 items | S$15.34
   🚨 OUT OF STOCK: MNL_KWAY_TEOW
💰 [1:37:16 PM] TXN-1787899036047-168-790913
   Outlet 168 | Staff: Lee Jia En | 1 items | S$4.72
   🚨 OUT OF STOCK: LMT_PRAWN_CRACKERS
🛒 [1:37:22 PM] TXN-1787899042086-171-821963
   Outlet 171 | Staff: Tan Mei Hua | 4 items | S$70.80
   🚨 OUT OF STOCK: BEV_ORANGE_JUICE, LMT_MIE_GORENG, BEV_KOPI_O, MNL_KWAY_TEOW
💰 [1:37:29 PM] TXN-1787899049112-168-411513
   Outlet 168 | Staff: Chua Kai Xin | 1 items | S$18.88
   🚨 OUT OF STOCK: MNL_BEEG_HOON
🛒 [1:37:35 PM] TXN-1787899055164-170-228663
   Outlet 170 | Staff: Ng Jun Hao | 3 items | S$19.47
   ⚠️ LOW STOCK: LMT_PRAWN_CRACKERS, LMT_PRAWN_CRACKERS
   🚨 OUT OF STOCK: BEV_LATTE
💰 [1:37:42 PM] TXN-1787899062033-167-872689
   Outlet 167 | Staff: Ahmad Faiz Bin Hassan | 2 items | S$18.29
   🚨 OUT OF STOCK: LMT_ROTI_CANAI, BEV_ORANGE_JUICE
💰 [1:37:48 PM] TXN-1787899068313-167-521353
   Outlet 167 | Staff: Tan Wei Ming | 2 items | S$20.06
   🚨 OUT OF STOCK: BEV_LATTE, BEV_LATTE
💰 [1:37:54 PM] TXN-1787899074628-168-641677
   Outlet 168 | Staff: Tan Wei Ming | 1 items | S$14.16
   🚨 OUT OF STOCK: LMT_NASI_GORENG
🛒 [1:38:00 PM] TXN-1787899080715-164-454321
   Outlet 164 | Staff: Chua Kai Xin | 4 items | S$60.77
   🚨 OUT OF STOCK: MNL_BEEG_HOON, BEV_ORANGE_JUICE, LMT_ROTI_CANAI, LMT_MIE_GORENG
🛒 [1:38:07 PM] TXN-1787899087567-165-470345
   Outlet 165 | Staff: Ahmad Faiz Bin Hassan | 5 items | S$78.47
   🚨 OUT OF STOCK: LMT_NASI_GORENG, BEV_ORANGE_JUICE, BEV_ORANGE_JUICE, BEV_LATTE, BEV_ORANGE_JUICE

📊 STATS:
   Total Sales: 2600
   Total Revenue: S$105327.98
   Avg Ticket: S$40.51
   Low Stock Alerts: 92
   Out of Stock: 2586
──────────────────────────────────────────────────
🛒 [1:38:14 PM] TXN-1787899094695-165-308999
   Outlet 165 | Staff: Tan Wei Ming | 4 items | S$61.36
   🚨 OUT OF STOCK: MNL_LAKSA, BEV_LATTE, BEV_KOPI_O, BEV_KOPI_O
🛒 [1:38:21 PM] TXN-1787899101576-164-939925
   Outlet 164 | Staff: Rajesh Kumar | 5 items | S$59.59
   🚨 OUT OF STOCK: BEV_KOPI_O, BEV_KOPI_O, BEV_ORANGE_JUICE, BEV_KOPI_O, LMT_ROTI_CANAI
🛒 [1:38:28 PM] TXN-1787899108880-165-358327
   Outlet 165 | Staff: Lee Jia En | 4 items | S$56.05
   🚨 OUT OF STOCK: LMT_NASI_GORENG, BEV_MILO, BEV_LATTE, BEV_KOPI_O
💰 [1:38:35 PM] TXN-1787899115696-201-736700
   Outlet 201 | Staff: None | 1 items | S$15.34
   🚨 OUT OF STOCK: MNL_KWAY_TEOW
🛒 [1:38:41 PM] TXN-1787899121770-202-847831
   Outlet 202 | Staff: None | 3 items | S$36.58
   🚨 OUT OF STOCK: LMT_MIE_GORENG, BEV_MILO, BEV_MILO
💰 [1:38:48 PM] TXN-1787899128366-169-646402
   Outlet 169 | Staff: Muhd Danish Bin Razak | 1 items | S$17.70
   🚨 OUT OF STOCK: LMT_SATE
🛒 [1:38:54 PM] TXN-1787899134500-202-130145
   Outlet 202 | Staff: None | 4 items | S$35.99
   🚨 OUT OF STOCK: BEV_ORANGE_JUICE, MNL_RICE_BOWL, BEV_KOPI_O, BEV_ICED_TEA
🛒 [1:39:01 PM] TXN-1787899141458-165-400693
   Outlet 165 | Staff: Ng Jun Hao | 5 items | S$56.05
   🚨 OUT OF STOCK: BEV_ORANGE_JUICE, BEV_ICED_TEA, BEV_ORANGE_JUICE, MNL_BEEG_HOON, BEV_ICED_TEA
🛒 [1:39:08 PM] TXN-1787899148656-201-344862
   Outlet 201 | Staff: None | 5 items | S$50.15
   🚨 OUT OF STOCK: LMT_ROTI_CANAI, BEV_KOPI_O, BEV_ORANGE_JUICE, BEV_LATTE, BEV_ICED_TEA
💰 [1:39:15 PM] TXN-1787899155882-171-981532
   Outlet 171 | Staff: Nur Aisyah | 2 items | S$25.37
   🚨 OUT OF STOCK: LMT_SATE, BEV_KOPI_O

📊 STATS:
   Total Sales: 2610
   Total Revenue: S$105742.16
   Avg Ticket: S$40.51
   Low Stock Alerts: 92
   Out of Stock: 2596
──────────────────────────────────────────────────
💰 [1:39:22 PM] TXN-1787899162331-171-811567
   Outlet 171 | Staff: Chua Kai Xin | 1 items | S$12.98
   🚨 OUT OF STOCK: MNL_RICE_BOWL
🛒 [1:39:28 PM] TXN-1787899168380-201-190216
   Outlet 201 | Staff: None | 3 items | S$63.13
   🚨 OUT OF STOCK: LMT_SATE, MNL_LAKSA, BEV_ORANGE_JUICE
🛒 [1:39:34 PM] TXN-1787899174992-164-670902
   Outlet 164 | Staff: Rajesh Kumar | 3 items | S$39.53
   🚨 OUT OF STOCK: BEV_ORANGE_JUICE, BEV_KOPI_O, BEV_KOPI_O
💰 [1:39:41 PM] TXN-1787899181851-167-131880
   Outlet 167 | Staff: Ahmad Faiz Bin Hassan | 2 items | S$33.63
   🚨 OUT OF STOCK: BEV_LATTE, LMT_MIE_GORENG
🛒 [1:39:48 PM] TXN-1787899188245-165-853594
   Outlet 165 | Staff: Tan Wei Ming | 3 items | S$66.08
   🚨 OUT OF STOCK: LMT_MIE_GORENG, MNL_RICE_BOWL, LMT_NASI_GORENG
🛒 [1:39:54 PM] TXN-1787899194835-169-489122
   Outlet 169 | Staff: Ng Jun Hao | 4 items | S$52.51
   🚨 OUT OF STOCK: MNL_RICE_BOWL, BEV_KOPI_O, BEV_ORANGE_JUICE, MNL_KWAY_TEOW
🛒 [1:40:01 PM] TXN-1787899201903-170-717777
   Outlet 170 | Staff: Muhd Danish Bin Razak | 3 items | S$62.54
   🚨 OUT OF STOCK: MNL_LAKSA, MNL_BEEG_HOON, BEV_ICED_TEA
🛒 [1:40:08 PM] TXN-1787899208626-170-781280
   Outlet 170 | Staff: Tan Wei Ming | 5 items | S$70.80
   🚨 OUT OF STOCK: LMT_SATE, BEV_MILO, BEV_LATTE, BEV_ICED_TEA, BEV_LATTE
🛒 [1:40:15 PM] TXN-1787899215759-167-401301
   Outlet 167 | Staff: Ng Jun Hao | 3 items | S$40.71
   🚨 OUT OF STOCK: MNL_LAKSA, LMT_NASI_GORENG, BEV_MILO
💰 [1:40:22 PM] TXN-1787899222404-168-329992
   Outlet 168 | Staff: Tan Wei Ming | 2 items | S$21.83
   🚨 OUT OF STOCK: BEV_ICED_TEA, BEV_KOPI_O

📊 STATS:
   Total Sales: 2620
   Total Revenue: S$106205.90
   Avg Ticket: S$40.54
   Low Stock Alerts: 92
   Out of Stock: 2606
──────────────────────────────────────────────────
🛒 [1:40:28 PM] TXN-1787899228899-164-862498
   Outlet 164 | Staff: Nurul Huda Bte Ali | 3 items | S$38.94
   🚨 OUT OF STOCK: MNL_KWAY_TEOW, BEV_KOPI_O, BEV_MILO
🛒 [1:40:35 PM] TXN-1787899235404-168-506830
   Outlet 168 | Staff: Ng Jun Hao | 5 items | S$68.44
   🚨 OUT OF STOCK: LMT_SATE, MNL_RICE_BOWL, BEV_ICED_TEA, BEV_MILO, BEV_MILO
🛒 [1:40:42 PM] TXN-1787899242552-200-703354
   Outlet 200 | Staff: Kumar Sanjay | 4 items | S$41.89
   🚨 OUT OF STOCK: BEV_LATTE, BEV_ORANGE_JUICE, BEV_MILO, BEV_ICED_TEA
🛒 [1:40:49 PM] TXN-1787899249728-201-264542
   Outlet 201 | Staff: None | 5 items | S$69.03
   🚨 OUT OF STOCK: BEV_KOPI_O, MNL_RICE_BOWL, BEV_ICED_TEA, BEV_ORANGE_JUICE, BEV_LATTE
💰 [1:40:56 PM] TXN-1787899256867-167-127739
   Outlet 167 | Staff: Ahmad Faiz Bin Hassan | 1 items | S$14.16
   🚨 OUT OF STOCK: LMT_NASI_GORENG
🛒 [1:41:02 PM] TXN-1787899262874-167-735128
   Outlet 167 | Staff: Ahmad Faiz Bin Hassan | 3 items | S$36.58
   🚨 OUT OF STOCK: BEV_MILO, BEV_KOPI_O, MNL_RICE_BOWL
💰 [1:41:09 PM] TXN-1787899269641-167-584678
   Outlet 167 | Staff: Muhd Danish Bin Razak | 2 items | S$22.42
   🚨 OUT OF STOCK: LMT_PRAWN_CRACKERS, BEV_ORANGE_JUICE
🛒 [1:41:16 PM] TXN-1787899276187-168-771406
   Outlet 168 | Staff: Li Ying Zhi | 3 items | S$39.53
   🚨 OUT OF STOCK: BEV_ORANGE_JUICE, BEV_ICED_TEA, BEV_ORANGE_JUICE
🛒 [1:41:22 PM] TXN-1787899282739-201-642329
   Outlet 201 | Staff: None | 3 items | S$41.30
   🚨 OUT OF STOCK: MNL_LAKSA, BEV_ICED_TEA, BEV_LATTE
💰 [1:41:29 PM] TXN-1787899289349-171-162551
   Outlet 171 | Staff: Lee Jia En | 1 items | S$4.72
   🚨 OUT OF STOCK: LMT_PRAWN_CRACKERS

📊 STATS:
   Total Sales: 2630
   Total Revenue: S$106582.91
   Avg Ticket: S$40.53
   Low Stock Alerts: 92
   Out of Stock: 2616
──────────────────────────────────────────────────
🛒 [1:41:35 PM] TXN-1787899295457-168-686994
   Outlet 168 | Staff: Ng Jun Hao | 4 items | S$80.24
   🚨 OUT OF STOCK: BEV_ICED_TEA, BEV_LATTE, MNL_BEEG_HOON, MNL_RICE_BOWL
💰 [1:41:42 PM] TXN-1787899302463-200-967674
   Outlet 200 | Staff: Kumar Sanjay | 2 items | S$34.22
   🚨 OUT OF STOCK: LMT_NASI_GORENG, BEV_LATTE
🛒 [1:41:48 PM] TXN-1787899308752-164-124938
   Outlet 164 | Staff: Ng Jun Hao | 4 items | S$58.41
   🚨 OUT OF STOCK: LMT_SATE, BEV_ICED_TEA, BEV_ORANGE_JUICE, BEV_LATTE
💰 [1:41:55 PM] TXN-1787899315570-167-822764
   Outlet 167 | Staff: Tan Wei Ming | 1 items | S$7.67
   🚨 OUT OF STOCK: BEV_KOPI_O
🛒 [1:42:01 PM] TXN-1787899321666-200-327157
   Outlet 200 | Staff: Priya D/O Mani | 4 items | S$48.97
   🚨 OUT OF STOCK: LMT_ROTI_CANAI, BEV_ICED_TEA, BEV_ICED_TEA, BEV_LATTE
💰 [1:42:09 PM] TXN-1787899329041-200-993329
   Outlet 200 | Staff: Priya D/O Mani | 1 items | S$11.80
   🚨 OUT OF STOCK: LMT_MIE_GORENG
🛒 [1:42:15 PM] TXN-1787899335091-165-485903
   Outlet 165 | Staff: Lee Jia En | 3 items | S$44.84
   🚨 OUT OF STOCK: LMT_MIE_GORENG, BEV_LATTE, BEV_ICED_TEA
🛒 [1:42:21 PM] TXN-1787899341736-171-890660
   Outlet 171 | Staff: Nur Aisyah | 4 items | S$67.85
   🚨 OUT OF STOCK: MNL_RICE_BOWL, BEV_ORANGE_JUICE, MNL_BEEG_HOON, BEV_MILO
🛒 [1:42:28 PM] TXN-1787899348884-171-667161
   Outlet 171 | Staff: Ng Jun Hao | 3 items | S$27.14
   🚨 OUT OF STOCK: LMT_MIE_GORENG, BEV_KOPI_O, BEV_KOPI_O
🛒 [1:42:35 PM] TXN-1787899355478-202-305081
   Outlet 202 | Staff: None | 4 items | S$51.92
   🚨 OUT OF STOCK: BEV_ORANGE_JUICE, BEV_MILO, BEV_LATTE, BEV_ICED_TEA

📊 STATS:
   Total Sales: 2640
   Total Revenue: S$107015.97
   Avg Ticket: S$40.54
   Low Stock Alerts: 92
   Out of Stock: 2626
──────────────────────────────────────────────────
🛒 [1:42:42 PM] TXN-1787899362304-169-733490
   Outlet 169 | Staff: Ng Jun Hao | 3 items | S$33.04
   🚨 OUT OF STOCK: LMT_PRAWN_CRACKERS, BEV_LATTE, BEV_MILO
💰 [1:42:49 PM] TXN-1787899369107-167-519867
   Outlet 167 | Staff: Muhd Danish Bin Razak | 2 items | S$24.78
   🚨 OUT OF STOCK: MNL_LAKSA, BEV_ICED_TEA
💰 [1:42:55 PM] TXN-1787899375516-201-875668
   Outlet 201 | Staff: None | 2 items | S$33.04
   🚨 OUT OF STOCK: MNL_KWAY_TEOW, BEV_ORANGE_JUICE
🛒 [1:43:01 PM] TXN-1787899381963-167-886431
   Outlet 167 | Staff: Sanjay S/O Ramesh | 5 items | S$81.42
   🚨 OUT OF STOCK: LMT_SATE, BEV_KOPI_O, BEV_KOPI_O, BEV_KOPI_O, MNL_CHICKEN_RICE
🛒 [1:43:09 PM] TXN-1787899389237-169-890141
   Outlet 169 | Staff: Ng Jun Hao | 3 items | S$42.48
   🚨 OUT OF STOCK: MNL_CHICKEN_RICE, MNL_RICE_BOWL, MNL_RICE_BOWL
🛒 [1:43:15 PM] TXN-1787899395952-200-621306
   Outlet 200 | Staff: Priya D/O Mani | 5 items | S$60.77
   🚨 OUT OF STOCK: MNL_CHICKEN_RICE, BEV_MILO, MNL_CHICKEN_RICE, BEV_ICED_TEA, LMT_PRAWN_CRACKERS
🛒 [1:43:23 PM] TXN-1787899403322-164-853088
   Outlet 164 | Staff: Tan Jia Min | 5 items | S$65.49
   🚨 OUT OF STOCK: BEV_LATTE, BEV_KOPI_O, BEV_MILO, BEV_MILO, BEV_KOPI_O
💰 [1:43:30 PM] TXN-1787899410453-201-566288
   Outlet 201 | Staff: None | 1 items | S$18.88
   🚨 OUT OF STOCK: MNL_BEEG_HOON
🛒 [1:43:36 PM] TXN-1787899416521-169-910604
   Outlet 169 | Staff: Ng Jun Hao | 3 items | S$35.40
   🚨 OUT OF STOCK: BEV_LATTE, BEV_LATTE, BEV_KOPI_O
🛒 [1:43:43 PM] TXN-1787899423214-201-942770
   Outlet 201 | Staff: None | 3 items | S$33.04
   🚨 OUT OF STOCK: LMT_NASI_GORENG, BEV_LATTE, BEV_ORANGE_JUICE

📊 STATS:
   Total Sales: 2650
   Total Revenue: S$107444.31
   Avg Ticket: S$40.55
   Low Stock Alerts: 92
   Out of Stock: 2636
──────────────────────────────────────────────────
💰 [1:43:49 PM] TXN-1787899429913-202-706094
   Outlet 202 | Staff: None | 1 items | S$12.98
   🚨 OUT OF STOCK: MNL_RICE_BOWL
🛒 [1:43:55 PM] TXN-1787899435995-202-928351
   Outlet 202 | Staff: None | 3 items | S$34.22
   🚨 OUT OF STOCK: BEV_MILO, MNL_LAKSA, BEV_KOPI_O
💰 [1:44:02 PM] TXN-1787899442795-202-783424
   Outlet 202 | Staff: None | 1 items | S$17.70
   🚨 OUT OF STOCK: LMT_SATE
🛒 [1:44:08 PM] TXN-1787899448882-169-486220
   Outlet 169 | Staff: Lee Jia En | 4 items | S$82.60
   🚨 OUT OF STOCK: MNL_CHICKEN_RICE, LMT_MIE_GORENG, MNL_RICE_BOWL, BEV_MILO
🛒 [1:44:15 PM] TXN-1787899455724-169-799605
   Outlet 169 | Staff: Tan Wei Ming | 3 items | S$37.76
   🚨 OUT OF STOCK: LMT_MIE_GORENG, BEV_ORANGE_JUICE, BEV_MILO
💰 [1:44:22 PM] TXN-1787899462609-202-411939
   Outlet 202 | Staff: None | 2 items | S$31.86
   🚨 OUT OF STOCK: LMT_NASI_GORENG, BEV_ORANGE_JUICE
🛒 [1:44:29 PM] TXN-1787899469129-167-783193
   Outlet 167 | Staff: Muhd Danish Bin Razak | 5 items | S$74.34
   🚨 OUT OF STOCK: LMT_SATE, BEV_MILO, BEV_KOPI_O, BEV_ORANGE_JUICE, BEV_KOPI_O
🛒 [1:44:36 PM] TXN-1787899476431-170-972884
   Outlet 170 | Staff: Tan Wei Ming | 5 items | S$64.90
   🚨 OUT OF STOCK: MNL_KWAY_TEOW, BEV_LATTE, BEV_ICED_TEA, BEV_KOPI_O, BEV_KOPI_O
🛒 [1:44:43 PM] TXN-1787899483557-164-158893
   Outlet 164 | Staff: Tan Wei Ming | 4 items | S$61.36
   🚨 OUT OF STOCK: LMT_NASI_GORENG, BEV_ICED_TEA, BEV_ORANGE_JUICE, BEV_MILO
🛒 [1:44:50 PM] TXN-1787899490622-170-358349
   Outlet 170 | Staff: Ng Jun Hao | 5 items | S$109.74
   🚨 OUT OF STOCK: MNL_BEEG_HOON, BEV_ORANGE_JUICE, BEV_LATTE, BEV_LATTE, MNL_CHICKEN_RICE

📊 STATS:
   Total Sales: 2660
   Total Revenue: S$107971.77
   Avg Ticket: S$40.59
   Low Stock Alerts: 92
   Out of Stock: 2646
──────────────────────────────────────────────────
🛒 [1:44:58 PM] TXN-1787899498152-167-125633
   Outlet 167 | Staff: Sanjay S/O Ramesh | 4 items | S$55.46
   🚨 OUT OF STOCK: BEV_KOPI_O, BEV_MILO, LMT_MIE_GORENG, BEV_KOPI_O
💰 [1:45:05 PM] TXN-1787899505376-170-502209
   Outlet 170 | Staff: Tan Wei Ming | 1 items | S$18.88
   🚨 OUT OF STOCK: MNL_BEEG_HOON
🛒 [1:45:11 PM] TXN-1787899511551-171-311886
   Outlet 171 | Staff: Tan Mei Hua | 3 items | S$29.50
   🚨 OUT OF STOCK: LMT_ROTI_CANAI, BEV_LATTE, BEV_LATTE
🛒 [1:45:18 PM] TXN-1787899518269-165-618892
   Outlet 165 | Staff: Lee Jia En | 3 items | S$49.56
   🚨 OUT OF STOCK: MNL_KWAY_TEOW, MNL_CHICKEN_RICE, BEV_ORANGE_JUICE
💰 [1:45:24 PM] TXN-1787899524865-170-561261
   Outlet 170 | Staff: Lim Pei Ling | 2 items | S$17.70
   🚨 OUT OF STOCK: BEV_ORANGE_JUICE, BEV_ORANGE_JUICE
🛒 [1:45:31 PM] TXN-1787899531270-167-725997
   Outlet 167 | Staff: Ahmad Faiz Bin Hassan | 4 items | S$40.71
   🚨 OUT OF STOCK: LMT_ROTI_CANAI, BEV_MILO, BEV_ICED_TEA, BEV_LATTE
🛒 [1:45:38 PM] TXN-1787899538095-200-497087
   Outlet 200 | Staff: Kumar Sanjay | 4 items | S$68.44
   🚨 OUT OF STOCK: LMT_SATE, BEV_MILO, BEV_ORANGE_JUICE, BEV_MILO
🛒 [1:45:44 PM] TXN-1787899544928-202-677610
   Outlet 202 | Staff: None | 5 items | S$54.87
   🚨 OUT OF STOCK: LMT_NASI_GORENG, BEV_KOPI_O, MNL_CHICKEN_RICE, BEV_ICED_TEA, BEV_LATTE
💰 [1:45:52 PM] TXN-1787899552205-171-255947
   Outlet 171 | Staff: Chua Kai Xin | 2 items | S$14.16
   🚨 OUT OF STOCK: BEV_KOPI_O, BEV_ICED_TEA
💰 [1:45:58 PM] TXN-1787899558530-201-209688
   Outlet 201 | Staff: None | 1 items | S$9.44
   🚨 OUT OF STOCK: LMT_ROTI_CANAI

📊 STATS:
   Total Sales: 2670
   Total Revenue: S$108330.49
   Avg Ticket: S$40.57
   Low Stock Alerts: 92
   Out of Stock: 2656
──────────────────────────────────────────────────
🛒 [1:46:04 PM] TXN-1787899564607-164-311206
   Outlet 164 | Staff: Rajesh Kumar | 5 items | S$73.75
   🚨 OUT OF STOCK: MNL_KWAY_TEOW, BEV_ICED_TEA, BEV_LATTE, BEV_MILO, BEV_ORANGE_JUICE
🛒 [1:46:11 PM] TXN-1787899571927-171-251856
   Outlet 171 | Staff: Tan Wei Ming | 4 items | S$74.93
   🚨 OUT OF STOCK: LMT_MIE_GORENG, MNL_LAKSA, BEV_LATTE, BEV_MILO
💰 [1:46:18 PM] TXN-1787899578907-200-221049
   Outlet 200 | Staff: Kumar Sanjay | 2 items | S$16.52
   🚨 OUT OF STOCK: BEV_LATTE, BEV_ICED_TEA
🛒 [1:46:25 PM] TXN-1787899585556-202-808075
   Outlet 202 | Staff: None | 3 items | S$38.94
   🚨 OUT OF STOCK: MNL_KWAY_TEOW, BEV_MILO, BEV_KOPI_O
💰 [1:46:32 PM] TXN-1787899592249-169-928188
   Outlet 169 | Staff: Muhd Danish Bin Razak | 2 items | S$29.50
   🚨 OUT OF STOCK: LMT_ROTI_CANAI, BEV_LATTE
🛒 [1:46:38 PM] TXN-1787899598557-165-557592
   Outlet 165 | Staff: Tan Wei Ming | 5 items | S$56.64
   🚨 OUT OF STOCK: LMT_ROTI_CANAI, BEV_KOPI_O, BEV_LATTE, BEV_KOPI_O, BEV_ICED_TEA
🛒 [1:46:45 PM] TXN-1787899605999-171-829444
   Outlet 171 | Staff: Chua Kai Xin | 3 items | S$19.47
   🚨 OUT OF STOCK: LMT_PRAWN_CRACKERS, BEV_ICED_TEA, BEV_MILO
💰 [1:46:52 PM] TXN-1787899612638-168-245833
   Outlet 168 | Staff: Sanjay S/O Ramesh | 1 items | S$16.52
   🚨 OUT OF STOCK: MNL_CHICKEN_RICE
🛒 [1:46:58 PM] TXN-1787899618761-168-261639
   Outlet 168 | Staff: Sanjay S/O Ramesh | 5 items | S$60.77
   🚨 OUT OF STOCK: MNL_BEEG_HOON, BEV_ORANGE_JUICE, BEV_LATTE, BEV_ICED_TEA, BEV_LATTE
🛒 [1:47:06 PM] TXN-1787899626731-200-422912
   Outlet 200 | Staff: Syaza Aina | 4 items | S$50.74
   🚨 OUT OF STOCK: MNL_KWAY_TEOW, BEV_LATTE, BEV_ORANGE_JUICE, BEV_MILO

📊 STATS:
   Total Sales: 2680
   Total Revenue: S$108768.27
   Avg Ticket: S$40.59
   Low Stock Alerts: 92
   Out of Stock: 2666
──────────────────────────────────────────────────
🛒 [1:47:13 PM] TXN-1787899633705-168-251964
   Outlet 168 | Staff: Nurul Huda Bte Ali | 5 items | S$86.73
   🚨 OUT OF STOCK: LMT_SATE, BEV_ORANGE_JUICE, BEV_ICED_TEA, LMT_NASI_GORENG, BEV_LATTE
💰 [1:47:21 PM] TXN-1787899641000-169-317713
   Outlet 169 | Staff: Koh Jia Yi | 1 items | S$6.49
   🚨 OUT OF STOCK: BEV_ICED_TEA
💰 [1:47:27 PM] TXN-1787899647139-171-167490
   Outlet 171 | Staff: Lee Jia En | 1 items | S$18.29
   🚨 OUT OF STOCK: MNL_LAKSA
🛒 [1:47:33 PM] TXN-1787899653262-168-702327
   Outlet 168 | Staff: Ng Jun Hao | 4 items | S$51.92
   🚨 OUT OF STOCK: LMT_MIE_GORENG, BEV_ICED_TEA, BEV_KOPI_O, MNL_LAKSA
💰 [1:47:40 PM] TXN-1787899660438-202-803665
   Outlet 202 | Staff: None | 2 items | S$25.96
   🚨 OUT OF STOCK: MNL_RICE_BOWL, BEV_ICED_TEA
🛒 [1:47:46 PM] TXN-1787899666892-200-715667
   Outlet 200 | Staff: Kumar Sanjay | 4 items | S$41.89
   🚨 OUT OF STOCK: MNL_KWAY_TEOW, BEV_KOPI_O, BEV_ORANGE_JUICE, BEV_LATTE
🛒 [1:47:53 PM] TXN-1787899673908-200-599638
   Outlet 200 | Staff: Syaza Aina | 4 items | S$31.27
   🚨 OUT OF STOCK: LMT_ROTI_CANAI, BEV_KOPI_O, BEV_KOPI_O, BEV_ICED_TEA
💰 [1:48:01 PM] TXN-1787899681108-169-793360
   Outlet 169 | Staff: Muhd Danish Bin Razak | 2 items | S$39.53
   🚨 OUT OF STOCK: BEV_ICED_TEA, MNL_CHICKEN_RICE
🛒 [1:48:07 PM] TXN-1787899687503-168-327932
   Outlet 168 | Staff: Sanjay S/O Ramesh | 3 items | S$37.17
   🚨 OUT OF STOCK: LMT_MIE_GORENG, BEV_LATTE, BEV_KOPI_O
💰 [1:48:14 PM] TXN-1787899694159-200-463496
   Outlet 200 | Staff: Priya D/O Mani | 2 items | S$41.30
   🚨 OUT OF STOCK: LMT_SATE, LMT_MIE_GORENG

📊 STATS:
   Total Sales: 2690
   Total Revenue: S$109148.82
   Avg Ticket: S$40.58
   Low Stock Alerts: 92
   Out of Stock: 2676
──────────────────────────────────────────────────
🛒 [1:48:20 PM] TXN-1787899700893-168-748876
   Outlet 168 | Staff: Lee Jia En | 5 items | S$56.64
   🚨 OUT OF STOCK: BEV_LATTE, BEV_LATTE, BEV_KOPI_O, BEV_LATTE, BEV_ORANGE_JUICE
💰 [1:48:28 PM] TXN-1787899708046-170-657134
   Outlet 170 | Staff: Ng Jun Hao | 2 items | S$26.55
   🚨 OUT OF STOCK: BEV_LATTE, BEV_MILO
🛒 [1:48:37 PM] TXN-1787899717159-200-903561
   Outlet 200 | Staff: Kumar Sanjay | 3 items | S$45.43
   🚨 OUT OF STOCK: BEV_LATTE, BEV_KOPI_O, BEV_LATTE
🛒 [1:48:43 PM] TXN-1787899723992-168-532342
   Outlet 168 | Staff: Ng Jun Hao | 3 items | S$19.47
   🚨 OUT OF STOCK: BEV_ICED_TEA, BEV_ICED_TEA, BEV_ICED_TEA
💰 [1:48:50 PM] TXN-1787899730897-170-912195
   Outlet 170 | Staff: Lim Pei Ling | 1 items | S$8.26
   🚨 OUT OF STOCK: BEV_MILO
💰 [1:48:57 PM] TXN-1787899737630-167-567895
   Outlet 167 | Staff: Tan Wei Ming | 1 items | S$4.72
   🚨 OUT OF STOCK: LMT_PRAWN_CRACKERS
💰 [1:49:03 PM] TXN-1787899743974-169-588257
   Outlet 169 | Staff: Ng Jun Hao | 2 items | S$16.52
   🚨 OUT OF STOCK: LMT_PRAWN_CRACKERS, LMT_MIE_GORENG
💰 [1:49:11 PM] TXN-1787899751351-202-759900
   Outlet 202 | Staff: None | 2 items | S$18.29
   🚨 OUT OF STOCK: BEV_LATTE, BEV_MILO
💰 [1:49:20 PM] TXN-1787899760723-170-538659
   Outlet 170 | Staff: Tan Wei Ming | 1 items | S$9.44
   🚨 OUT OF STOCK: LMT_ROTI_CANAI
💰 [1:49:30 PM] TXN-1787899770483-164-187979
   Outlet 164 | Staff: Priya D/O Mani | 2 items | S$19.47
   🚨 OUT OF STOCK: LMT_ROTI_CANAI, BEV_LATTE

📊 STATS:
   Total Sales: 2700
   Total Revenue: S$109373.61
   Avg Ticket: S$40.51
   Low Stock Alerts: 92
   Out of Stock: 2686
──────────────────────────────────────────────────
💰 [1:49:38 PM] TXN-1787899778636-169-334496
   Outlet 169 | Staff: Muhd Danish Bin Razak | 2 items | S$38.35
   🚨 OUT OF STOCK: MNL_LAKSA, BEV_LATTE
🛒 [1:49:47 PM] TXN-1787899787376-200-880162
   Outlet 200 | Staff: Priya D/O Mani | 3 items | S$64.90
   🚨 OUT OF STOCK: BEV_ORANGE_JUICE, MNL_BEEG_HOON, MNL_LAKSA
🛒 [1:49:55 PM] TXN-1787899795203-164-934650
   Outlet 164 | Staff: Tan Wei Ming | 4 items | S$45.43
   🚨 OUT OF STOCK: LMT_ROTI_CANAI, BEV_KOPI_O, BEV_KOPI_O, BEV_ICED_TEA
🛒 [1:50:08 PM] TXN-1787899808859-202-224309
   Outlet 202 | Staff: None | 4 items | S$40.71
   🚨 OUT OF STOCK: BEV_ICED_TEA, BEV_ICED_TEA, BEV_LATTE, BEV_KOPI_O
🛒 [1:50:21 PM] TXN-1787899821283-165-221334
   Outlet 165 | Staff: Ahmad Faiz Bin Hassan | 3 items | S$34.81
   🚨 OUT OF STOCK: MNL_LAKSA, BEV_KOPI_O, BEV_ORANGE_JUICE
🛒 [1:50:30 PM] TXN-1787899830766-168-150670
   Outlet 168 | Staff: Sanjay S/O Ramesh | 5 items | S$84.96
   🚨 OUT OF STOCK: BEV_ORANGE_JUICE, MNL_CHICKEN_RICE, BEV_MILO, BEV_ORANGE_JUICE, BEV_ORANGE_JUICE
🛒 [1:50:39 PM] TXN-1787899839633-171-626023
   Outlet 171 | Staff: Priya D/O Mani | 5 items | S$73.16
   🚨 OUT OF STOCK: BEV_KOPI_O, MNL_KWAY_TEOW, LMT_MIE_GORENG, BEV_KOPI_O, BEV_KOPI_O
🛒 [1:50:50 PM] TXN-1787899850948-169-493796
   Outlet 169 | Staff: Tan Wei Ming | 3 items | S$55.46
   🚨 OUT OF STOCK: LMT_NASI_GORENG, MNL_RICE_BOWL, BEV_KOPI_O
💰 [1:50:59 PM] TXN-1787899859570-168-677296
   Outlet 168 | Staff: Li Ying Zhi | 1 items | S$15.34
   🚨 OUT OF STOCK: MNL_KWAY_TEOW
🛒 [1:51:07 PM] TXN-1787899867105-164-262274
   Outlet 164 | Staff: Chua Kai Xin | 3 items | S$39.53
   🚨 OUT OF STOCK: LMT_ROTI_CANAI, BEV_LATTE, BEV_LATTE

📊 STATS:
   Total Sales: 2710
   Total Revenue: S$109866.26
   Avg Ticket: S$40.54
   Low Stock Alerts: 92
   Out of Stock: 2696
──────────────────────────────────────────────────
🛒 [1:51:15 PM] TXN-1787899875550-168-241365
   Outlet 168 | Staff: Sanjay S/O Ramesh | 3 items | S$24.19
   🚨 OUT OF STOCK: BEV_ICED_TEA, BEV_ORANGE_JUICE, BEV_ORANGE_JUICE
💰 [1:51:26 PM] TXN-1787899886404-170-673455
   Outlet 170 | Staff: Muhd Danish Bin Razak | 1 items | S$7.67
   🚨 OUT OF STOCK: BEV_KOPI_O
💰 [1:51:34 PM] TXN-1787899894747-168-903083
   Outlet 168 | Staff: Lee Jia En | 1 items | S$6.49
   🚨 OUT OF STOCK: BEV_ICED_TEA
🛒 [1:51:43 PM] TXN-1787899903087-164-252764
   Outlet 164 | Staff: Rajesh Kumar | 4 items | S$44.25
   🚨 OUT OF STOCK: BEV_KOPI_O, BEV_LATTE, BEV_MILO, BEV_MILO
🛒 [1:51:53 PM] TXN-1787899913229-167-702825
   Outlet 167 | Staff: Nurul Huda Bte Ali | 5 items | S$53.10
   🚨 OUT OF STOCK: MNL_KWAY_TEOW, BEV_ICED_TEA, BEV_KOPI_O, BEV_KOPI_O, BEV_MILO
💰 [1:52:04 PM] TXN-1787899924275-167-215888
   Outlet 167 | Staff: Chong Wei Sheng | 1 items | S$8.85
   🚨 OUT OF STOCK: BEV_ORANGE_JUICE
🛒 [1:52:11 PM] TXN-1787899931638-200-237578
   Outlet 200 | Staff: Kumar Sanjay | 5 items | S$53.69
   🚨 OUT OF STOCK: BEV_ORANGE_JUICE, BEV_MILO, BEV_ICED_TEA, BEV_KOPI_O, BEV_KOPI_O
💰 [1:52:22 PM] TXN-1787899942583-200-726503
   Outlet 200 | Staff: Syaza Aina | 2 items | S$17.70
   🚨 OUT OF STOCK: BEV_KOPI_O, BEV_LATTE
🛒 [1:52:30 PM] TXN-1787899950045-165-395623
   Outlet 165 | Staff: Lee Jia En | 3 items | S$27.14
   🚨 OUT OF STOCK: LMT_NASI_GORENG, BEV_ICED_TEA, BEV_ICED_TEA
🛒 [1:52:37 PM] TXN-1787899957893-167-123721
   Outlet 167 | Staff: Tan Wei Ming | 4 items | S$43.66
   🚨 OUT OF STOCK: LMT_SATE, LMT_PRAWN_CRACKERS, BEV_KOPI_O, BEV_ORANGE_JUICE

📊 STATS:
   Total Sales: 2720
   Total Revenue: S$110153.00
   Avg Ticket: S$40.50
   Low Stock Alerts: 92
   Out of Stock: 2706
──────────────────────────────────────────────────
💰 [1:52:47 PM] TXN-1787899967064-169-995410
   Outlet 169 | Staff: Muhd Danish Bin Razak | 2 items | S$31.86
   🚨 OUT OF STOCK: MNL_CHICKEN_RICE, MNL_KWAY_TEOW
💰 [1:52:54 PM] TXN-1787899974451-164-814119
   Outlet 164 | Staff: Batch Staff 1 | 1 items | S$6.49
   🚨 OUT OF STOCK: BEV_ICED_TEA
🛒 [1:53:02 PM] TXN-1787899982152-165-982157
   Outlet 165 | Staff: Tan Wei Ming | 3 items | S$50.15
   🚨 OUT OF STOCK: MNL_RICE_BOWL, LMT_NASI_GORENG, BEV_ORANGE_JUICE
🛒 [1:53:11 PM] TXN-1787899991627-171-615734
   Outlet 171 | Staff: Chua Kai Xin | 5 items | S$53.69
   🚨 OUT OF STOCK: BEV_LATTE, BEV_KOPI_O, BEV_KOPI_O, MNL_RICE_BOWL, BEV_KOPI_O
💰 [1:53:25 PM] TXN-1787900005086-168-277226
   Outlet 168 | Staff: Chua Kai Xin | 2 items | S$18.88
   🚨 OUT OF STOCK: BEV_LATTE, BEV_ORANGE_JUICE
🛒 [1:53:34 PM] TXN-1787900014084-171-362115
   Outlet 171 | Staff: Chua Kai Xin | 5 items | S$56.64
   🚨 OUT OF STOCK: LMT_ROTI_CANAI, BEV_KOPI_O, BEV_ORANGE_JUICE, BEV_ICED_TEA, BEV_ORANGE_JUICE
🛒 [1:53:44 PM] TXN-1787900024438-164-405315
   Outlet 164 | Staff: Ng Jun Hao | 4 items | S$50.15
   🚨 OUT OF STOCK: BEV_KOPI_O, BEV_ORANGE_JUICE, MNL_RICE_BOWL, BEV_KOPI_O
🛒 [1:53:56 PM] TXN-1787900036054-200-319448
   Outlet 200 | Staff: Syaza Aina | 3 items | S$29.50
   🚨 OUT OF STOCK: LMT_PRAWN_CRACKERS, MNL_LAKSA, BEV_ICED_TEA
💰 [1:54:04 PM] TXN-1787900044431-165-979278
   Outlet 165 | Staff: Tan Wei Ming | 2 items | S$38.35
   🚨 OUT OF STOCK: MNL_LAKSA, BEV_LATTE
💰 [1:54:13 PM] TXN-1787900053324-168-821948
   Outlet 168 | Staff: Nurul Huda Bte Ali | 2 items | S$18.88
   🚨 OUT OF STOCK: BEV_ORANGE_JUICE, BEV_LATTE

📊 STATS:
   Total Sales: 2730
   Total Revenue: S$110507.59
   Avg Ticket: S$40.48
   Low Stock Alerts: 92
   Out of Stock: 2716
──────────────────────────────────────────────────
💰 [1:54:20 PM] TXN-1787900060693-167-571627
   Outlet 167 | Staff: Chong Wei Sheng | 2 items | S$33.04
   🚨 OUT OF STOCK: MNL_KWAY_TEOW, BEV_ORANGE_JUICE
🛒 [1:54:28 PM] TXN-1787900068492-167-392286
   Outlet 167 | Staff: Ng Jun Hao | 3 items | S$47.20
   🚨 OUT OF STOCK: MNL_KWAY_TEOW, MNL_BEEG_HOON, BEV_ICED_TEA
💰 [1:54:36 PM] TXN-1787900076984-168-115232
   Outlet 168 | Staff: Chua Kai Xin | 1 items | S$8.85
   🚨 OUT OF STOCK: BEV_ORANGE_JUICE
💰 [1:54:44 PM] TXN-1787900084275-202-355394
   Outlet 202 | Staff: None | 1 items | S$6.49
   🚨 OUT OF STOCK: BEV_ICED_TEA
💰 [1:54:51 PM] TXN-1787900091456-165-799251
   Outlet 165 | Staff: Tan Wei Ming | 1 items | S$11.80
   🚨 OUT OF STOCK: LMT_MIE_GORENG
🛒 [1:54:59 PM] TXN-1787900099123-169-312830
   Outlet 169 | Staff: Sanjay S/O Ramesh | 3 items | S$59.00
   🚨 OUT OF STOCK: MNL_RICE_BOWL, BEV_KOPI_O, MNL_KWAY_TEOW
🛒 [1:55:06 PM] TXN-1787900106941-165-817742
   Outlet 165 | Staff: Tan Wei Ming | 5 items | S$59.00
   🚨 OUT OF STOCK: BEV_ICED_TEA, BEV_KOPI_O, BEV_ICED_TEA, BEV_MILO, BEV_KOPI_O
🛒 [1:55:16 PM] TXN-1787900116330-171-625063
   Outlet 171 | Staff: Nurul Huda Bte Ali | 5 items | S$66.67
   🚨 OUT OF STOCK: MNL_CHICKEN_RICE, BEV_MILO, BEV_KOPI_O, BEV_ICED_TEA, BEV_ICED_TEA
🛒 [1:55:25 PM] TXN-1787900125613-168-684995
   Outlet 168 | Staff: Sanjay S/O Ramesh | 3 items | S$38.94
   🚨 OUT OF STOCK: LMT_PRAWN_CRACKERS, LMT_ROTI_CANAI, BEV_KOPI_O
🛒 [1:55:33 PM] TXN-1787900133354-165-196719
   Outlet 165 | Staff: Lee Jia En | 5 items | S$56.64
   🚨 OUT OF STOCK: BEV_KOPI_O, BEV_ICED_TEA, BEV_ORANGE_JUICE, LMT_MIE_GORENG, BEV_ICED_TEA

📊 STATS:
   Total Sales: 2740
   Total Revenue: S$110895.22
   Avg Ticket: S$40.47
   Low Stock Alerts: 92
   Out of Stock: 2726
──────────────────────────────────────────────────
💰 [1:55:41 PM] TXN-1787900141894-168-629355
   Outlet 168 | Staff: Ng Jun Hao | 1 items | S$14.16
   🚨 OUT OF STOCK: LMT_NASI_GORENG
🛒 [1:55:50 PM] TXN-1787900150371-169-995839
   Outlet 169 | Staff: Tan Wei Ming | 4 items | S$62.54
   🚨 OUT OF STOCK: LMT_NASI_GORENG, MNL_RICE_BOWL, BEV_LATTE, MNL_KWAY_TEOW
💰 [1:55:58 PM] TXN-1787900158415-164-912879
   Outlet 164 | Staff: Rajesh Kumar | 1 items | S$4.72
   ⚠️ LOW STOCK: LMT_PRAWN_CRACKERS
💰 [1:56:05 PM] TXN-1787900165304-200-230140
   Outlet 200 | Staff: Priya D/O Mani | 2 items | S$31.86
   🚨 OUT OF STOCK: MNL_BEEG_HOON, BEV_ICED_TEA
🛒 [1:56:12 PM] TXN-1787900172418-200-657912
   Outlet 200 | Staff: Priya D/O Mani | 3 items | S$59.59
   🚨 OUT OF STOCK: MNL_RICE_BOWL, MNL_BEEG_HOON, BEV_ORANGE_JUICE
💰 [1:56:21 PM] TXN-1787900181066-171-922723
   Outlet 171 | Staff: Tan Mei Hua | 2 items | S$34.22
   🚨 OUT OF STOCK: LMT_NASI_GORENG, BEV_LATTE
💰 [1:56:28 PM] TXN-1787900188753-202-383592
   Outlet 202 | Staff: None | 1 items | S$17.70
   🚨 OUT OF STOCK: LMT_SATE
🛒 [1:56:35 PM] TXN-1787900195590-167-345430
   Outlet 167 | Staff: Sanjay S/O Ramesh | 3 items | S$40.12
   🚨 OUT OF STOCK: LMT_PRAWN_CRACKERS, BEV_KOPI_O, BEV_LATTE
💰 [1:56:42 PM] TXN-1787900202449-170-797493
   Outlet 170 | Staff: Ng Jun Hao | 2 items | S$19.47
   🚨 OUT OF STOCK: BEV_LATTE, LMT_ROTI_CANAI
💰 [1:56:50 PM] TXN-1787900210150-164-945515
   Outlet 164 | Staff: Ng Jun Hao | 1 items | S$9.44
   🚨 OUT OF STOCK: LMT_ROTI_CANAI

📊 STATS:
   Total Sales: 2750
   Total Revenue: S$111189.04
   Avg Ticket: S$40.43
   Low Stock Alerts: 93
   Out of Stock: 2735
──────────────────────────────────────────────────
💰 [1:56:56 PM] TXN-1787900216882-167-135230
   Outlet 167 | Staff: Tan Wei Ming | 1 items | S$16.52
   🚨 OUT OF STOCK: MNL_CHICKEN_RICE
🛒 [1:57:03 PM] TXN-1787900223798-202-938446
   Outlet 202 | Staff: None | 4 items | S$36.58
   🚨 OUT OF STOCK: LMT_NASI_GORENG, BEV_KOPI_O, BEV_MILO, BEV_ICED_TEA
🛒 [1:57:12 PM] TXN-1787900232198-170-403681
   Outlet 170 | Staff: Tan Wei Ming | 5 items | S$63.72
   🚨 OUT OF STOCK: MNL_KWAY_TEOW, BEV_ORANGE_JUICE, BEV_ORANGE_JUICE, BEV_ICED_TEA, BEV_ORANGE_JUICE
💰 [1:57:21 PM] TXN-1787900241547-164-308958
   Outlet 164 | Staff: Rajesh Kumar | 1 items | S$16.52
   🚨 OUT OF STOCK: MNL_CHICKEN_RICE
🛒 [1:57:28 PM] TXN-1787900248280-200-294191
   Outlet 200 | Staff: Syaza Aina | 3 items | S$36.58
   🚨 OUT OF STOCK: MNL_LAKSA, BEV_ORANGE_JUICE, LMT_ROTI_CANAI
🛒 [1:57:35 PM] TXN-1787900255989-167-518003
   Outlet 167 | Staff: Nurul Huda Bte Ali | 3 items | S$39.53
   🚨 OUT OF STOCK: BEV_ORANGE_JUICE, BEV_KOPI_O, MNL_KWAY_TEOW
🛒 [1:57:43 PM] TXN-1787900263614-201-846550
   Outlet 201 | Staff: None | 5 items | S$59.00
   🚨 OUT OF STOCK: LMT_PRAWN_CRACKERS, LMT_ROTI_CANAI, BEV_ORANGE_JUICE, BEV_LATTE, BEV_MILO
💰 [1:57:52 PM] TXN-1787900272219-168-428126
   Outlet 168 | Staff: Chua Kai Xin | 2 items | S$38.35
   🚨 OUT OF STOCK: MNL_LAKSA, BEV_LATTE
🛒 [1:57:59 PM] TXN-1787900279505-164-960027
   Outlet 164 | Staff: Nurul Huda Bte Ali | 5 items | S$83.19
   🚨 OUT OF STOCK: LMT_MIE_GORENG, BEV_ICED_TEA, BEV_KOPI_O, MNL_CHICKEN_RICE, BEV_MILO
🛒 [1:58:08 PM] TXN-1787900288245-169-662070
   Outlet 169 | Staff: Koh Jia Yi | 3 items | S$33.63
   🚨 OUT OF STOCK: BEV_MILO, BEV_KOPI_O, BEV_ORANGE_JUICE

📊 STATS:
   Total Sales: 2760
   Total Revenue: S$111612.66
   Avg Ticket: S$40.44
   Low Stock Alerts: 93
   Out of Stock: 2745
──────────────────────────────────────────────────
💰 [1:58:17 PM] TXN-1787900297181-201-839341
   Outlet 201 | Staff: None | 2 items | S$17.70
   🚨 OUT OF STOCK: BEV_LATTE, BEV_KOPI_O
🛒 [1:58:24 PM] TXN-1787900304281-171-242244
   Outlet 171 | Staff: Rajesh Kumar | 3 items | S$37.76
   🚨 OUT OF STOCK: LMT_PRAWN_CRACKERS, BEV_LATTE, BEV_ICED_TEA
💰 [1:58:31 PM] TXN-1787900311895-202-661905
   Outlet 202 | Staff: None | 1 items | S$8.85
   🚨 OUT OF STOCK: BEV_ORANGE_JUICE
🛒 [1:58:38 PM] TXN-1787900318287-202-173535
   Outlet 202 | Staff: None | 5 items | S$90.27
   🚨 OUT OF STOCK: BEV_ORANGE_JUICE, BEV_MILO, LMT_NASI_GORENG, BEV_ICED_TEA, MNL_BEEG_HOON
🛒 [1:58:46 PM] TXN-1787900326376-200-676037
   Outlet 200 | Staff: Priya D/O Mani | 3 items | S$37.17
   🚨 OUT OF STOCK: BEV_MILO, BEV_LATTE, BEV_ORANGE_JUICE
🛒 [1:58:54 PM] TXN-1787900334045-169-793447
   Outlet 169 | Staff: Muhd Danish Bin Razak | 4 items | S$52.51
   🚨 OUT OF STOCK: LMT_ROTI_CANAI, BEV_ICED_TEA, LMT_NASI_GORENG, BEV_MILO
🛒 [1:59:02 PM] TXN-1787900342422-164-952204
   Outlet 164 | Staff: Rajesh Kumar | 5 items | S$55.46
   🚨 OUT OF STOCK: BEV_ICED_TEA, BEV_MILO, BEV_MILO, MNL_KWAY_TEOW, BEV_ORANGE_JUICE
💰 [1:59:11 PM] TXN-1787900351146-164-761646
   Outlet 164 | Staff: Priya D/O Mani | 1 items | S$8.26
   🚨 OUT OF STOCK: BEV_MILO
💰 [1:59:18 PM] TXN-1787900358012-167-817372
   Outlet 167 | Staff: Muhd Danish Bin Razak | 1 items | S$8.85
   🚨 OUT OF STOCK: BEV_ORANGE_JUICE
💰 [1:59:25 PM] TXN-1787900365650-169-305331
   Outlet 169 | Staff: Lee Jia En | 2 items | S$18.29
   🚨 OUT OF STOCK: BEV_LATTE, BEV_MILO

📊 STATS:
   Total Sales: 2770
   Total Revenue: S$111947.78
   Avg Ticket: S$40.41
   Low Stock Alerts: 93
   Out of Stock: 2755
──────────────────────────────────────────────────
🛒 [1:59:32 PM] TXN-1787900372989-202-398299
   Outlet 202 | Staff: None | 5 items | S$91.45
   🚨 OUT OF STOCK: MNL_KWAY_TEOW, BEV_LATTE, LMT_MIE_GORENG, BEV_ORANGE_JUICE, LMT_MIE_GORENG
🛒 [1:59:41 PM] TXN-1787900381491-165-995514
   Outlet 165 | Staff: Tan Wei Ming | 3 items | S$44.25
   🚨 OUT OF STOCK: BEV_KOPI_O, BEV_LATTE, BEV_MILO
💰 [1:59:49 PM] TXN-1787900389140-170-514611
   Outlet 170 | Staff: Ng Jun Hao | 2 items | S$37.76
   🚨 OUT OF STOCK: LMT_SATE, BEV_LATTE
🛒 [1:59:56 PM] TXN-1787900396107-164-804825
   Outlet 164 | Staff: Priya D/O Mani | 5 items | S$65.49
   🚨 OUT OF STOCK: LMT_MIE_GORENG, BEV_LATTE, BEV_KOPI_O, MNL_LAKSA, BEV_KOPI_O
🛒 [2:00:04 PM] TXN-1787900404595-167-416041
   Outlet 167 | Staff: Nurul Huda Bte Ali | 4 items | S$54.87
   🚨 OUT OF STOCK: BEV_ICED_TEA, BEV_ORANGE_JUICE, BEV_KOPI_O, BEV_KOPI_O
🛒 [2:00:13 PM] TXN-1787900413002-200-796434
   Outlet 200 | Staff: Syaza Aina | 5 items | S$52.51
   🚨 OUT OF STOCK: LMT_ROTI_CANAI, BEV_ORANGE_JUICE, BEV_ICED_TEA, BEV_ORANGE_JUICE, BEV_LATTE
💰 [2:00:22 PM] TXN-1787900422456-164-850112
   Outlet 164 | Staff: Tan Jia Min | 2 items | S$55.46
   🚨 OUT OF STOCK: MNL_BEEG_HOON, MNL_LAKSA
💰 [2:00:30 PM] TXN-1787900430817-170-943103
   Outlet 170 | Staff: Rajesh Kumar | 1 items | S$10.03
   🚨 OUT OF STOCK: BEV_LATTE
🛒 [2:00:39 PM] TXN-1787900439387-167-532750
   Outlet 167 | Staff: Muhd Danish Bin Razak | 4 items | S$42.48
   🚨 OUT OF STOCK: BEV_KOPI_O, BEV_MILO, BEV_LATTE, BEV_ICED_TEA
🛒 [2:00:47 PM] TXN-1787900447617-201-186187
   Outlet 201 | Staff: None | 5 items | S$60.77
   🚨 OUT OF STOCK: BEV_ICED_TEA, LMT_ROTI_CANAI, BEV_LATTE, BEV_ICED_TEA, BEV_ORANGE_JUICE

📊 STATS:
   Total Sales: 2780
   Total Revenue: S$112462.85
   Avg Ticket: S$40.45
   Low Stock Alerts: 93
   Out of Stock: 2765
──────────────────────────────────────────────────
🛒 [2:00:56 PM] TXN-1787900456581-202-822003
   Outlet 202 | Staff: None | 5 items | S$69.03
   🚨 OUT OF STOCK: BEV_ORANGE_JUICE, LMT_MIE_GORENG, BEV_ICED_TEA, LMT_SATE, BEV_ORANGE_JUICE
🛒 [2:01:05 PM] TXN-1787900465066-170-661880
   Outlet 170 | Staff: Tan Wei Ming | 4 items | S$53.69
   🚨 OUT OF STOCK: MNL_KWAY_TEOW, BEV_KOPI_O, BEV_KOPI_O, MNL_KWAY_TEOW
🛒 [2:01:13 PM] TXN-1787900473237-200-913686
   Outlet 200 | Staff: Syaza Aina | 3 items | S$43.07
   ❌ Webhook failed: 408
🛒 [2:01:23 PM] TXN-1787900483509-169-655722
   Outlet 169 | Staff: Muhd Danish Bin Razak | 3 items | S$38.35
   🚨 OUT OF STOCK: MNL_RICE_BOWL, BEV_LATTE, BEV_KOPI_O
💰 [2:01:31 PM] TXN-1787900491232-201-846317
   Outlet 201 | Staff: None | 2 items | S$28.32
   🚨 OUT OF STOCK: BEV_MILO, BEV_LATTE
💰 [2:01:38 PM] TXN-1787900498602-170-332506
   Outlet 170 | Staff: Lim Pei Ling | 1 items | S$8.85
   🚨 OUT OF STOCK: BEV_ORANGE_JUICE
💰 [2:01:45 PM] TXN-1787900505426-201-481371
   Outlet 201 | Staff: None | 2 items | S$24.19
   🚨 OUT OF STOCK: BEV_ICED_TEA, BEV_ORANGE_JUICE
🛒 [2:01:52 PM] TXN-1787900512907-202-386952
   Outlet 202 | Staff: None | 3 items | S$44.25
   🚨 OUT OF STOCK: MNL_BEEG_HOON, BEV_ICED_TEA, LMT_ROTI_CANAI
💰 [2:02:00 PM] TXN-1787900520431-202-253651
   Outlet 202 | Staff: None | 1 items | S$17.70
   🚨 OUT OF STOCK: LMT_SATE
💰 [2:02:07 PM] TXN-1787900527118-169-108471
   Outlet 169 | Staff: Muhd Danish Bin Razak | 1 items | S$17.70
   🚨 OUT OF STOCK: LMT_SATE

📊 STATS:
   Total Sales: 2790
   Total Revenue: S$112808.00
   Avg Ticket: S$40.43
   Low Stock Alerts: 93
   Out of Stock: 2774
──────────────────────────────────────────────────
💰 [2:02:13 PM] TXN-1787900533920-170-550683
   Outlet 170 | Staff: Lee Jia En | 1 items | S$8.26
   🚨 OUT OF STOCK: BEV_MILO
🛒 [2:02:21 PM] TXN-1787900541226-167-589261
   Outlet 167 | Staff: Tan Wei Ming | 5 items | S$94.99
   🚨 OUT OF STOCK: MNL_CHICKEN_RICE, BEV_KOPI_O, BEV_MILO, BEV_LATTE, MNL_LAKSA
💰 [2:02:29 PM] TXN-1787900549996-171-948156
   Outlet 171 | Staff: Chua Kai Xin | 2 items | S$33.04
   🚨 OUT OF STOCK: MNL_CHICKEN_RICE, MNL_CHICKEN_RICE
🛒 [2:02:37 PM] TXN-1787900557236-164-191226
   Outlet 164 | Staff: Ng Jun Hao | 5 items | S$63.13
   🚨 OUT OF STOCK: BEV_LATTE, BEV_ICED_TEA, BEV_ICED_TEA, LMT_MIE_GORENG, BEV_KOPI_O
🛒 [2:02:45 PM] TXN-1787900565750-169-937513
   Outlet 169 | Staff: Koh Jia Yi | 5 items | S$59.59
   🚨 OUT OF STOCK: LMT_PRAWN_CRACKERS, BEV_LATTE, LMT_PRAWN_CRACKERS, LMT_ROTI_CANAI, BEV_MILO
💰 [2:02:54 PM] TXN-1787900574281-200-230204
   Outlet 200 | Staff: Priya D/O Mani | 1 items | S$16.52
   🚨 OUT OF STOCK: MNL_CHICKEN_RICE
💰 [2:03:00 PM] TXN-1787900580705-202-824258
   Outlet 202 | Staff: None | 1 items | S$7.67
   🚨 OUT OF STOCK: BEV_KOPI_O
🛒 [2:03:07 PM] TXN-1787900587296-169-351714
   Outlet 169 | Staff: Ng Jun Hao | 3 items | S$34.81
   🚨 OUT OF STOCK: BEV_ICED_TEA, BEV_MILO, LMT_MIE_GORENG
🛒 [2:03:15 PM] TXN-1787900595155-165-766088
   Outlet 165 | Staff: Tan Wei Ming | 4 items | S$54.87
   🚨 OUT OF STOCK: MNL_CHICKEN_RICE, BEV_KOPI_O, MNL_RICE_BOWL, BEV_ORANGE_JUICE
🛒 [2:03:22 PM] TXN-1787900602646-200-823086
   Outlet 200 | Staff: Syaza Aina | 4 items | S$56.64
   🚨 OUT OF STOCK: MNL_KWAY_TEOW, MNL_CHICKEN_RICE, MNL_CHICKEN_RICE, BEV_MILO

📊 STATS:
   Total Sales: 2800
   Total Revenue: S$113237.52
   Avg Ticket: S$40.44
   Low Stock Alerts: 93
   Out of Stock: 2784
──────────────────────────────────────────────────
🛒 [2:03:30 PM] TXN-1787900610194-164-611057
   Outlet 164 | Staff: Tan Jia Min | 3 items | S$33.63
   🚨 OUT OF STOCK: LMT_SATE, BEV_MILO, BEV_KOPI_O
🛒 [2:03:37 PM] TXN-1787900617546-168-993491
   Outlet 168 | Staff: Sanjay S/O Ramesh | 4 items | S$51.33
   🚨 OUT OF STOCK: BEV_KOPI_O, BEV_MILO, BEV_KOPI_O, BEV_LATTE
💰 [2:03:44 PM] TXN-1787900624981-170-395874
   Outlet 170 | Staff: Tan Wei Ming | 1 items | S$18.88
   🚨 OUT OF STOCK: MNL_BEEG_HOON
💰 [2:03:51 PM] TXN-1787900631635-169-824176
   Outlet 169 | Staff: Tan Wei Ming | 2 items | S$18.29
   🚨 OUT OF STOCK: LMT_MIE_GORENG, BEV_ICED_TEA
🛒 [2:03:58 PM] TXN-1787900638427-170-925607
   Outlet 170 | Staff: Tan Wei Ming | 3 items | S$43.66
   🚨 OUT OF STOCK: BEV_MILO, BEV_LATTE, BEV_KOPI_O
💰 [2:04:05 PM] TXN-1787900645567-170-569974
   Outlet 170 | Staff: Muhd Danish Bin Razak | 1 items | S$7.67
   🚨 OUT OF STOCK: BEV_KOPI_O
🛒 [2:04:12 PM] TXN-1787900652029-169-320550
   Outlet 169 | Staff: Lee Jia En | 5 items | S$64.90
   🚨 OUT OF STOCK: LMT_PRAWN_CRACKERS, BEV_MILO, LMT_MIE_GORENG, BEV_LATTE, BEV_LATTE
💰 [2:04:20 PM] TXN-1787900660053-167-706389
   Outlet 167 | Staff: Tan Wei Ming | 2 items | S$25.37
   🚨 OUT OF STOCK: BEV_KOPI_O, BEV_ORANGE_JUICE
🛒 [2:04:26 PM] TXN-1787900666855-201-682576
   Outlet 201 | Staff: None | 3 items | S$31.27
   🚨 OUT OF STOCK: BEV_ICED_TEA, LMT_PRAWN_CRACKERS, BEV_KOPI_O
💰 [2:04:33 PM] TXN-1787900673732-202-725923
   Outlet 202 | Staff: None | 2 items | S$26.55
   🚨 OUT OF STOCK: MNL_CHICKEN_RICE, BEV_LATTE

📊 STATS:
   Total Sales: 2810
   Total Revenue: S$113559.07
   Avg Ticket: S$40.41
   Low Stock Alerts: 93
   Out of Stock: 2794
──────────────────────────────────────────────────
🛒 [2:04:40 PM] TXN-1787900680468-201-935099
   Outlet 201 | Staff: None | 3 items | S$33.63
   🚨 OUT OF STOCK: MNL_RICE_BOWL, BEV_KOPI_O, BEV_ICED_TEA
💰 [2:04:47 PM] TXN-1787900687667-202-186208
   Outlet 202 | Staff: None | 2 items | S$15.34
   🚨 OUT OF STOCK: BEV_KOPI_O, BEV_KOPI_O
💰 [2:04:54 PM] TXN-1787900694507-201-358708
   Outlet 201 | Staff: None | 2 items | S$33.04
   🚨 OUT OF STOCK: MNL_RICE_BOWL, BEV_LATTE
🛒 [2:05:01 PM] TXN-1787900701015-169-936735
   Outlet 169 | Staff: Ng Jun Hao | 3 items | S$37.76
   🚨 OUT OF STOCK: LMT_ROTI_CANAI, BEV_MILO, BEV_LATTE
🛒 [2:05:07 PM] TXN-1787900707927-165-299065
   Outlet 165 | Staff: Ahmad Faiz Bin Hassan | 4 items | S$68.44
   🚨 OUT OF STOCK: LMT_NASI_GORENG, BEV_MILO, LMT_PRAWN_CRACKERS, MNL_CHICKEN_RICE
🛒 [2:05:15 PM] TXN-1787900715195-169-321324
   Outlet 169 | Staff: Ng Jun Hao | 5 items | S$76.70
   🚨 OUT OF STOCK: LMT_ROTI_CANAI, BEV_KOPI_O, BEV_ORANGE_JUICE, MNL_KWAY_TEOW, BEV_LATTE
💰 [2:05:22 PM] TXN-1787900722662-164-170636
   Outlet 164 | Staff: Rajesh Kumar | 1 items | S$18.88
   🚨 OUT OF STOCK: MNL_BEEG_HOON
💰 [2:05:28 PM] TXN-1787900728804-167-215833
   Outlet 167 | Staff: Ahmad Faiz Bin Hassan | 2 items | S$20.06
   🚨 OUT OF STOCK: BEV_LATTE, BEV_LATTE
💰 [2:05:35 PM] TXN-1787900735241-171-265559
   Outlet 171 | Staff: Nur Aisyah | 2 items | S$21.83
   🚨 OUT OF STOCK: BEV_ICED_TEA, BEV_KOPI_O
🛒 [2:05:42 PM] TXN-1787900742762-201-146224
   Outlet 201 | Staff: None | 4 items | S$60.18
   🚨 OUT OF STOCK: MNL_KWAY_TEOW, BEV_LATTE, BEV_ORANGE_JUICE, MNL_RICE_BOWL

📊 STATS:
   Total Sales: 2820
   Total Revenue: S$113944.93
   Avg Ticket: S$40.41
   Low Stock Alerts: 93
   Out of Stock: 2804
──────────────────────────────────────────────────
💰 [2:05:49 PM] TXN-1787900749927-170-329130
   Outlet 170 | Staff: Tan Wei Ming | 1 items | S$18.88
   🚨 OUT OF STOCK: MNL_BEEG_HOON
💰 [2:05:56 PM] TXN-1787900756798-164-977136
   Outlet 164 | Staff: Nurul Huda Bte Ali | 2 items | S$26.55
   🚨 OUT OF STOCK: MNL_LAKSA, BEV_MILO
🛒 [2:06:03 PM] TXN-1787900763658-200-844915
   Outlet 200 | Staff: Kumar Sanjay | 3 items | S$31.86
   🚨 OUT OF STOCK: MNL_CHICKEN_RICE, BEV_KOPI_O, BEV_KOPI_O
🛒 [2:06:10 PM] TXN-1787900770729-169-346190
   Outlet 169 | Staff: Tan Wei Ming | 4 items | S$50.15
   🚨 OUT OF STOCK: BEV_LATTE, BEV_KOPI_O, LMT_MIE_GORENG, MNL_RICE_BOWL
💰 [2:06:17 PM] TXN-1787900777752-168-699479
   Outlet 168 | Staff: Tan Wei Ming | 1 items | S$15.34
   🚨 OUT OF STOCK: MNL_KWAY_TEOW
💰 [2:06:24 PM] TXN-1787900784021-201-123968
   Outlet 201 | Staff: None | 2 items | S$25.96
   🚨 OUT OF STOCK: MNL_RICE_BOWL, BEV_ICED_TEA
🛒 [2:06:30 PM] TXN-1787900790485-165-690019
   Outlet 165 | Staff: Muhd Danish Bin Razak | 3 items | S$43.07
   🚨 OUT OF STOCK: MNL_BEEG_HOON, LMT_SATE, BEV_ICED_TEA
🛒 [2:06:37 PM] TXN-1787900797275-201-114813
   Outlet 201 | Staff: None | 5 items | S$63.13
   🚨 OUT OF STOCK: LMT_MIE_GORENG, BEV_ICED_TEA, BEV_ORANGE_JUICE, LMT_PRAWN_CRACKERS, BEV_ORANGE_JUICE
🛒 [2:06:44 PM] TXN-1787900804828-168-950026
   Outlet 168 | Staff: Chua Kai Xin | 3 items | S$71.98
   🚨 OUT OF STOCK: LMT_SATE, BEV_ORANGE_JUICE, MNL_LAKSA
💰 [2:06:51 PM] TXN-1787900811563-167-405165
   Outlet 167 | Staff: Ahmad Faiz Bin Hassan | 1 items | S$4.72
   🚨 OUT OF STOCK: LMT_PRAWN_CRACKERS

📊 STATS:
   Total Sales: 2830
   Total Revenue: S$114296.57
   Avg Ticket: S$40.39
   Low Stock Alerts: 93
   Out of Stock: 2814
──────────────────────────────────────────────────
💰 [2:06:57 PM] TXN-1787900817736-201-125325
   Outlet 201 | Staff: None | 1 items | S$7.67
   🚨 OUT OF STOCK: BEV_KOPI_O
🛒 [2:07:03 PM] TXN-1787900823973-201-248809
   Outlet 201 | Staff: None | 4 items | S$56.05
   🚨 OUT OF STOCK: BEV_ICED_TEA, BEV_ORANGE_JUICE, BEV_MILO, MNL_KWAY_TEOW
🛒 [2:07:10 PM] TXN-1787900830951-200-462545
   Outlet 200 | Staff: Kumar Sanjay | 3 items | S$57.82
   🚨 OUT OF STOCK: BEV_LATTE, BEV_LATTE, MNL_BEEG_HOON
🛒 [2:07:17 PM] TXN-1787900837781-170-244481
   Outlet 170 | Staff: Tan Wei Ming | 4 items | S$41.89
   ⚠️ LOW STOCK: LMT_PRAWN_CRACKERS
   🚨 OUT OF STOCK: LMT_ROTI_CANAI, BEV_LATTE, LMT_SATE
💰 [2:07:24 PM] TXN-1787900844711-202-646988
   Outlet 202 | Staff: None | 2 items | S$18.29
   🚨 OUT OF STOCK: LMT_ROTI_CANAI, BEV_ORANGE_JUICE
🛒 [2:07:31 PM] TXN-1787900851097-202-650211
   Outlet 202 | Staff: None | 4 items | S$67.26
   🚨 OUT OF STOCK: BEV_ICED_TEA, BEV_ORANGE_JUICE, LMT_SATE, BEV_KOPI_O
💰 [2:07:38 PM] TXN-1787900858439-202-448084
   Outlet 202 | Staff: None | 2 items | S$19.47
   🚨 OUT OF STOCK: MNL_RICE_BOWL, BEV_ICED_TEA
🛒 [2:07:44 PM] TXN-1787900864985-201-308635
   Outlet 201 | Staff: None | 5 items | S$77.88
   🚨 OUT OF STOCK: MNL_KWAY_TEOW, BEV_KOPI_O, MNL_KWAY_TEOW, BEV_KOPI_O, BEV_MILO
💰 [2:07:52 PM] TXN-1787900872539-202-101550
   Outlet 202 | Staff: None | 1 items | S$4.72
   🚨 OUT OF STOCK: LMT_PRAWN_CRACKERS
🛒 [2:07:58 PM] TXN-1787900878821-168-711168
   Outlet 168 | Staff: Li Ying Zhi | 4 items | S$53.10
   🚨 OUT OF STOCK: MNL_CHICKEN_RICE, BEV_LATTE, BEV_LATTE, BEV_ICED_TEA

📊 STATS:
   Total Sales: 2840
   Total Revenue: S$114700.72
   Avg Ticket: S$40.39
   Low Stock Alerts: 94
   Out of Stock: 2824
──────────────────────────────────────────────────
💰 [2:08:05 PM] TXN-1787900885759-165-779272
   Outlet 165 | Staff: Tan Wei Ming | 2 items | S$25.37
   🚨 OUT OF STOCK: MNL_CHICKEN_RICE, BEV_ORANGE_JUICE
🛒 [2:08:12 PM] TXN-1787900892165-170-517846
   Outlet 170 | Staff: Tan Wei Ming | 5 items | S$107.97
   🚨 OUT OF STOCK: BEV_LATTE, BEV_LATTE, BEV_LATTE, BEV_LATTE, MNL_BEEG_HOON
🛒 [2:08:19 PM] TXN-1787900899331-201-242775
   Outlet 201 | Staff: None | 4 items | S$55.46
   🚨 OUT OF STOCK: LMT_SATE, LMT_PRAWN_CRACKERS, BEV_ICED_TEA, BEV_KOPI_O
💰 [2:08:26 PM] TXN-1787900906287-201-729584
   Outlet 201 | Staff: None | 1 items | S$8.85
   🚨 OUT OF STOCK: BEV_ORANGE_JUICE
🛒 [2:08:32 PM] TXN-1787900912311-167-962356
   Outlet 167 | Staff: Sanjay S/O Ramesh | 3 items | S$41.30
   🚨 OUT OF STOCK: LMT_SATE, BEV_MILO, BEV_KOPI_O
🛒 [2:08:39 PM] TXN-1787900919238-164-136118
   Outlet 164 | Staff: Ahmad Faiz Bin Hassan | 4 items | S$40.71
   🚨 OUT OF STOCK: BEV_ICED_TEA, MNL_KWAY_TEOW, BEV_LATTE, BEV_ORANGE_JUICE
🛒 [2:08:46 PM] TXN-1787900926221-167-407307
   Outlet 167 | Staff: Muhd Danish Bin Razak | 4 items | S$82.60
   🚨 OUT OF STOCK: LMT_MIE_GORENG, LMT_NASI_GORENG, MNL_LAKSA, BEV_LATTE
🛒 [2:08:53 PM] TXN-1787900933586-201-880234
   Outlet 201 | Staff: None | 3 items | S$35.99
   🚨 OUT OF STOCK: LMT_MIE_GORENG, BEV_MILO, BEV_KOPI_O
🛒 [2:09:00 PM] TXN-1787900940329-200-905203
   Outlet 200 | Staff: Kumar Sanjay | 5 items | S$49.56
   🚨 OUT OF STOCK: LMT_PRAWN_CRACKERS, MNL_RICE_BOWL, MNL_KWAY_TEOW, BEV_KOPI_O, BEV_ORANGE_JUICE
🛒 [2:09:07 PM] TXN-1787900947635-169-246657
   Outlet 169 | Staff: Lee Jia En | 4 items | S$48.97
   🚨 OUT OF STOCK: MNL_CHICKEN_RICE, BEV_KOPI_O, LMT_ROTI_CANAI, BEV_KOPI_O

📊 STATS:
   Total Sales: 2850
   Total Revenue: S$115197.50
   Avg Ticket: S$40.42
   Low Stock Alerts: 94
   Out of Stock: 2834
──────────────────────────────────────────────────
🛒 [2:09:14 PM] TXN-1787900954730-170-902909
   Outlet 170 | Staff: Muhd Danish Bin Razak | 4 items | S$53.10
   🚨 OUT OF STOCK: LMT_MIE_GORENG, BEV_KOPI_O, BEV_LATTE, LMT_MIE_GORENG
💰 [2:09:22 PM] TXN-1787900962208-171-873253
   Outlet 171 | Staff: Chua Kai Xin | 1 items | S$11.80
   🚨 OUT OF STOCK: LMT_MIE_GORENG
💰 [2:09:28 PM] TXN-1787900968300-202-839710
   Outlet 202 | Staff: None | 2 items | S$20.06
   🚨 OUT OF STOCK: MNL_KWAY_TEOW, LMT_PRAWN_CRACKERS
💰 [2:09:34 PM] TXN-1787900974710-169-432804
   Outlet 169 | Staff: Tan Wei Ming | 2 items | S$22.42
   🚨 OUT OF STOCK: BEV_MILO, LMT_NASI_GORENG
🛒 [2:09:41 PM] TXN-1787900981175-169-183856
   Outlet 169 | Staff: Ng Jun Hao | 3 items | S$20.65
   🚨 OUT OF STOCK: BEV_ICED_TEA, BEV_ICED_TEA, BEV_KOPI_O
🛒 [2:09:47 PM] TXN-1787900987885-169-628099
   Outlet 169 | Staff: Tan Wei Ming | 3 items | S$19.47
   🚨 OUT OF STOCK: BEV_ICED_TEA, BEV_ICED_TEA, BEV_ICED_TEA
💰 [2:09:54 PM] TXN-1787900994495-171-742530
   Outlet 171 | Staff: Nurul Huda Bte Ali | 2 items | S$35.40
   🚨 OUT OF STOCK: MNL_BEEG_HOON, BEV_MILO
🛒 [2:10:00 PM] TXN-1787901000898-170-998646
   Outlet 170 | Staff: Ng Jun Hao | 4 items | S$52.51
   🚨 OUT OF STOCK: MNL_BEEG_HOON, BEV_ICED_TEA, LMT_NASI_GORENG, BEV_ICED_TEA
💰 [2:10:08 PM] TXN-1787901008207-171-218713
   Outlet 171 | Staff: Chua Kai Xin | 2 items | S$27.14
   🚨 OUT OF STOCK: MNL_BEEG_HOON, BEV_MILO
💰 [2:10:14 PM] TXN-1787901014988-171-370003
   Outlet 171 | Staff: Sanjay S/O Ramesh | 2 items | S$34.22
   🚨 OUT OF STOCK: MNL_BEEG_HOON, BEV_KOPI_O

📊 STATS:
   Total Sales: 2860
   Total Revenue: S$115494.27
   Avg Ticket: S$40.38
   Low Stock Alerts: 94
   Out of Stock: 2844
──────────────────────────────────────────────────
💰 [2:10:21 PM] TXN-1787901021674-165-468893
   Outlet 165 | Staff: Ahmad Faiz Bin Hassan | 2 items | S$25.37
   🚨 OUT OF STOCK: BEV_KOPI_O, LMT_SATE
💰 [2:10:28 PM] TXN-1787901028121-168-645666
   Outlet 168 | Staff: Sanjay S/O Ramesh | 2 items | S$28.32
   🚨 OUT OF STOCK: LMT_ROTI_CANAI, MNL_BEEG_HOON
🛒 [2:10:34 PM] TXN-1787901034660-169-877176
   Outlet 169 | Staff: Muhd Danish Bin Razak | 3 items | S$41.89
   🚨 OUT OF STOCK: LMT_NASI_GORENG, BEV_LATTE, BEV_ORANGE_JUICE
💰 [2:10:41 PM] TXN-1787901041870-200-396851
   Outlet 200 | Staff: Kumar Sanjay | 1 items | S$15.34
   🚨 OUT OF STOCK: MNL_KWAY_TEOW
🛒 [2:10:47 PM] TXN-1787901047988-165-339760
   Outlet 165 | Staff: Muhd Danish Bin Razak | 5 items | S$70.80
   🚨 OUT OF STOCK: LMT_SATE, BEV_LATTE, BEV_ORANGE_JUICE, BEV_ORANGE_JUICE, BEV_ICED_TEA
💰 [2:10:55 PM] TXN-1787901055262-169-299370
   Outlet 169 | Staff: Ng Jun Hao | 1 items | S$15.34
   🚨 OUT OF STOCK: MNL_KWAY_TEOW
🛒 [2:11:01 PM] TXN-1787901061304-202-480751
   Outlet 202 | Staff: None | 3 items | S$38.35
   🚨 OUT OF STOCK: MNL_RICE_BOWL, BEV_MILO, BEV_ORANGE_JUICE
💰 [2:11:08 PM] TXN-1787901068140-171-166781
   Outlet 171 | Staff: Sanjay S/O Ramesh | 1 items | S$12.98
   🚨 OUT OF STOCK: MNL_RICE_BOWL
🛒 [2:11:14 PM] TXN-1787901074366-170-994949
   Outlet 170 | Staff: Lim Pei Ling | 3 items | S$33.04
   🚨 OUT OF STOCK: BEV_MILO, BEV_MILO, BEV_MILO
🛒 [2:11:21 PM] TXN-1787901081105-168-121635
   Outlet 168 | Staff: Chua Kai Xin | 3 items | S$35.99
   🚨 OUT OF STOCK: BEV_KOPI_O, BEV_KOPI_O, BEV_ICED_TEA

📊 STATS:
   Total Sales: 2870
   Total Revenue: S$115811.69
   Avg Ticket: S$40.35
   Low Stock Alerts: 94
   Out of Stock: 2854
──────────────────────────────────────────────────
🛒 [2:11:28 PM] TXN-1787901088023-201-746239
   Outlet 201 | Staff: None | 3 items | S$36.58
   🚨 OUT OF STOCK: LMT_ROTI_CANAI, MNL_BEEG_HOON, BEV_MILO
💰 [2:11:34 PM] TXN-1787901094657-169-841825
   Outlet 169 | Staff: Ng Jun Hao | 1 items | S$18.88
   🚨 OUT OF STOCK: MNL_BEEG_HOON
💰 [2:11:42 PM] TXN-1787901102334-171-641408
   Outlet 171 | Staff: Nur Aisyah | 1 items | S$4.72
   🚨 OUT OF STOCK: LMT_PRAWN_CRACKERS
🛒 [2:11:48 PM] TXN-1787901108340-171-890648
   Outlet 171 | Staff: Sanjay S/O Ramesh | 5 items | S$65.49
   🚨 OUT OF STOCK: BEV_LATTE, BEV_ICED_TEA, LMT_MIE_GORENG, BEV_LATTE, BEV_KOPI_O
🛒 [2:11:55 PM] TXN-1787901115736-167-588890
   Outlet 167 | Staff: Tan Wei Ming | 4 items | S$64.31
   🚨 OUT OF STOCK: MNL_LAKSA, BEV_LATTE, BEV_MILO, BEV_ORANGE_JUICE
🛒 [2:12:02 PM] TXN-1787901122981-165-817058
   Outlet 165 | Staff: Tan Wei Ming | 5 items | S$67.26
   🚨 OUT OF STOCK: LMT_SATE, BEV_ORANGE_JUICE, BEV_KOPI_O, BEV_ICED_TEA, BEV_LATTE
💰 [2:12:10 PM] TXN-1787901130924-201-506693
   Outlet 201 | Staff: None | 1 items | S$8.26
   🚨 OUT OF STOCK: BEV_MILO
🛒 [2:12:17 PM] TXN-1787901137534-201-624849
   Outlet 201 | Staff: None | 4 items | S$78.47
   🚨 OUT OF STOCK: MNL_CHICKEN_RICE, MNL_BEEG_HOON, BEV_KOPI_O, BEV_MILO
🛒 [2:12:24 PM] TXN-1787901144776-170-312651
   Outlet 170 | Staff: Ng Jun Hao | 3 items | S$34.22
   🚨 OUT OF STOCK: MNL_RICE_BOWL, BEV_MILO, BEV_ICED_TEA
🛒 [2:12:31 PM] TXN-1787901151514-170-976324
   Outlet 170 | Staff: Tan Wei Ming | 4 items | S$53.69
   🚨 OUT OF STOCK: MNL_LAKSA, BEV_ICED_TEA, BEV_ORANGE_JUICE, BEV_LATTE

📊 STATS:
   Total Sales: 2880
   Total Revenue: S$116243.57
   Avg Ticket: S$40.36
   Low Stock Alerts: 94
   Out of Stock: 2864
──────────────────────────────────────────────────
🛒 [2:12:38 PM] TXN-1787901158622-167-241870
   Outlet 167 | Staff: Tan Wei Ming | 4 items | S$41.89
   🚨 OUT OF STOCK: LMT_PRAWN_CRACKERS, BEV_KOPI_O, BEV_ICED_TEA, BEV_ORANGE_JUICE
🛒 [2:12:45 PM] TXN-1787901165844-200-219196
   Outlet 200 | Staff: Syaza Aina | 4 items | S$51.33
   🚨 OUT OF STOCK: MNL_RICE_BOWL, BEV_KOPI_O, BEV_MILO, BEV_ICED_TEA
🛒 [2:12:52 PM] TXN-1787901172951-171-751146
   Outlet 171 | Staff: Ng Jun Hao | 4 items | S$47.79
   🚨 OUT OF STOCK: LMT_PRAWN_CRACKERS, BEV_ICED_TEA, BEV_LATTE, BEV_MILO
🛒 [2:12:59 PM] TXN-1787901179939-164-670541
   Outlet 164 | Staff: Tan Wei Ming | 4 items | S$70.80
   🚨 OUT OF STOCK: MNL_BEEG_HOON, BEV_KOPI_O, BEV_LATTE, BEV_MILO
💰 [2:13:07 PM] TXN-1787901187532-169-483261
   Outlet 169 | Staff: Muhd Danish Bin Razak | 1 items | S$8.26
   🚨 OUT OF STOCK: BEV_MILO
💰 [2:13:13 PM] TXN-1787901193682-200-392629
   Outlet 200 | Staff: Kumar Sanjay | 2 items | S$23.60
   🚨 OUT OF STOCK: LMT_ROTI_CANAI, LMT_NASI_GORENG
🛒 [2:13:20 PM] TXN-1787901200292-168-332396
   Outlet 168 | Staff: Nurul Huda Bte Ali | 4 items | S$91.45
   🚨 OUT OF STOCK: MNL_LAKSA, LMT_SATE, BEV_LATTE, BEV_ORANGE_JUICE
🛒 [2:13:27 PM] TXN-1787901207474-170-423070
   Outlet 170 | Staff: Muhd Danish Bin Razak | 3 items | S$36.58
   🚨 OUT OF STOCK: MNL_RICE_BOWL, BEV_KOPI_O, BEV_MILO
💰 [2:13:34 PM] TXN-1787901214278-200-173403
   Outlet 200 | Staff: Priya D/O Mani | 2 items | S$26.55
   🚨 OUT OF STOCK: MNL_CHICKEN_RICE, BEV_LATTE
💰 [2:13:40 PM] TXN-1787901220606-168-306233
   Outlet 168 | Staff: Chua Kai Xin | 2 items | S$34.22
   🚨 OUT OF STOCK: LMT_SATE, BEV_MILO

📊 STATS:
   Total Sales: 2890
   Total Revenue: S$116676.04
   Avg Ticket: S$40.37
   Low Stock Alerts: 94
   Out of Stock: 2874
──────────────────────────────────────────────────
🛒 [2:13:47 PM] TXN-1787901227004-170-242483
   Outlet 170 | Staff: Muhd Danish Bin Razak | 3 items | S$63.72
   🚨 OUT OF STOCK: LMT_SATE, MNL_BEEG_HOON, BEV_MILO
💰 [2:13:53 PM] TXN-1787901233687-200-942269
   Outlet 200 | Staff: Kumar Sanjay | 1 items | S$17.70
   🚨 OUT OF STOCK: LMT_SATE
💰 [2:13:59 PM] TXN-1787901239780-169-790407
   Outlet 169 | Staff: Muhd Danish Bin Razak | 1 items | S$17.70
   🚨 OUT OF STOCK: LMT_SATE
💰 [2:14:06 PM] TXN-1787901246997-202-866445
   Outlet 202 | Staff: None | 1 items | S$14.16
   🚨 OUT OF STOCK: LMT_NASI_GORENG
🛒 [2:14:13 PM] TXN-1787901253120-167-619737
   Outlet 167 | Staff: Muhd Danish Bin Razak | 5 items | S$69.62
   🚨 OUT OF STOCK: BEV_MILO, BEV_MILO, BEV_MILO, BEV_MILO, BEV_LATTE
🛒 [2:14:20 PM] TXN-1787901260453-165-841336
   Outlet 165 | Staff: Tan Wei Ming | 5 items | S$55.46
   🚨 OUT OF STOCK: BEV_ICED_TEA, BEV_MILO, BEV_ORANGE_JUICE, BEV_MILO, BEV_KOPI_O
🛒 [2:14:28 PM] TXN-1787901268273-202-301037
   Outlet 202 | Staff: None | 4 items | S$55.46
   🚨 OUT OF STOCK: BEV_ORANGE_JUICE, BEV_ORANGE_JUICE, MNL_BEEG_HOON, BEV_LATTE
💰 [2:14:35 PM] TXN-1787901275333-171-716288
   Outlet 171 | Staff: Priya D/O Mani | 1 items | S$18.88
   🚨 OUT OF STOCK: MNL_BEEG_HOON
💰 [2:14:41 PM] TXN-1787901281505-167-125141
   Outlet 167 | Staff: Muhd Danish Bin Razak | 1 items | S$10.03
   🚨 OUT OF STOCK: BEV_LATTE
💰 [2:14:47 PM] TXN-1787901287583-167-815875
   Outlet 167 | Staff: Nurul Huda Bte Ali | 2 items | S$49.56
   🚨 OUT OF STOCK: MNL_RICE_BOWL, MNL_LAKSA

📊 STATS:
   Total Sales: 2900
   Total Revenue: S$117048.33
   Avg Ticket: S$40.36
   Low Stock Alerts: 94
   Out of Stock: 2884
──────────────────────────────────────────────────
💰 [2:14:54 PM] TXN-1787901294229-202-727413
   Outlet 202 | Staff: None | 2 items | S$27.14
   🚨 OUT OF STOCK: LMT_MIE_GORENG, BEV_KOPI_O
🛒 [2:15:00 PM] TXN-1787901300923-169-205423
   Outlet 169 | Staff: Tan Wei Ming | 4 items | S$56.64
   🚨 OUT OF STOCK: BEV_LATTE, BEV_LATTE, BEV_LATTE, BEV_ICED_TEA
💰 [2:15:08 PM] TXN-1787901308125-167-240838
   Outlet 167 | Staff: Nurul Huda Bte Ali | 2 items | S$24.19
   🚨 OUT OF STOCK: LMT_NASI_GORENG, BEV_LATTE
🛒 [2:15:14 PM] TXN-1787901314792-164-708551
   Outlet 164 | Staff: Nurul Huda Bte Ali | 5 items | S$66.67
   🚨 OUT OF STOCK: BEV_ICED_TEA, BEV_ICED_TEA, BEV_MILO, BEV_LATTE, LMT_SATE
🛒 [2:15:23 PM] TXN-1787901323638-171-856119
   Outlet 171 | Staff: Nurul Huda Bte Ali | 4 items | S$38.94
   🚨 OUT OF STOCK: MNL_LAKSA, BEV_ICED_TEA, BEV_KOPI_O, BEV_ICED_TEA
🛒 [2:15:32 PM] TXN-1787901332975-165-503833
   Outlet 165 | Staff: Lee Jia En | 3 items | S$36.58
   🚨 OUT OF STOCK: LMT_PRAWN_CRACKERS, LMT_MIE_GORENG, BEV_MILO
🛒 [2:15:39 PM] TXN-1787901339773-168-660919
   Outlet 168 | Staff: Lee Jia En | 4 items | S$56.64
   🚨 OUT OF STOCK: BEV_KOPI_O, BEV_LATTE, BEV_LATTE, LMT_ROTI_CANAI
🛒 [2:15:47 PM] TXN-1787901347259-169-638739
   Outlet 169 | Staff: Ng Jun Hao | 4 items | S$48.38
   🚨 OUT OF STOCK: BEV_MILO, BEV_KOPI_O, BEV_MILO, BEV_MILO
💰 [2:15:54 PM] TXN-1787901354317-170-566519
   Outlet 170 | Staff: Muhd Danish Bin Razak | 2 items | S$18.29
   🚨 OUT OF STOCK: LMT_ROTI_CANAI, BEV_ORANGE_JUICE
💰 [2:16:00 PM] TXN-1787901360718-169-253965
   Outlet 169 | Staff: Tan Wei Ming | 1 items | S$16.52
   🚨 OUT OF STOCK: MNL_CHICKEN_RICE

📊 STATS:
   Total Sales: 2910
   Total Revenue: S$117438.32
   Avg Ticket: S$40.36
   Low Stock Alerts: 94
   Out of Stock: 2894
──────────────────────────────────────────────────
🛒 [2:16:07 PM] TXN-1787901367046-201-416261
   Outlet 201 | Staff: None | 4 items | S$42.48
   🚨 OUT OF STOCK: LMT_NASI_GORENG, BEV_MILO, LMT_PRAWN_CRACKERS, BEV_KOPI_O
💰 [2:16:14 PM] TXN-1787901374136-202-441126
   Outlet 202 | Staff: None | 2 items | S$25.37
   🚨 OUT OF STOCK: BEV_ORANGE_JUICE, BEV_MILO
🛒 [2:16:20 PM] TXN-1787901380623-168-743002
   Outlet 168 | Staff: Sanjay S/O Ramesh | 5 items | S$105.61
   🚨 OUT OF STOCK: MNL_KWAY_TEOW, LMT_NASI_GORENG, LMT_SATE, BEV_ORANGE_JUICE, BEV_ORANGE_JUICE
🛒 [2:16:27 PM] TXN-1787901387895-168-508082
   Outlet 168 | Staff: Li Ying Zhi | 5 items | S$56.64
   🚨 OUT OF STOCK: MNL_LAKSA, BEV_KOPI_O, BEV_ORANGE_JUICE, BEV_ICED_TEA, BEV_ICED_TEA
🛒 [2:16:35 PM] TXN-1787901395333-171-213823
   Outlet 171 | Staff: Chua Kai Xin | 4 items | S$46.02
   🚨 OUT OF STOCK: BEV_ORANGE_JUICE, BEV_ORANGE_JUICE, BEV_KOPI_O, BEV_ICED_TEA
💰 [2:16:44 PM] TXN-1787901404777-202-381720
   Outlet 202 | Staff: None | 2 items | S$21.83
   🚨 OUT OF STOCK: BEV_ORANGE_JUICE, MNL_RICE_BOWL
💰 [2:16:51 PM] TXN-1787901411147-165-505292
   Outlet 165 | Staff: Tan Wei Ming | 1 items | S$18.29
   🚨 OUT OF STOCK: MNL_LAKSA
🛒 [2:16:57 PM] TXN-1787901417864-168-892164
   Outlet 168 | Staff: Priya D/O Mani | 5 items | S$67.26
   🚨 OUT OF STOCK: BEV_ICED_TEA, BEV_KOPI_O, BEV_ORANGE_JUICE, BEV_LATTE, BEV_KOPI_O
💰 [2:17:05 PM] TXN-1787901425121-165-618117
   Outlet 165 | Staff: Tan Wei Ming | 1 items | S$6.49
   🚨 OUT OF STOCK: BEV_ICED_TEA
💰 [2:17:11 PM] TXN-1787901431327-168-784505
   Outlet 168 | Staff: Tan Wei Ming | 2 items | S$27.73
   🚨 OUT OF STOCK: MNL_BEEG_HOON, BEV_ORANGE_JUICE

📊 STATS:
   Total Sales: 2920
   Total Revenue: S$117856.04
   Avg Ticket: S$40.36
   Low Stock Alerts: 94
   Out of Stock: 2904
──────────────────────────────────────────────────
🛒 [2:17:17 PM] TXN-1787901437770-200-237024
   Outlet 200 | Staff: Syaza Aina | 4 items | S$58.41
   🚨 OUT OF STOCK: MNL_KWAY_TEOW, BEV_ORANGE_JUICE, BEV_ORANGE_JUICE, BEV_KOPI_O
🛒 [2:17:25 PM] TXN-1787901445224-202-197096
   Outlet 202 | Staff: None | 3 items | S$58.41
   🚨 OUT OF STOCK: LMT_SATE, MNL_KWAY_TEOW, BEV_LATTE
🛒 [2:17:35 PM] TXN-1787901455720-167-510616
   Outlet 167 | Staff: Chong Wei Sheng | 4 items | S$53.10
   🚨 OUT OF STOCK: LMT_NASI_GORENG, BEV_KOPI_O, BEV_ICED_TEA, MNL_LAKSA
💰 [2:17:43 PM] TXN-1787901463470-202-915292
   Outlet 202 | Staff: None | 1 items | S$11.80
   🚨 OUT OF STOCK: LMT_MIE_GORENG
💰 [2:17:49 PM] TXN-1787901469711-169-931812
   Outlet 169 | Staff: Sanjay S/O Ramesh | 1 items | S$6.49
   🚨 OUT OF STOCK: BEV_ICED_TEA
🛒 [2:17:55 PM] TXN-1787901475883-200-212746
   Outlet 200 | Staff: Kumar Sanjay | 4 items | S$54.28
   🚨 OUT OF STOCK: MNL_BEEG_HOON, BEV_KOPI_O, BEV_KOPI_O, LMT_PRAWN_CRACKERS
🛒 [2:18:03 PM] TXN-1787901483057-202-332634
   Outlet 202 | Staff: None | 3 items | S$33.04
   🚨 OUT OF STOCK: MNL_KWAY_TEOW, BEV_LATTE, BEV_KOPI_O
🛒 [2:18:09 PM] TXN-1787901489818-168-956122
   Outlet 168 | Staff: Ng Jun Hao | 3 items | S$33.63
   🚨 OUT OF STOCK: BEV_KOPI_O, LMT_SATE, BEV_MILO
🛒 [2:18:17 PM] TXN-1787901497504-164-751480
   Outlet 164 | Staff: Rajesh Kumar | 4 items | S$60.77
   🚨 OUT OF STOCK: BEV_LATTE, BEV_ICED_TEA, BEV_KOPI_O, MNL_LAKSA
🛒 [2:18:24 PM] TXN-1787901504608-168-632201
   Outlet 168 | Staff: Nurul Huda Bte Ali | 5 items | S$54.87
   🚨 OUT OF STOCK: LMT_PRAWN_CRACKERS, LMT_ROTI_CANAI, BEV_ORANGE_JUICE, BEV_KOPI_O, BEV_KOPI_O

📊 STATS:
   Total Sales: 2930
   Total Revenue: S$118280.84
   Avg Ticket: S$40.37
   Low Stock Alerts: 94
   Out of Stock: 2914
──────────────────────────────────────────────────
🛒 [2:18:32 PM] TXN-1787901512026-169-536087
   Outlet 169 | Staff: Lee Jia En | 3 items | S$34.81
   🚨 OUT OF STOCK: BEV_ICED_TEA, BEV_LATTE, BEV_MILO
💰 [2:18:38 PM] TXN-1787901518822-164-495270
   Outlet 164 | Staff: Rajesh Kumar | 1 items | S$15.34
   🚨 OUT OF STOCK: MNL_KWAY_TEOW
🛒 [2:18:44 PM] TXN-1787901524921-170-492701
   Outlet 170 | Staff: Ng Jun Hao | 3 items | S$51.33
   🚨 OUT OF STOCK: MNL_LAKSA, MNL_KWAY_TEOW, BEV_ORANGE_JUICE
💰 [2:18:51 PM] TXN-1787901531544-170-841701
   Outlet 170 | Staff: Tan Wei Ming | 1 items | S$18.29
   🚨 OUT OF STOCK: MNL_LAKSA
🛒 [2:18:57 PM] TXN-1787901537562-165-460661
   Outlet 165 | Staff: Ng Jun Hao | 4 items | S$31.27
   🚨 OUT OF STOCK: LMT_ROTI_CANAI, BEV_KOPI_O, BEV_ICED_TEA, BEV_KOPI_O
💰 [2:19:04 PM] TXN-1787901544514-202-358508
   Outlet 202 | Staff: None | 1 items | S$12.98
   🚨 OUT OF STOCK: MNL_RICE_BOWL
🛒 [2:19:10 PM] TXN-1787901550675-165-796157
   Outlet 165 | Staff: Lee Jia En | 5 items | S$73.16
   🚨 OUT OF STOCK: MNL_LAKSA, BEV_KOPI_O, BEV_ICED_TEA, BEV_ORANGE_JUICE, BEV_MILO
💰 [2:19:18 PM] TXN-1787901558182-201-443428
   Outlet 201 | Staff: None | 1 items | S$18.29
   🚨 OUT OF STOCK: MNL_LAKSA
💰 [2:19:24 PM] TXN-1787901564424-171-698520
   Outlet 171 | Staff: Rajesh Kumar | 2 items | S$12.39
   🚨 OUT OF STOCK: LMT_PRAWN_CRACKERS, BEV_KOPI_O
🛒 [2:19:30 PM] TXN-1787901570719-171-321213
   Outlet 171 | Staff: Muhd Danish Bin Razak | 5 items | S$48.38
   🚨 OUT OF STOCK: BEV_ICED_TEA, BEV_ICED_TEA, BEV_KOPI_O, BEV_ICED_TEA, BEV_MILO

📊 STATS:
   Total Sales: 2940
   Total Revenue: S$118597.08
   Avg Ticket: S$40.34
   Low Stock Alerts: 94
   Out of Stock: 2924
──────────────────────────────────────────────────
🛒 [2:19:38 PM] TXN-1787901578016-167-492397
   Outlet 167 | Staff: Chong Wei Sheng | 3 items | S$35.99
   🚨 OUT OF STOCK: MNL_KWAY_TEOW, BEV_KOPI_O, BEV_ICED_TEA
💰 [2:19:44 PM] TXN-1787901584725-171-714554
   Outlet 171 | Staff: Priya D/O Mani | 2 items | S$26.55
   🚨 OUT OF STOCK: BEV_ORANGE_JUICE, BEV_ORANGE_JUICE
🛒 [2:19:51 PM] TXN-1787901591116-170-655168
   Outlet 170 | Staff: Tan Wei Ming | 4 items | S$36.58
   🚨 OUT OF STOCK: BEV_ICED_TEA, BEV_MILO, BEV_KOPI_O, BEV_ICED_TEA
💰 [2:19:58 PM] TXN-1787901598122-168-161183
   Outlet 168 | Staff: Sanjay S/O Ramesh | 2 items | S$20.65
   🚨 OUT OF STOCK: BEV_KOPI_O, BEV_ICED_TEA
🛒 [2:20:04 PM] TXN-1787901604636-171-534867
   Outlet 171 | Staff: Tan Wei Ming | 3 items | S$35.99
   🚨 OUT OF STOCK: BEV_KOPI_O, BEV_MILO, BEV_LATTE
💰 [2:20:12 PM] TXN-1787901612333-171-479393
   Outlet 171 | Staff: Chua Kai Xin | 1 items | S$15.34
   🚨 OUT OF STOCK: MNL_KWAY_TEOW
🛒 [2:20:19 PM] TXN-1787901619068-169-499116
   Outlet 169 | Staff: Koh Jia Yi | 3 items | S$41.89
   🚨 OUT OF STOCK: BEV_ORANGE_JUICE, BEV_KOPI_O, LMT_SATE
💰 [2:20:26 PM] TXN-1787901626211-202-804104
   Outlet 202 | Staff: None | 1 items | S$9.44
   🚨 OUT OF STOCK: LMT_ROTI_CANAI
💰 [2:20:32 PM] TXN-1787901632386-169-798982
   Outlet 169 | Staff: Muhd Danish Bin Razak | 1 items | S$17.70
   🚨 OUT OF STOCK: LMT_SATE
💰 [2:20:38 PM] TXN-1787901638599-168-269108
   Outlet 168 | Staff: Priya D/O Mani | 2 items | S$34.81
   🚨 OUT OF STOCK: MNL_LAKSA, MNL_CHICKEN_RICE

📊 STATS:
   Total Sales: 2950
   Total Revenue: S$118872.02
   Avg Ticket: S$40.30
   Low Stock Alerts: 94
   Out of Stock: 2934
──────────────────────────────────────────────────
💰 [2:20:45 PM] TXN-1787901645440-165-935911
   Outlet 165 | Staff: Ng Jun Hao | 1 items | S$9.44
   🚨 OUT OF STOCK: LMT_ROTI_CANAI
🛒 [2:20:51 PM] TXN-1787901651594-165-415712
   Outlet 165 | Staff: Lee Jia En | 3 items | S$41.89
   🚨 OUT OF STOCK: MNL_LAKSA, BEV_MILO, MNL_KWAY_TEOW
🛒 [2:20:58 PM] TXN-1787901658256-167-592217
   Outlet 167 | Staff: Lee Jia En | 3 items | S$47.20
   🚨 OUT OF STOCK: BEV_MILO, LMT_MIE_GORENG, BEV_KOPI_O
💰 [2:21:05 PM] TXN-1787901665039-169-952382
   Outlet 169 | Staff: Sanjay S/O Ramesh | 1 items | S$7.67
   🚨 OUT OF STOCK: BEV_KOPI_O
💰 [2:21:11 PM] TXN-1787901671433-202-196574
   Outlet 202 | Staff: None | 1 items | S$12.98
   🚨 OUT OF STOCK: MNL_RICE_BOWL
🛒 [2:21:17 PM] TXN-1787901677705-167-408365
   Outlet 167 | Staff: Ng Jun Hao | 3 items | S$43.07
   🚨 OUT OF STOCK: MNL_BEEG_HOON, BEV_KOPI_O, BEV_ORANGE_JUICE
🛒 [2:21:24 PM] TXN-1787901684341-167-560712
   Outlet 167 | Staff: Chong Wei Sheng | 5 items | S$54.28
   🚨 OUT OF STOCK: MNL_RICE_BOWL, BEV_MILO, BEV_ICED_TEA, BEV_LATTE, BEV_ICED_TEA
🛒 [2:21:31 PM] TXN-1787901691929-168-659533
   Outlet 168 | Staff: Priya D/O Mani | 3 items | S$50.74
   🚨 OUT OF STOCK: MNL_CHICKEN_RICE, BEV_MILO, BEV_ORANGE_JUICE
🛒 [2:21:38 PM] TXN-1787901698954-164-766026
   Outlet 164 | Staff: Ong Wei Jian | 3 items | S$48.38
   🚨 OUT OF STOCK: MNL_RICE_BOWL, BEV_LATTE, BEV_KOPI_O
💰 [2:21:46 PM] TXN-1787901706772-164-646426
   Outlet 164 | Staff: Ong Wei Jian | 2 items | S$26.55
   🚨 OUT OF STOCK: BEV_ORANGE_JUICE, BEV_ORANGE_JUICE

📊 STATS:
   Total Sales: 2960
   Total Revenue: S$119214.22
   Avg Ticket: S$40.28
   Low Stock Alerts: 94
   Out of Stock: 2944
──────────────────────────────────────────────────
🛒 [2:21:54 PM] TXN-1787901714009-171-375958
   Outlet 171 | Staff: Lee Jia En | 4 items | S$59.59
   🚨 OUT OF STOCK: MNL_CHICKEN_RICE, BEV_LATTE, MNL_RICE_BOWL, BEV_LATTE
💰 [2:22:01 PM] TXN-1787901721480-167-343554
   Outlet 167 | Staff: Chong Wei Sheng | 2 items | S$23.01
   🚨 OUT OF STOCK: BEV_ICED_TEA, BEV_MILO
💰 [2:22:07 PM] TXN-1787901727911-170-196302
   Outlet 170 | Staff: Tan Wei Ming | 2 items | S$30.68
   🚨 OUT OF STOCK: MNL_KWAY_TEOW, BEV_KOPI_O
💰 [2:22:14 PM] TXN-1787901734440-202-735762
   Outlet 202 | Staff: None | 1 items | S$14.16
   🚨 OUT OF STOCK: LMT_NASI_GORENG
💰 [2:22:20 PM] TXN-1787901740749-200-209656
   Outlet 200 | Staff: Kumar Sanjay | 1 items | S$8.26
   🚨 OUT OF STOCK: BEV_MILO
💰 [2:22:27 PM] TXN-1787901747130-170-950595
   Outlet 170 | Staff: Tan Wei Ming | 2 items | S$24.19
   🚨 OUT OF STOCK: BEV_ORANGE_JUICE, BEV_KOPI_O
🛒 [2:22:33 PM] TXN-1787901753736-165-653374
   Outlet 165 | Staff: Lee Jia En | 3 items | S$44.25
   🚨 OUT OF STOCK: LMT_SATE, BEV_MILO, BEV_LATTE
🛒 [2:22:40 PM] TXN-1787901760778-202-471158
   Outlet 202 | Staff: None | 3 items | S$37.76
   🚨 OUT OF STOCK: LMT_PRAWN_CRACKERS, LMT_SATE, BEV_KOPI_O
💰 [2:22:48 PM] TXN-1787901768599-169-479977
   Outlet 169 | Staff: Tan Wei Ming | 2 items | S$19.47
   🚨 OUT OF STOCK: BEV_ICED_TEA, BEV_ICED_TEA
🛒 [2:22:56 PM] TXN-1787901776049-165-271052
   Outlet 165 | Staff: Tan Wei Ming | 5 items | S$54.87
   🚨 OUT OF STOCK: BEV_MILO, BEV_LATTE, BEV_ORANGE_JUICE, BEV_KOPI_O, BEV_LATTE

📊 STATS:
   Total Sales: 2970
   Total Revenue: S$119530.46
   Avg Ticket: S$40.25
   Low Stock Alerts: 94
   Out of Stock: 2954
──────────────────────────────────────────────────
💰 [2:23:03 PM] TXN-1787901783526-167-338844
   Outlet 167 | Staff: Nurul Huda Bte Ali | 1 items | S$6.49
   🚨 OUT OF STOCK: BEV_ICED_TEA
💰 [2:23:09 PM] TXN-1787901789718-167-341376
   Outlet 167 | Staff: Tan Wei Ming | 2 items | S$50.74
   🚨 OUT OF STOCK: MNL_KWAY_TEOW, LMT_SATE
💰 [2:23:16 PM] TXN-1787901796204-201-260019
   Outlet 201 | Staff: None | 1 items | S$7.67
   🚨 OUT OF STOCK: BEV_KOPI_O
🛒 [2:23:22 PM] TXN-1787901802251-202-548755
   Outlet 202 | Staff: None | 4 items | S$48.38
   🚨 OUT OF STOCK: BEV_KOPI_O, BEV_LATTE, BEV_KOPI_O, BEV_ICED_TEA
💰 [2:23:29 PM] TXN-1787901809330-168-965273
   Outlet 168 | Staff: Chua Kai Xin | 2 items | S$35.40
   🚨 OUT OF STOCK: MNL_BEEG_HOON, BEV_MILO
🛒 [2:23:36 PM] TXN-1787901816401-170-623811
   Outlet 170 | Staff: Tan Wei Ming | 3 items | S$33.63
   🚨 OUT OF STOCK: LMT_NASI_GORENG, BEV_ICED_TEA, BEV_ICED_TEA
💰 [2:23:43 PM] TXN-1787901823149-170-580807
   Outlet 170 | Staff: Tan Wei Ming | 2 items | S$17.70
   🚨 OUT OF STOCK: BEV_LATTE, BEV_KOPI_O
🛒 [2:23:49 PM] TXN-1787901829519-167-277247
   Outlet 167 | Staff: Ahmad Faiz Bin Hassan | 3 items | S$37.76
   🚨 OUT OF STOCK: MNL_RICE_BOWL, BEV_MILO, BEV_MILO
💰 [2:23:56 PM] TXN-1787901836516-170-636381
   Outlet 170 | Staff: Tan Wei Ming | 1 items | S$15.34
   🚨 OUT OF STOCK: MNL_KWAY_TEOW
🛒 [2:24:03 PM] TXN-1787901843178-201-174444
   Outlet 201 | Staff: None | 5 items | S$82.60
   🚨 OUT OF STOCK: MNL_RICE_BOWL, MNL_LAKSA, BEV_KOPI_O, BEV_LATTE, BEV_KOPI_O

📊 STATS:
   Total Sales: 2980
   Total Revenue: S$119866.17
   Avg Ticket: S$40.22
   Low Stock Alerts: 94
   Out of Stock: 2964
──────────────────────────────────────────────────
💰 [2:24:14 PM] TXN-1787901854875-202-204949
   Outlet 202 | Staff: None | 1 items | S$16.52
   🚨 OUT OF STOCK: MNL_CHICKEN_RICE
🛒 [2:24:21 PM] TXN-1787901861441-200-774407
   Outlet 200 | Staff: Syaza Aina | 3 items | S$24.19
   🚨 OUT OF STOCK: LMT_MIE_GORENG, LMT_PRAWN_CRACKERS, BEV_KOPI_O
🛒 [2:24:28 PM] TXN-1787901868234-164-642187
   Outlet 164 | Staff: Batch Staff 1 | 5 items | S$84.96
   🚨 OUT OF STOCK: MNL_CHICKEN_RICE, BEV_LATTE, BEV_ORANGE_JUICE, BEV_KOPI_O, BEV_KOPI_O
🛒 [2:24:36 PM] TXN-1787901876333-200-887565
   Outlet 200 | Staff: Kumar Sanjay | 5 items | S$61.95
   🚨 OUT OF STOCK: BEV_ORANGE_JUICE, BEV_LATTE, BEV_ORANGE_JUICE, BEV_ORANGE_JUICE, BEV_MILO
🛒 [2:24:43 PM] TXN-1787901883600-165-532684
   Outlet 165 | Staff: Lee Jia En | 4 items | S$84.96
   🚨 OUT OF STOCK: MNL_BEEG_HOON, BEV_MILO, MNL_CHICKEN_RICE, BEV_MILO
🛒 [2:24:50 PM] TXN-1787901890573-170-187656
   Outlet 170 | Staff: Tan Wei Ming | 3 items | S$35.99
   🚨 OUT OF STOCK: MNL_RICE_BOWL, BEV_MILO, BEV_ICED_TEA
🛒 [2:24:57 PM] TXN-1787901897530-167-429799
   Outlet 167 | Staff: Tan Wei Ming | 4 items | S$48.97
   🚨 OUT OF STOCK: MNL_KWAY_TEOW, BEV_MILO, BEV_KOPI_O, BEV_LATTE
💰 [2:25:04 PM] TXN-1787901904610-170-322206
   Outlet 170 | Staff: Lim Pei Ling | 1 items | S$4.72
   ⚠️ LOW STOCK: LMT_PRAWN_CRACKERS
🛒 [2:25:10 PM] TXN-1787901910961-164-469081
   Outlet 164 | Staff: Nurul Huda Bte Ali | 4 items | S$48.38
   ⚠️ LOW STOCK: LMT_PRAWN_CRACKERS
   🚨 OUT OF STOCK: BEV_MILO, BEV_ORANGE_JUICE, BEV_ORANGE_JUICE
💰 [2:25:18 PM] TXN-1787901918724-171-347812
   Outlet 171 | Staff: Rajesh Kumar | 1 items | S$12.98
   🚨 OUT OF STOCK: MNL_RICE_BOWL

📊 STATS:
   Total Sales: 2990
   Total Revenue: S$120289.79
   Avg Ticket: S$40.23
   Low Stock Alerts: 96
   Out of Stock: 2973
──────────────────────────────────────────────────
🛒 [2:25:24 PM] TXN-1787901924987-168-759813
   Outlet 168 | Staff: Tan Wei Ming | 4 items | S$62.54
   🚨 OUT OF STOCK: MNL_RICE_BOWL, LMT_MIE_GORENG, BEV_MILO, LMT_SATE
💰 [2:25:32 PM] TXN-1787901932391-170-287676
   Outlet 170 | Staff: Tan Wei Ming | 2 items | S$18.29
   🚨 OUT OF STOCK: LMT_MIE_GORENG, BEV_ICED_TEA
💰 [2:25:38 PM] TXN-1787901938971-171-139407
   Outlet 171 | Staff: Tan Wei Ming | 2 items | S$25.96
   🚨 OUT OF STOCK: BEV_MILO, BEV_ORANGE_JUICE
💰 [2:25:45 PM] TXN-1787901945799-168-372815
   Outlet 168 | Staff: Priya D/O Mani | 1 items | S$6.49
   🚨 OUT OF STOCK: BEV_ICED_TEA
🛒 [2:25:51 PM] TXN-1787901951969-170-247332
   Outlet 170 | Staff: Lim Pei Ling | 5 items | S$77.88
   🚨 OUT OF STOCK: LMT_SATE, BEV_ORANGE_JUICE, MNL_RICE_BOWL, BEV_ORANGE_JUICE, BEV_MILO
🛒 [2:25:59 PM] TXN-1787901959194-201-917414
   Outlet 201 | Staff: None | 5 items | S$50.74
   🚨 OUT OF STOCK: MNL_RICE_BOWL, BEV_MILO, BEV_ICED_TEA, BEV_KOPI_O, BEV_ORANGE_JUICE
💰 [2:26:06 PM] TXN-1787901966936-165-873493
   Outlet 165 | Staff: Tan Wei Ming | 2 items | S$28.32
   🚨 OUT OF STOCK: MNL_CHICKEN_RICE, LMT_MIE_GORENG
💰 [2:26:13 PM] TXN-1787901973484-164-894966
   Outlet 164 | Staff: Tan Jia Min | 1 items | S$4.72
   ⚠️ LOW STOCK: LMT_PRAWN_CRACKERS
💰 [2:26:19 PM] TXN-1787901979570-170-286442
   Outlet 170 | Staff: Ng Jun Hao | 1 items | S$6.49
   🚨 OUT OF STOCK: BEV_ICED_TEA
💰 [2:26:25 PM] TXN-1787901985589-171-535629
   Outlet 171 | Staff: Chua Kai Xin | 1 items | S$6.49
   🚨 OUT OF STOCK: BEV_ICED_TEA

📊 STATS:
   Total Sales: 3000
   Total Revenue: S$120577.71
   Avg Ticket: S$40.19
   Low Stock Alerts: 97
   Out of Stock: 2982
──────────────────────────────────────────────────
🛒 [2:26:31 PM] TXN-1787901991944-171-999709
   Outlet 171 | Staff: Muhd Danish Bin Razak | 4 items | S$40.71
   🚨 OUT OF STOCK: LMT_ROTI_CANAI, BEV_MILO, BEV_ICED_TEA, BEV_MILO
🛒 [2:26:38 PM] TXN-1787901998900-170-590893
   Outlet 170 | Staff: Rajesh Kumar | 3 items | S$40.71
   🚨 OUT OF STOCK: BEV_KOPI_O, BEV_ICED_TEA, BEV_LATTE
💰 [2:26:45 PM] TXN-1787902005511-167-236332
   Outlet 167 | Staff: Chong Wei Sheng | 2 items | S$16.52
   🚨 OUT OF STOCK: BEV_LATTE, BEV_ICED_TEA
🛒 [2:26:53 PM] TXN-1787902013480-171-850563
   Outlet 171 | Staff: Muhd Danish Bin Razak | 4 items | S$46.02
   🚨 OUT OF STOCK: MNL_CHICKEN_RICE, BEV_KOPI_O, BEV_ORANGE_JUICE, BEV_ICED_TEA
🛒 [2:27:00 PM] TXN-1787902020774-200-684360
   Outlet 200 | Staff: Kumar Sanjay | 5 items | S$64.31
   🚨 OUT OF STOCK: BEV_MILO, BEV_ICED_TEA, BEV_ORANGE_JUICE, BEV_ORANGE_JUICE, BEV_KOPI_O
🛒 [2:27:08 PM] TXN-1787902028884-165-989371
   Outlet 165 | Staff: Ng Jun Hao | 3 items | S$37.76
   🚨 OUT OF STOCK: LMT_NASI_GORENG, BEV_MILO, BEV_KOPI_O
🛒 [2:27:15 PM] TXN-1787902035415-167-759674
   Outlet 167 | Staff: Nurul Huda Bte Ali | 4 items | S$64.90
   🚨 OUT OF STOCK: MNL_RICE_BOWL, BEV_LATTE, BEV_MILO, BEV_KOPI_O
💰 [2:27:22 PM] TXN-1787902042354-171-138532
   Outlet 171 | Staff: Priya D/O Mani | 2 items | S$17.70
   🚨 OUT OF STOCK: LMT_ROTI_CANAI, BEV_MILO
🛒 [2:27:28 PM] TXN-1787902048724-201-154091
   Outlet 201 | Staff: None | 3 items | S$22.42
   🚨 OUT OF STOCK: LMT_PRAWN_CRACKERS, BEV_KOPI_O, BEV_LATTE
🛒 [2:27:35 PM] TXN-1787902055351-168-113542
   Outlet 168 | Staff: Lee Jia En | 5 items | S$70.80
   🚨 OUT OF STOCK: LMT_SATE, BEV_ICED_TEA, LMT_ROTI_CANAI, BEV_MILO, MNL_RICE_BOWL

📊 STATS:
   Total Sales: 3010
   Total Revenue: S$120999.56
   Avg Ticket: S$40.20
   Low Stock Alerts: 97
   Out of Stock: 2992
──────────────────────────────────────────────────
💰 [2:27:42 PM] TXN-1787902062821-201-944970
   Outlet 201 | Staff: None | 1 items | S$18.29
   🚨 OUT OF STOCK: MNL_LAKSA
💰 [2:27:48 PM] TXN-1787902068950-170-142432
   Outlet 170 | Staff: Ng Jun Hao | 1 items | S$14.16
   🚨 OUT OF STOCK: LMT_NASI_GORENG
🛒 [2:27:55 PM] TXN-1787902075030-170-411572
   Outlet 170 | Staff: Ng Jun Hao | 4 items | S$51.33
   🚨 OUT OF STOCK: MNL_LAKSA, BEV_KOPI_O, BEV_KOPI_O, BEV_ORANGE_JUICE
💰 [2:28:01 PM] TXN-1787902081985-169-909602
   Outlet 169 | Staff: Tan Wei Ming | 2 items | S$24.19
   🚨 OUT OF STOCK: BEV_ORANGE_JUICE, MNL_KWAY_TEOW
🛒 [2:28:08 PM] TXN-1787902088359-167-667878
   Outlet 167 | Staff: Muhd Danish Bin Razak | 3 items | S$28.32
   🚨 OUT OF STOCK: BEV_LATTE, BEV_LATTE, BEV_MILO
💰 [2:28:15 PM] TXN-1787902095467-165-708058
   Outlet 165 | Staff: Tan Wei Ming | 2 items | S$35.40
   🚨 OUT OF STOCK: LMT_SATE, BEV_ORANGE_JUICE
🛒 [2:28:23 PM] TXN-1787902103886-171-679803
   Outlet 171 | Staff: Priya D/O Mani | 4 items | S$48.38
   🚨 OUT OF STOCK: BEV_LATTE, BEV_KOPI_O, BEV_LATTE, MNL_RICE_BOWL
🛒 [2:28:30 PM] TXN-1787902110866-165-172895
   Outlet 165 | Staff: Tan Wei Ming | 4 items | S$57.82
   🚨 OUT OF STOCK: BEV_KOPI_O, MNL_KWAY_TEOW, BEV_MILO, MNL_LAKSA
💰 [2:28:37 PM] TXN-1787902117725-201-394472
   Outlet 201 | Staff: None | 2 items | S$35.40
   🚨 OUT OF STOCK: MNL_KWAY_TEOW, BEV_LATTE
💰 [2:28:45 PM] TXN-1787902125186-171-900452
   Outlet 171 | Staff: Sanjay S/O Ramesh | 1 items | S$15.34
   🚨 OUT OF STOCK: MNL_KWAY_TEOW

📊 STATS:
   Total Sales: 3020
   Total Revenue: S$121328.19
   Avg Ticket: S$40.17
   Low Stock Alerts: 97
   Out of Stock: 3002
──────────────────────────────────────────────────
🛒 [2:28:51 PM] TXN-1787902131305-165-887481
   Outlet 165 | Staff: Lee Jia En | 4 items | S$57.82
   🚨 OUT OF STOCK: LMT_MIE_GORENG, BEV_ICED_TEA, BEV_LATTE, BEV_ICED_TEA
🛒 [2:28:58 PM] TXN-1787902138227-202-251503
   Outlet 202 | Staff: None | 5 items | S$71.39
   🚨 OUT OF STOCK: MNL_LAKSA, BEV_MILO, BEV_MILO, LMT_ROTI_CANAI, BEV_ORANGE_JUICE
💰 [2:29:08 PM] TXN-1787902148053-170-373922
   Outlet 170 | Staff: Lee Jia En | 2 items | S$38.94
   🚨 OUT OF STOCK: MNL_BEEG_HOON, BEV_LATTE
💰 [2:29:15 PM] TXN-1787902155917-202-738212
   Outlet 202 | Staff: None | 2 items | S$30.68
   🚨 OUT OF STOCK: MNL_KWAY_TEOW, BEV_KOPI_O
🛒 [2:29:22 PM] TXN-1787902162383-170-420189
   Outlet 170 | Staff: Lim Pei Ling | 4 items | S$50.15
   🚨 OUT OF STOCK: MNL_RICE_BOWL, BEV_KOPI_O, BEV_ICED_TEA, BEV_ORANGE_JUICE
💰 [2:29:32 PM] TXN-1787902172187-167-356395
   Outlet 167 | Staff: Rajesh Kumar | 2 items | S$15.93
   🚨 OUT OF STOCK: BEV_KOPI_O, BEV_MILO
💰 [2:29:39 PM] TXN-1787902179148-202-165657
   Outlet 202 | Staff: None | 1 items | S$11.80
   🚨 OUT OF STOCK: LMT_MIE_GORENG
🛒 [2:29:45 PM] TXN-1787902185231-202-149629
   Outlet 202 | Staff: None | 4 items | S$50.74
   🚨 OUT OF STOCK: LMT_SATE, BEV_ORANGE_JUICE, BEV_KOPI_O, BEV_ORANGE_JUICE
🛒 [2:29:52 PM] TXN-1787902192295-202-163949
   Outlet 202 | Staff: None | 5 items | S$88.50
   🚨 OUT OF STOCK: MNL_BEEG_HOON, BEV_ORANGE_JUICE, BEV_KOPI_O, LMT_SATE, BEV_LATTE
💰 [2:29:59 PM] TXN-1787902199697-200-940845
   Outlet 200 | Staff: Syaza Aina | 2 items | S$26.55
   🚨 OUT OF STOCK: BEV_ORANGE_JUICE, BEV_ORANGE_JUICE

📊 STATS:
   Total Sales: 3030
   Total Revenue: S$121770.69
   Avg Ticket: S$40.19
   Low Stock Alerts: 97
   Out of Stock: 3012
──────────────────────────────────────────────────
💰 [2:30:06 PM] TXN-1787902206700-167-958240
   Outlet 167 | Staff: Rajesh Kumar | 2 items | S$12.98
   🚨 OUT OF STOCK: BEV_ICED_TEA, BEV_ICED_TEA
🛒 [2:30:13 PM] TXN-1787902213178-169-155804
   Outlet 169 | Staff: Ng Jun Hao | 3 items | S$43.66
   🚨 OUT OF STOCK: LMT_NASI_GORENG, BEV_LATTE, LMT_PRAWN_CRACKERS
🛒 [2:30:20 PM] TXN-1787902220117-201-852181
   Outlet 201 | Staff: None | 4 items | S$50.15
   🚨 OUT OF STOCK: MNL_LAKSA, BEV_ORANGE_JUICE, BEV_ORANGE_JUICE, LMT_NASI_GORENG
💰 [2:30:27 PM] TXN-1787902227057-165-706886
   Outlet 165 | Staff: Lee Jia En | 1 items | S$10.03
   🚨 OUT OF STOCK: BEV_LATTE
💰 [2:30:33 PM] TXN-1787902233092-169-410425
   Outlet 169 | Staff: Lee Jia En | 1 items | S$9.44
   🚨 OUT OF STOCK: LMT_ROTI_CANAI
🛒 [2:30:39 PM] TXN-1787902239248-169-184403
   Outlet 169 | Staff: Lee Jia En | 3 items | S$28.91
   🚨 OUT OF STOCK: MNL_RICE_BOWL, BEV_KOPI_O, BEV_MILO
🛒 [2:30:46 PM] TXN-1787902246000-167-227199
   Outlet 167 | Staff: Nurul Huda Bte Ali | 3 items | S$44.84
   🚨 OUT OF STOCK: LMT_SATE, BEV_ORANGE_JUICE, LMT_PRAWN_CRACKERS
🛒 [2:30:52 PM] TXN-1787902252651-200-978291
   Outlet 200 | Staff: Priya D/O Mani | 4 items | S$52.51
   🚨 OUT OF STOCK: LMT_MIE_GORENG, BEV_ICED_TEA, BEV_ORANGE_JUICE, BEV_MILO
🛒 [2:30:59 PM] TXN-1787902259564-202-180465
   Outlet 202 | Staff: None | 4 items | S$46.61
   🚨 OUT OF STOCK: BEV_ORANGE_JUICE, MNL_RICE_BOWL, BEV_MILO, BEV_MILO
💰 [2:31:06 PM] TXN-1787902266536-202-339865
   Outlet 202 | Staff: None | 2 items | S$17.70
   🚨 OUT OF STOCK: BEV_ORANGE_JUICE, BEV_ORANGE_JUICE

📊 STATS:
   Total Sales: 3040
   Total Revenue: S$122087.52
   Avg Ticket: S$40.16
   Low Stock Alerts: 97
   Out of Stock: 3022
──────────────────────────────────────────────────
💰 [2:31:13 PM] TXN-1787902273003-200-304114
   Outlet 200 | Staff: Priya D/O Mani | 1 items | S$6.49
   🚨 OUT OF STOCK: BEV_ICED_TEA
🛒 [2:31:19 PM] TXN-1787902279132-168-105629
   Outlet 168 | Staff: Ng Jun Hao | 3 items | S$45.43
   🚨 OUT OF STOCK: BEV_KOPI_O, BEV_LATTE, BEV_ORANGE_JUICE
🛒 [2:31:25 PM] TXN-1787902285938-165-586887
   Outlet 165 | Staff: Lee Jia En | 4 items | S$41.30
   🚨 OUT OF STOCK: LMT_MIE_GORENG, BEV_MILO, BEV_ICED_TEA, BEV_ICED_TEA
💰 [2:31:35 PM] TXN-1787902295801-168-582018
   Outlet 168 | Staff: Lee Jia En | 1 items | S$16.52
   🚨 OUT OF STOCK: MNL_CHICKEN_RICE
💰 [2:31:41 PM] TXN-1787902301988-170-743656
   Outlet 170 | Staff: Tan Wei Ming | 1 items | S$4.72
   ⚠️ LOW STOCK: LMT_PRAWN_CRACKERS
💰 [2:31:49 PM] TXN-1787902309811-167-311323
   Outlet 167 | Staff: Sanjay S/O Ramesh | 1 items | S$18.29
   🚨 OUT OF STOCK: MNL_LAKSA
🛒 [2:31:55 PM] TXN-1787902315984-169-667051
   Outlet 169 | Staff: Koh Jia Yi | 4 items | S$58.41
   🚨 OUT OF STOCK: BEV_MILO, BEV_KOPI_O, LMT_NASI_GORENG, BEV_ICED_TEA
🛒 [2:32:03 PM] TXN-1787902323012-171-884877
   Outlet 171 | Staff: Rajesh Kumar | 3 items | S$64.90
   🚨 OUT OF STOCK: MNL_BEEG_HOON, BEV_LATTE, MNL_RICE_BOWL
🛒 [2:32:10 PM] TXN-1787902330278-170-899393
   Outlet 170 | Staff: Lim Pei Ling | 4 items | S$63.72
   🚨 OUT OF STOCK: MNL_BEEG_HOON, BEV_LATTE, BEV_MILO, BEV_MILO
💰 [2:32:17 PM] TXN-1787902337612-169-289692
   Outlet 169 | Staff: Sanjay S/O Ramesh | 2 items | S$43.07
   🚨 OUT OF STOCK: BEV_LATTE, MNL_CHICKEN_RICE

📊 STATS:
   Total Sales: 3050
   Total Revenue: S$122450.37
   Avg Ticket: S$40.15
   Low Stock Alerts: 98
   Out of Stock: 3031
──────────────────────────────────────────────────
🛒 [2:32:24 PM] TXN-1787902344109-169-403586
   Outlet 169 | Staff: Ng Jun Hao | 4 items | S$56.64
   🚨 OUT OF STOCK: BEV_LATTE, BEV_ICED_TEA, BEV_LATTE, BEV_LATTE
🛒 [2:32:31 PM] TXN-1787902351035-164-861662
   Outlet 164 | Staff: Rajesh Kumar | 3 items | S$40.71
   🚨 OUT OF STOCK: LMT_SATE, BEV_ICED_TEA, BEV_LATTE
🛒 [2:32:37 PM] TXN-1787902357922-169-574487
   Outlet 169 | Staff: Muhd Danish Bin Razak | 3 items | S$34.81
   🚨 OUT OF STOCK: MNL_RICE_BOWL, BEV_ICED_TEA, BEV_KOPI_O
🛒 [2:32:44 PM] TXN-1787902364912-202-939134
   Outlet 202 | Staff: None | 5 items | S$43.07
   🚨 OUT OF STOCK: LMT_NASI_GORENG, BEV_ICED_TEA, LMT_ROTI_CANAI, BEV_ICED_TEA, BEV_ICED_TEA
🛒 [2:32:52 PM] TXN-1787902372146-167-473349
   Outlet 167 | Staff: Sanjay S/O Ramesh | 4 items | S$47.79
   🚨 OUT OF STOCK: MNL_LAKSA, BEV_ORANGE_JUICE, BEV_KOPI_O, BEV_ICED_TEA
💰 [2:32:59 PM] TXN-1787902379328-167-330398
   Outlet 167 | Staff: Ahmad Faiz Bin Hassan | 1 items | S$18.88
   🚨 OUT OF STOCK: MNL_BEEG_HOON
🛒 [2:33:06 PM] TXN-1787902386083-165-130351
   Outlet 165 | Staff: Ng Jun Hao | 3 items | S$43.66
   🚨 OUT OF STOCK: MNL_LAKSA, BEV_ORANGE_JUICE, BEV_KOPI_O
💰 [2:33:13 PM] TXN-1787902393083-202-391343
   Outlet 202 | Staff: None | 2 items | S$21.24
   🚨 OUT OF STOCK: MNL_RICE_BOWL, BEV_MILO
🛒 [2:33:19 PM] TXN-1787902399455-170-596113
   Outlet 170 | Staff: Tan Wei Ming | 5 items | S$62.54
   🚨 OUT OF STOCK: MNL_KWAY_TEOW, BEV_ORANGE_JUICE, BEV_MILO, BEV_ICED_TEA, BEV_KOPI_O
💰 [2:33:26 PM] TXN-1787902406748-164-433549
   Outlet 164 | Staff: Chua Kai Xin | 2 items | S$20.06
   🚨 OUT OF STOCK: BEV_LATTE, BEV_LATTE

📊 STATS:
   Total Sales: 3060
   Total Revenue: S$122839.77
   Avg Ticket: S$40.14
   Low Stock Alerts: 98
   Out of Stock: 3041
──────────────────────────────────────────────────
💰 [2:33:33 PM] TXN-1787902413247-200-482430
   Outlet 200 | Staff: Syaza Aina | 2 items | S$23.01
   🚨 OUT OF STOCK: BEV_ICED_TEA, BEV_MILO
🛒 [2:33:39 PM] TXN-1787902419801-165-705983
   Outlet 165 | Staff: Tan Wei Ming | 4 items | S$64.31
   🚨 OUT OF STOCK: LMT_SATE, BEV_MILO, BEV_LATTE, BEV_LATTE
🛒 [2:33:46 PM] TXN-1787902426815-164-232817
   Outlet 164 | Staff: Batch Staff 1 | 4 items | S$66.67
   🚨 OUT OF STOCK: LMT_ROTI_CANAI, BEV_ICED_TEA, BEV_ORANGE_JUICE, MNL_CHICKEN_RICE
💰 [2:33:53 PM] TXN-1787902433863-200-593183
   Outlet 200 | Staff: Priya D/O Mani | 2 items | S$24.19
   🚨 OUT OF STOCK: LMT_SATE, BEV_ICED_TEA
💰 [2:34:00 PM] TXN-1787902440275-164-299965
   Outlet 164 | Staff: Chua Kai Xin | 2 items | S$27.14
   🚨 OUT OF STOCK: MNL_LAKSA, BEV_ORANGE_JUICE
🛒 [2:34:07 PM] TXN-1787902447027-165-372897
   Outlet 165 | Staff: Lee Jia En | 3 items | S$43.07
   🚨 OUT OF STOCK: BEV_LATTE, LMT_NASI_GORENG, LMT_ROTI_CANAI
💰 [2:34:14 PM] TXN-1787902454128-200-982605
   Outlet 200 | Staff: Priya D/O Mani | 1 items | S$18.29
   🚨 OUT OF STOCK: MNL_LAKSA
💰 [2:34:20 PM] TXN-1787902460726-167-371898
   Outlet 167 | Staff: Ng Jun Hao | 2 items | S$15.93
   🚨 OUT OF STOCK: LMT_ROTI_CANAI, BEV_ICED_TEA
🛒 [2:34:27 PM] TXN-1787902467162-201-260856
   Outlet 201 | Staff: None | 5 items | S$72.57
   🚨 OUT OF STOCK: MNL_BEEG_HOON, BEV_MILO, BEV_ORANGE_JUICE, BEV_ICED_TEA, BEV_ICED_TEA
💰 [2:34:34 PM] TXN-1787902474554-164-737277
   Outlet 164 | Staff: Rajesh Kumar | 1 items | S$18.29
   🚨 OUT OF STOCK: MNL_LAKSA

📊 STATS:
   Total Sales: 3070
   Total Revenue: S$123213.24
   Avg Ticket: S$40.13
   Low Stock Alerts: 98
   Out of Stock: 3051
──────────────────────────────────────────────────
🛒 [2:34:44 PM] TXN-1787902484051-200-349022
   Outlet 200 | Staff: Syaza Aina | 3 items | S$38.94
   🚨 OUT OF STOCK: LMT_ROTI_CANAI, BEV_ICED_TEA, BEV_MILO
💰 [2:34:51 PM] TXN-1787902491081-169-744425
   Outlet 169 | Staff: Ng Jun Hao | 1 items | S$17.70
   🚨 OUT OF STOCK: LMT_SATE
🛒 [2:34:57 PM] TXN-1787902497393-167-216931
   Outlet 167 | Staff: Ahmad Faiz Bin Hassan | 3 items | S$30.68
   🚨 OUT OF STOCK: BEV_ORANGE_JUICE, BEV_KOPI_O, BEV_ICED_TEA
🛒 [2:35:05 PM] TXN-1787902505171-167-662677
   Outlet 167 | Staff: Tan Wei Ming | 4 items | S$53.69
   🚨 OUT OF STOCK: LMT_MIE_GORENG, BEV_KOPI_O, BEV_MILO, BEV_ORANGE_JUICE
🛒 [2:35:12 PM] TXN-1787902512201-171-266695
   Outlet 171 | Staff: Chua Kai Xin | 4 items | S$50.74
   🚨 OUT OF STOCK: BEV_MILO, BEV_ICED_TEA, LMT_MIE_GORENG, BEV_ORANGE_JUICE
🛒 [2:35:19 PM] TXN-1787902519307-167-481277
   Outlet 167 | Staff: Nurul Huda Bte Ali | 4 items | S$48.38
   🚨 OUT OF STOCK: BEV_KOPI_O, BEV_ORANGE_JUICE, BEV_KOPI_O, BEV_MILO
💰 [2:35:26 PM] TXN-1787902526949-164-912399
   Outlet 164 | Staff: Rajesh Kumar | 1 items | S$6.49
   🚨 OUT OF STOCK: BEV_ICED_TEA
🛒 [2:35:33 PM] TXN-1787902533071-167-258090
   Outlet 167 | Staff: Sanjay S/O Ramesh | 4 items | S$46.61
   🚨 OUT OF STOCK: LMT_PRAWN_CRACKERS, BEV_ICED_TEA, BEV_LATTE, BEV_KOPI_O
🛒 [2:35:40 PM] TXN-1787902540381-165-310594
   Outlet 165 | Staff: Ng Jun Hao | 5 items | S$60.18
   🚨 OUT OF STOCK: MNL_BEEG_HOON, BEV_KOPI_O, BEV_ICED_TEA, BEV_ICED_TEA, BEV_ICED_TEA
🛒 [2:35:47 PM] TXN-1787902547575-200-461077
   Outlet 200 | Staff: Priya D/O Mani | 3 items | S$41.89
   🚨 OUT OF STOCK: MNL_BEEG_HOON, BEV_KOPI_O, BEV_KOPI_O

📊 STATS:
   Total Sales: 3080
   Total Revenue: S$123608.54
   Avg Ticket: S$40.13
   Low Stock Alerts: 98
   Out of Stock: 3061
──────────────────────────────────────────────────
🛒 [2:35:54 PM] TXN-1787902554385-165-924318
   Outlet 165 | Staff: Tan Wei Ming | 3 items | S$41.30
   🚨 OUT OF STOCK: MNL_RICE_BOWL, LMT_PRAWN_CRACKERS, LMT_MIE_GORENG
🛒 [2:36:01 PM] TXN-1787902561950-201-191268
   Outlet 201 | Staff: None | 4 items | S$46.02
   🚨 OUT OF STOCK: LMT_MIE_GORENG, BEV_LATTE, BEV_ICED_TEA, BEV_KOPI_O
🛒 [2:36:09 PM] TXN-1787902569305-201-571636
   Outlet 201 | Staff: None | 5 items | S$71.98
   🚨 OUT OF STOCK: BEV_LATTE, BEV_KOPI_O, BEV_LATTE, BEV_ORANGE_JUICE, BEV_ORANGE_JUICE
🛒 [2:36:16 PM] TXN-1787902576889-200-866105
   Outlet 200 | Staff: Priya D/O Mani | 4 items | S$50.15
   🚨 OUT OF STOCK: BEV_LATTE, BEV_MILO, LMT_MIE_GORENG, BEV_LATTE
🛒 [2:36:24 PM] TXN-1787902584124-165-177507
   Outlet 165 | Staff: Tan Wei Ming | 5 items | S$69.62
   🚨 OUT OF STOCK: BEV_ICED_TEA, BEV_LATTE, BEV_ORANGE_JUICE, BEV_KOPI_O, BEV_ORANGE_JUICE
🛒 [2:36:31 PM] TXN-1787902591666-164-506440
   Outlet 164 | Staff: Priya D/O Mani | 5 items | S$60.77
   🚨 OUT OF STOCK: LMT_SATE, BEV_KOPI_O, BEV_MILO, MNL_RICE_BOWL, BEV_ICED_TEA
💰 [2:36:42 PM] TXN-1787902602546-171-117390
   Outlet 171 | Staff: Nurul Huda Bte Ali | 2 items | S$31.86
   🚨 OUT OF STOCK: MNL_CHICKEN_RICE, BEV_KOPI_O
🛒 [2:36:48 PM] TXN-1787902608944-164-262883
   Outlet 164 | Staff: Rajesh Kumar | 3 items | S$50.15
   ⚠️ LOW STOCK: LMT_PRAWN_CRACKERS
   🚨 OUT OF STOCK: BEV_LATTE, MNL_KWAY_TEOW
🛒 [2:36:55 PM] TXN-1787902615565-164-464409
   Outlet 164 | Staff: Chua Kai Xin | 5 items | S$59.59
   🚨 OUT OF STOCK: BEV_MILO, BEV_LATTE, BEV_KOPI_O, BEV_MILO, BEV_ORANGE_JUICE
🛒 [2:37:03 PM] TXN-1787902623155-201-925576
   Outlet 201 | Staff: None | 5 items | S$54.28
   🚨 OUT OF STOCK: BEV_LATTE, BEV_LATTE, BEV_ORANGE_JUICE, BEV_ORANGE_JUICE, BEV_KOPI_O

📊 STATS:
   Total Sales: 3090
   Total Revenue: S$124144.26
   Avg Ticket: S$40.18
   Low Stock Alerts: 99
   Out of Stock: 3071
──────────────────────────────────────────────────
💰 [2:37:10 PM] TXN-1787902630797-165-113374
   Outlet 165 | Staff: Ahmad Faiz Bin Hassan | 1 items | S$9.44
   🚨 OUT OF STOCK: LMT_ROTI_CANAI
💰 [2:37:16 PM] TXN-1787902636929-167-698703
   Outlet 167 | Staff: Rajesh Kumar | 2 items | S$22.42
   🚨 OUT OF STOCK: LMT_NASI_GORENG, BEV_MILO
💰 [2:37:23 PM] TXN-1787902643418-164-820626
   Outlet 164 | Staff: Ahmad Faiz Bin Hassan | 1 items | S$18.88
   🚨 OUT OF STOCK: MNL_BEEG_HOON
💰 [2:37:31 PM] TXN-1787902651436-169-656886
   Outlet 169 | Staff: Muhd Danish Bin Razak | 2 items | S$31.86
   🚨 OUT OF STOCK: MNL_RICE_BOWL, LMT_ROTI_CANAI
🛒 [2:37:37 PM] TXN-1787902657744-171-319440
   Outlet 171 | Staff: Muhd Danish Bin Razak | 4 items | S$54.87
   🚨 OUT OF STOCK: BEV_ICED_TEA, MNL_KWAY_TEOW, BEV_LATTE, BEV_ICED_TEA
💰 [2:37:44 PM] TXN-1787902664821-171-684314
   Outlet 171 | Staff: Rajesh Kumar | 1 items | S$12.98
   🚨 OUT OF STOCK: MNL_RICE_BOWL
💰 [2:37:50 PM] TXN-1787902670883-202-860667
   Outlet 202 | Staff: None | 1 items | S$15.34
   🚨 OUT OF STOCK: MNL_KWAY_TEOW
🛒 [2:37:56 PM] TXN-1787902676922-202-836336
   Outlet 202 | Staff: None | 5 items | S$43.07
   🚨 OUT OF STOCK: BEV_KOPI_O, LMT_MIE_GORENG, BEV_KOPI_O, BEV_KOPI_O, BEV_MILO
🛒 [2:38:04 PM] TXN-1787902684152-168-537521
   Outlet 168 | Staff: Li Ying Zhi | 3 items | S$44.84
   🚨 OUT OF STOCK: BEV_LATTE, LMT_NASI_GORENG, BEV_ICED_TEA
🛒 [2:38:10 PM] TXN-1787902690851-164-291662
   Outlet 164 | Staff: Ahmad Faiz Bin Hassan | 4 items | S$51.92
   🚨 OUT OF STOCK: LMT_MIE_GORENG, BEV_MILO, BEV_KOPI_O, BEV_MILO

📊 STATS:
   Total Sales: 3100
   Total Revenue: S$124449.88
   Avg Ticket: S$40.15
   Low Stock Alerts: 99
   Out of Stock: 3081
──────────────────────────────────────────────────
🛒 [2:38:17 PM] TXN-1787902697738-201-567028
   Outlet 201 | Staff: None | 4 items | S$62.54
   🚨 OUT OF STOCK: LMT_NASI_GORENG, MNL_RICE_BOWL, LMT_PRAWN_CRACKERS, BEV_ICED_TEA
🛒 [2:38:24 PM] TXN-1787902704539-200-677667
   Outlet 200 | Staff: Priya D/O Mani | 5 items | S$49.56
   🚨 OUT OF STOCK: LMT_SATE, BEV_ICED_TEA, BEV_LATTE, BEV_ICED_TEA, BEV_ORANGE_JUICE
🛒 [2:38:31 PM] TXN-1787902711879-202-538675
   Outlet 202 | Staff: None | 4 items | S$71.98
   🚨 OUT OF STOCK: BEV_MILO, BEV_MILO, LMT_SATE, BEV_LATTE
🛒 [2:38:38 PM] TXN-1787902718741-170-637932
   Outlet 170 | Staff: Tan Wei Ming | 3 items | S$48.97
   🚨 OUT OF STOCK: LMT_NASI_GORENG, MNL_LAKSA, BEV_MILO
💰 [2:38:45 PM] TXN-1787902725297-201-544489
   Outlet 201 | Staff: None | 1 items | S$14.16
   🚨 OUT OF STOCK: LMT_NASI_GORENG
🛒 [2:38:51 PM] TXN-1787902731413-170-164088
   Outlet 170 | Staff: Ng Jun Hao | 5 items | S$70.80
   🚨 OUT OF STOCK: BEV_ORANGE_JUICE, LMT_ROTI_CANAI, BEV_KOPI_O, BEV_ICED_TEA, MNL_KWAY_TEOW
💰 [2:38:58 PM] TXN-1787902738584-200-544251
   Outlet 200 | Staff: Syaza Aina | 2 items | S$15.34
   🚨 OUT OF STOCK: BEV_ORANGE_JUICE, BEV_ICED_TEA
🛒 [2:39:04 PM] TXN-1787902744920-168-158878
   Outlet 168 | Staff: Ng Jun Hao | 4 items | S$43.66
   🚨 OUT OF STOCK: MNL_RICE_BOWL, LMT_MIE_GORENG, BEV_ORANGE_JUICE, BEV_LATTE
🛒 [2:39:11 PM] TXN-1787902751766-165-351243
   Outlet 165 | Staff: Ahmad Faiz Bin Hassan | 5 items | S$79.65
   🚨 OUT OF STOCK: LMT_SATE, MNL_BEEG_HOON, BEV_MILO, LMT_NASI_GORENG, BEV_ICED_TEA
🛒 [2:39:19 PM] TXN-1787902759066-169-602164
   Outlet 169 | Staff: Tan Wei Ming | 4 items | S$56.05
   🚨 OUT OF STOCK: BEV_ICED_TEA, BEV_LATTE, BEV_MILO, BEV_ICED_TEA

📊 STATS:
   Total Sales: 3110
   Total Revenue: S$124962.59
   Avg Ticket: S$40.18
   Low Stock Alerts: 99
   Out of Stock: 3091
──────────────────────────────────────────────────
💰 [2:39:26 PM] TXN-1787902766179-170-934116
   Outlet 170 | Staff: Tan Wei Ming | 2 items | S$28.32
   🚨 OUT OF STOCK: MNL_KWAY_TEOW, BEV_ICED_TEA
🛒 [2:39:33 PM] TXN-1787902773418-200-579372
   Outlet 200 | Staff: Priya D/O Mani | 4 items | S$61.95
   🚨 OUT OF STOCK: BEV_KOPI_O, BEV_KOPI_O, BEV_LATTE, MNL_BEEG_HOON
💰 [2:39:40 PM] TXN-1787902780360-169-669291
   Outlet 169 | Staff: Tan Wei Ming | 1 items | S$10.03
   🚨 OUT OF STOCK: BEV_LATTE
🛒 [2:39:46 PM] TXN-1787902786352-202-463036
   Outlet 202 | Staff: None | 4 items | S$43.66
   🚨 OUT OF STOCK: BEV_KOPI_O, BEV_KOPI_O, BEV_MILO, BEV_LATTE
💰 [2:39:53 PM] TXN-1787902793310-164-629435
   Outlet 164 | Staff: Batch Staff 1 | 2 items | S$14.16
   🚨 OUT OF STOCK: BEV_ICED_TEA, BEV_KOPI_O
🛒 [2:39:59 PM] TXN-1787902799668-171-434179
   Outlet 171 | Staff: Lee Jia En | 3 items | S$35.99
   🚨 OUT OF STOCK: LMT_NASI_GORENG, BEV_ICED_TEA, BEV_ORANGE_JUICE
🛒 [2:40:06 PM] TXN-1787902806557-169-351137
   Outlet 169 | Staff: Ng Jun Hao | 3 items | S$45.43
   🚨 OUT OF STOCK: MNL_CHICKEN_RICE, BEV_LATTE, BEV_ORANGE_JUICE
🛒 [2:40:13 PM] TXN-1787902813504-165-826806
   Outlet 165 | Staff: Tan Wei Ming | 5 items | S$74.93
   🚨 OUT OF STOCK: MNL_LAKSA, BEV_KOPI_O, BEV_ICED_TEA, BEV_KOPI_O, BEV_ICED_TEA
💰 [2:40:20 PM] TXN-1787902820588-201-318384
   Outlet 201 | Staff: None | 2 items | S$25.37
   🚨 OUT OF STOCK: MNL_BEEG_HOON, BEV_ICED_TEA
🛒 [2:40:26 PM] TXN-1787902826981-164-687677
   Outlet 164 | Staff: Rajesh Kumar | 5 items | S$82.01
   🚨 OUT OF STOCK: LMT_SATE, BEV_ORANGE_JUICE, LMT_MIE_GORENG, BEV_ICED_TEA, MNL_BEEG_HOON

📊 STATS:
   Total Sales: 3120
   Total Revenue: S$125384.44
   Avg Ticket: S$40.19
   Low Stock Alerts: 99
   Out of Stock: 3101
──────────────────────────────────────────────────
🛒 [2:40:34 PM] TXN-1787902834135-168-852102
   Outlet 168 | Staff: Ng Jun Hao | 3 items | S$23.60
   🚨 OUT OF STOCK: BEV_ORANGE_JUICE, BEV_MILO, BEV_ICED_TEA
🛒 [2:40:40 PM] TXN-1787902840814-164-820536
   Outlet 164 | Staff: Tan Wei Ming | 5 items | S$56.64
   ⚠️ LOW STOCK: LMT_PRAWN_CRACKERS
   🚨 OUT OF STOCK: BEV_KOPI_O, BEV_LATTE, BEV_LATTE, LMT_NASI_GORENG
🛒 [2:40:47 PM] TXN-1787902847897-171-945277
   Outlet 171 | Staff: Chua Kai Xin | 5 items | S$62.54
   🚨 OUT OF STOCK: LMT_NASI_GORENG, BEV_ICED_TEA, BEV_ORANGE_JUICE, MNL_KWAY_TEOW, BEV_ORANGE_JUICE
🛒 [2:40:54 PM] TXN-1787902854966-169-310843
   Outlet 169 | Staff: Lee Jia En | 5 items | S$63.72
   🚨 OUT OF STOCK: BEV_MILO, BEV_LATTE, BEV_ORANGE_JUICE, BEV_LATTE, BEV_ICED_TEA
💰 [2:41:02 PM] TXN-1787902862151-164-682417
   Outlet 164 | Staff: Chua Kai Xin | 2 items | S$25.96
   🚨 OUT OF STOCK: MNL_RICE_BOWL, BEV_ICED_TEA
💰 [2:41:08 PM] TXN-1787902868634-168-214821
   Outlet 168 | Staff: Chua Kai Xin | 1 items | S$7.67
   🚨 OUT OF STOCK: BEV_KOPI_O
💰 [2:41:14 PM] TXN-1787902874761-164-525000
   Outlet 164 | Staff: Tan Jia Min | 2 items | S$22.42
   🚨 OUT OF STOCK: LMT_ROTI_CANAI, BEV_ICED_TEA
🛒 [2:41:21 PM] TXN-1787902881135-200-372330
   Outlet 200 | Staff: Syaza Aina | 4 items | S$54.28
   🚨 OUT OF STOCK: LMT_MIE_GORENG, LMT_SATE, BEV_MILO, BEV_MILO
💰 [2:41:28 PM] TXN-1787902888379-164-493308
   Outlet 164 | Staff: Batch Staff 1 | 1 items | S$8.85
   🚨 OUT OF STOCK: BEV_ORANGE_JUICE
💰 [2:41:34 PM] TXN-1787902894442-169-606015
   Outlet 169 | Staff: Tan Wei Ming | 1 items | S$12.98
   🚨 OUT OF STOCK: MNL_RICE_BOWL

📊 STATS:
   Total Sales: 3130
   Total Revenue: S$125723.10
   Avg Ticket: S$40.17
   Low Stock Alerts: 100
   Out of Stock: 3111
──────────────────────────────────────────────────
🛒 [2:41:40 PM] TXN-1787902900738-165-818910
   Outlet 165 | Staff: Ahmad Faiz Bin Hassan | 4 items | S$54.87
   🚨 OUT OF STOCK: LMT_SATE, BEV_KOPI_O, BEV_ORANGE_JUICE, BEV_ICED_TEA
🛒 [2:41:47 PM] TXN-1787902907848-167-653745
   Outlet 167 | Staff: Ng Jun Hao | 4 items | S$66.67
   🚨 OUT OF STOCK: BEV_ORANGE_JUICE, BEV_LATTE, BEV_LATTE, LMT_SATE
🛒 [2:41:54 PM] TXN-1787902914665-169-595389
   Outlet 169 | Staff: Tan Wei Ming | 5 items | S$57.82
   🚨 OUT OF STOCK: LMT_ROTI_CANAI, BEV_ICED_TEA, BEV_LATTE, BEV_ORANGE_JUICE, BEV_ICED_TEA
🛒 [2:42:01 PM] TXN-1787902921740-170-598113
   Outlet 170 | Staff: Tan Wei Ming | 4 items | S$46.61
   ⚠️ LOW STOCK: LMT_PRAWN_CRACKERS
   🚨 OUT OF STOCK: LMT_NASI_GORENG, MNL_BEEG_HOON, BEV_ORANGE_JUICE
🛒 [2:42:08 PM] TXN-1787902928665-201-937051
   Outlet 201 | Staff: None | 4 items | S$46.61
   🚨 OUT OF STOCK: BEV_LATTE, BEV_KOPI_O, BEV_LATTE, BEV_ORANGE_JUICE
💰 [2:42:15 PM] TXN-1787902935623-201-448248
   Outlet 201 | Staff: None | 1 items | S$6.49
   🚨 OUT OF STOCK: BEV_ICED_TEA
💰 [2:42:21 PM] TXN-1787902941829-171-347705
   Outlet 171 | Staff: Tan Mei Hua | 1 items | S$18.29
   🚨 OUT OF STOCK: MNL_LAKSA
💰 [2:42:27 PM] TXN-1787902947841-169-327491
   Outlet 169 | Staff: Ng Jun Hao | 1 items | S$18.29
   🚨 OUT OF STOCK: MNL_LAKSA
🛒 [2:42:33 PM] TXN-1787902953945-167-426380
   Outlet 167 | Staff: Muhd Danish Bin Razak | 4 items | S$56.05
   🚨 OUT OF STOCK: LMT_PRAWN_CRACKERS, MNL_CHICKEN_RICE, BEV_MILO, BEV_LATTE
💰 [2:42:40 PM] TXN-1787902960908-200-737398
   Outlet 200 | Staff: Syaza Aina | 1 items | S$7.67
   🚨 OUT OF STOCK: BEV_KOPI_O

📊 STATS:
   Total Sales: 3140
   Total Revenue: S$126102.47
   Avg Ticket: S$40.16
   Low Stock Alerts: 101
   Out of Stock: 3121
──────────────────────────────────────────────────
🛒 [2:42:47 PM] TXN-1787902967001-171-619583
   Outlet 171 | Staff: Priya D/O Mani | 4 items | S$71.39
   🚨 OUT OF STOCK: BEV_KOPI_O, BEV_LATTE, MNL_RICE_BOWL, BEV_ORANGE_JUICE
🛒 [2:42:53 PM] TXN-1787902973798-169-972295
   Outlet 169 | Staff: Ng Jun Hao | 5 items | S$56.05
   🚨 OUT OF STOCK: BEV_ICED_TEA, BEV_MILO, BEV_MILO, BEV_KOPI_O, LMT_ROTI_CANAI
🛒 [2:43:00 PM] TXN-1787902980920-202-675117
   Outlet 202 | Staff: None | 4 items | S$40.12
   🚨 OUT OF STOCK: LMT_PRAWN_CRACKERS, BEV_ORANGE_JUICE, LMT_PRAWN_CRACKERS, BEV_ICED_TEA
🛒 [2:43:07 PM] TXN-1787902987835-171-837752
   Outlet 171 | Staff: Nur Aisyah | 4 items | S$45.43
   🚨 OUT OF STOCK: MNL_RICE_BOWL, BEV_ORANGE_JUICE, BEV_MILO, BEV_KOPI_O
🛒 [2:43:14 PM] TXN-1787902994771-168-558157
   Outlet 168 | Staff: Sanjay S/O Ramesh | 5 items | S$74.34
   🚨 OUT OF STOCK: MNL_LAKSA, BEV_ICED_TEA, BEV_KOPI_O, BEV_LATTE, BEV_ORANGE_JUICE
🛒 [2:43:21 PM] TXN-1787903001941-168-132219
   Outlet 168 | Staff: Sanjay S/O Ramesh | 3 items | S$46.02
   🚨 OUT OF STOCK: MNL_CHICKEN_RICE, BEV_ICED_TEA, BEV_MILO
🛒 [2:43:28 PM] TXN-1787903008512-168-329536
   Outlet 168 | Staff: Ng Jun Hao | 3 items | S$48.97
   🚨 OUT OF STOCK: BEV_ORANGE_JUICE, LMT_MIE_GORENG, LMT_NASI_GORENG
💰 [2:43:35 PM] TXN-1787903015054-171-807013
   Outlet 171 | Staff: Muhd Danish Bin Razak | 1 items | S$18.29
   🚨 OUT OF STOCK: MNL_LAKSA
🛒 [2:43:41 PM] TXN-1787903021047-164-700325
   Outlet 164 | Staff: Batch Staff 1 | 4 items | S$73.75
   🚨 OUT OF STOCK: MNL_KWAY_TEOW, BEV_LATTE, MNL_LAKSA, BEV_LATTE
💰 [2:43:48 PM] TXN-1787903028029-167-495950
   Outlet 167 | Staff: Tan Wei Ming | 2 items | S$15.93
   🚨 OUT OF STOCK: LMT_ROTI_CANAI, BEV_ICED_TEA

📊 STATS:
   Total Sales: 3150
   Total Revenue: S$126592.76
   Avg Ticket: S$40.19
   Low Stock Alerts: 101
   Out of Stock: 3131
──────────────────────────────────────────────────
💰 [2:43:54 PM] TXN-1787903034397-167-812750
   Outlet 167 | Staff: Muhd Danish Bin Razak | 1 items | S$6.49
   🚨 OUT OF STOCK: BEV_ICED_TEA
🛒 [2:44:00 PM] TXN-1787903040703-167-387408
   Outlet 167 | Staff: Lee Jia En | 3 items | S$27.73
   🚨 OUT OF STOCK: BEV_ICED_TEA, BEV_ICED_TEA, BEV_MILO
💰 [2:44:07 PM] TXN-1787903047417-168-772474
   Outlet 168 | Staff: Nurul Huda Bte Ali | 2 items | S$22.42
   🚨 OUT OF STOCK: LMT_NASI_GORENG, BEV_MILO
💰 [2:44:13 PM] TXN-1787903053762-168-857097
   Outlet 168 | Staff: Nurul Huda Bte Ali | 1 items | S$4.72
   🚨 OUT OF STOCK: LMT_PRAWN_CRACKERS
🛒 [2:44:20 PM] TXN-1787903060107-165-433931
   Outlet 165 | Staff: Tan Wei Ming | 5 items | S$88.50
   🚨 OUT OF STOCK: LMT_SATE, BEV_MILO, BEV_ORANGE_JUICE, BEV_MILO, BEV_LATTE
🛒 [2:44:27 PM] TXN-1787903067595-168-644112
   Outlet 168 | Staff: Nurul Huda Bte Ali | 5 items | S$73.75
   🚨 OUT OF STOCK: MNL_LAKSA, BEV_LATTE, LMT_SATE, BEV_LATTE, BEV_ORANGE_JUICE
💰 [2:44:34 PM] TXN-1787903074994-170-304729
   Outlet 170 | Staff: Muhd Danish Bin Razak | 2 items | S$29.50
   🚨 OUT OF STOCK: LMT_NASI_GORENG, BEV_KOPI_O
💰 [2:44:41 PM] TXN-1787903081326-171-776279
   Outlet 171 | Staff: Rajesh Kumar | 1 items | S$12.98
   🚨 OUT OF STOCK: MNL_RICE_BOWL
💰 [2:44:47 PM] TXN-1787903087346-201-620880
   Outlet 201 | Staff: None | 1 items | S$14.16
   🚨 OUT OF STOCK: LMT_NASI_GORENG
🛒 [2:44:53 PM] TXN-1787903093502-200-193840
   Outlet 200 | Staff: Priya D/O Mani | 4 items | S$73.16
   🚨 OUT OF STOCK: BEV_ORANGE_JUICE, BEV_LATTE, LMT_SATE, BEV_ORANGE_JUICE

📊 STATS:
   Total Sales: 3160
   Total Revenue: S$126946.17
   Avg Ticket: S$40.17
   Low Stock Alerts: 101
   Out of Stock: 3141
──────────────────────────────────────────────────
💰 [2:45:00 PM] TXN-1787903100467-200-175723
   Outlet 200 | Staff: Kumar Sanjay | 1 items | S$16.52
   🚨 OUT OF STOCK: MNL_CHICKEN_RICE
💰 [2:45:06 PM] TXN-1787903106722-169-824462
   Outlet 169 | Staff: Tan Wei Ming | 2 items | S$29.50
   🚨 OUT OF STOCK: MNL_CHICKEN_RICE, BEV_ICED_TEA
💰 [2:45:13 PM] TXN-1787903113278-167-479859
   Outlet 167 | Staff: Ng Jun Hao | 1 items | S$10.03
   🚨 OUT OF STOCK: BEV_LATTE
💰 [2:45:19 PM] TXN-1787903119429-202-156438
   Outlet 202 | Staff: None | 2 items | S$16.52
   🚨 OUT OF STOCK: BEV_MILO, BEV_MILO
🛒 [2:45:25 PM] TXN-1787903125852-167-107686
   Outlet 167 | Staff: Nurul Huda Bte Ali | 5 items | S$53.10
   🚨 OUT OF STOCK: LMT_PRAWN_CRACKERS, BEV_ICED_TEA, BEV_ORANGE_JUICE, BEV_ORANGE_JUICE, BEV_ICED_TEA
💰 [2:45:32 PM] TXN-1787903132913-201-469956
   Outlet 201 | Staff: None | 1 items | S$15.34
   🚨 OUT OF STOCK: MNL_KWAY_TEOW
💰 [2:45:39 PM] TXN-1787903139024-164-770514
   Outlet 164 | Staff: Chua Kai Xin | 1 items | S$10.03
   🚨 OUT OF STOCK: BEV_LATTE
🛒 [2:45:45 PM] TXN-1787903145152-200-119687
   Outlet 200 | Staff: Syaza Aina | 4 items | S$66.67
   🚨 OUT OF STOCK: BEV_ICED_TEA, BEV_ORANGE_JUICE, MNL_CHICKEN_RICE, LMT_PRAWN_CRACKERS
🛒 [2:45:52 PM] TXN-1787903152250-202-295142
   Outlet 202 | Staff: None | 4 items | S$41.30
   🚨 OUT OF STOCK: LMT_MIE_GORENG, BEV_LATTE, BEV_LATTE, LMT_PRAWN_CRACKERS
🛒 [2:45:59 PM] TXN-1787903159359-167-325263
   Outlet 167 | Staff: Nurul Huda Bte Ali | 5 items | S$75.52
   🚨 OUT OF STOCK: MNL_LAKSA, BEV_ORANGE_JUICE, BEV_KOPI_O, BEV_KOPI_O, MNL_CHICKEN_RICE

📊 STATS:
   Total Sales: 3170
   Total Revenue: S$127280.70
   Avg Ticket: S$40.15
   Low Stock Alerts: 101
   Out of Stock: 3151
──────────────────────────────────────────────────
🛒 [2:46:06 PM] TXN-1787903166699-165-645418
   Outlet 165 | Staff: Lee Jia En | 4 items | S$59.59
   ❌ Webhook failed: 408
🛒 [2:48:37 PM] TXN-1787903317505-200-246247
   Outlet 200 | Staff: Syaza Aina | 4 items | S$56.05
   🚨 OUT OF STOCK: BEV_ORANGE_JUICE, BEV_LATTE, BEV_KOPI_O, LMT_MIE_GORENG
🛒 [2:48:44 PM] TXN-1787903324656-171-622621
   Outlet 171 | Staff: Tan Wei Ming | 5 items | S$50.15
   🚨 OUT OF STOCK: LMT_MIE_GORENG, BEV_ORANGE_JUICE, BEV_ORANGE_JUICE, BEV_KOPI_O, BEV_ICED_TEA
🛒 [2:48:51 PM] TXN-1787903331926-170-124451
   Outlet 170 | Staff: Rajesh Kumar | 3 items | S$46.02
   🚨 OUT OF STOCK: LMT_ROTI_CANAI, BEV_LATTE, BEV_MILO
🛒 [2:48:58 PM] TXN-1787903338794-202-510430
   Outlet 202 | Staff: None | 3 items | S$36.58
   🚨 OUT OF STOCK: MNL_LAKSA, LMT_ROTI_CANAI, BEV_ORANGE_JUICE
🛒 [2:49:05 PM] TXN-1787903345679-202-988602
   Outlet 202 | Staff: None | 4 items | S$43.66
   🚨 OUT OF STOCK: LMT_ROTI_CANAI, BEV_KOPI_O, BEV_ORANGE_JUICE, BEV_ORANGE_JUICE
🛒 [2:49:12 PM] TXN-1787903352704-168-747354
   Outlet 168 | Staff: Lee Jia En | 3 items | S$34.22
   🚨 OUT OF STOCK: MNL_BEEG_HOON, BEV_KOPI_O, BEV_KOPI_O
💰 [2:57:34 PM] TXN-1787903854456-165-177952
   Outlet 165 | Staff: Tan Wei Ming | 1 items | S$12.98
   🚨 OUT OF STOCK: MNL_RICE_BOWL
🛒 [2:57:42 PM] TXN-1787903862235-171-410290
   Outlet 171 | Staff: Nur Aisyah | 4 items | S$79.65
   🚨 OUT OF STOCK: BEV_ORANGE_JUICE, LMT_SATE, BEV_KOPI_O, MNL_BEEG_HOON
🛒 [2:57:49 PM] TXN-1787903869308-169-339461
   Outlet 169 | Staff: Koh Jia Yi | 5 items | S$53.10
   🚨 OUT OF STOCK: LMT_NASI_GORENG, BEV_KOPI_O, BEV_ICED_TEA, BEV_MILO, BEV_LATTE

📊 STATS:
   Total Sales: 3180
   Total Revenue: S$127752.70
   Avg Ticket: S$40.17
   Low Stock Alerts: 101
   Out of Stock: 3160
──────────────────────────────────────────────────
🛒 [2:57:56 PM] TXN-1787903876946-164-228155
   Outlet 164 | Staff: Nurul Huda Bte Ali | 4 items | S$41.30
   🚨 OUT OF STOCK: BEV_MILO, BEV_ICED_TEA, BEV_ORANGE_JUICE, BEV_ORANGE_JUICE
💰 [2:58:04 PM] TXN-1787903884185-171-792844
   Outlet 171 | Staff: Muhd Danish Bin Razak | 1 items | S$15.34
   🚨 OUT OF STOCK: MNL_KWAY_TEOW
🛒 [2:58:10 PM] TXN-1787903890279-168-851116
   Outlet 168 | Staff: Priya D/O Mani | 4 items | S$61.95
   🚨 OUT OF STOCK: BEV_KOPI_O, LMT_SATE, BEV_ORANGE_JUICE, BEV_LATTE
💰 [2:58:17 PM] TXN-1787903897461-200-901377
   Outlet 200 | Staff: Syaza Aina | 2 items | S$21.83
   🚨 OUT OF STOCK: BEV_ORANGE_JUICE, MNL_RICE_BOWL
💰 [3:06:40 PM] TXN-1787904400378-201-721716
   Outlet 201 | Staff: None | 2 items | S$24.78
   🚨 OUT OF STOCK: MNL_LAKSA, BEV_ICED_TEA
🛒 [3:06:47 PM] TXN-1787904407874-200-464397
   Outlet 200 | Staff: Syaza Aina | 5 items | S$92.04
   🚨 OUT OF STOCK: LMT_SATE, BEV_KOPI_O, LMT_NASI_GORENG, BEV_MILO, MNL_LAKSA
💰 [3:06:55 PM] TXN-1787904415176-202-290377
   Outlet 202 | Staff: None | 2 items | S$41.89
   🚨 OUT OF STOCK: BEV_ICED_TEA, LMT_SATE
🛒 [3:07:01 PM] TXN-1787904421562-169-997587
   Outlet 169 | Staff: Tan Wei Ming | 5 items | S$72.57
   🚨 OUT OF STOCK: LMT_NASI_GORENG, BEV_MILO, BEV_ORANGE_JUICE, MNL_CHICKEN_RICE, BEV_MILO
💰 [3:07:09 PM] TXN-1787904429879-200-354541
   Outlet 200 | Staff: Kumar Sanjay | 2 items | S$16.52
   🚨 OUT OF STOCK: BEV_KOPI_O, BEV_ORANGE_JUICE
🛒 [3:07:16 PM] TXN-1787904436531-200-418663
   Outlet 200 | Staff: Kumar Sanjay | 4 items | S$35.40
   🚨 OUT OF STOCK: BEV_ICED_TEA, BEV_KOPI_O, BEV_MILO, BEV_ICED_TEA

📊 STATS:
   Total Sales: 3190
   Total Revenue: S$128176.32
   Avg Ticket: S$40.18
   Low Stock Alerts: 101
   Out of Stock: 3170
──────────────────────────────────────────────────
💰 [3:07:23 PM] TXN-1787904443949-200-860306
   Outlet 200 | Staff: Priya D/O Mani | 2 items | S$21.83
   🚨 OUT OF STOCK: LMT_MIE_GORENG, BEV_LATTE
🛒 [3:09:06 PM] TXN-1787904546520-170-467554
   Outlet 170 | Staff: Ng Jun Hao | 4 items | S$34.22
   ⚠️ LOW STOCK: LMT_PRAWN_CRACKERS
   🚨 OUT OF STOCK: BEV_LATTE, BEV_ICED_TEA, BEV_ICED_TEA
🛒 [3:09:14 PM] TXN-1787904554001-165-890221
   Outlet 165 | Staff: Tan Wei Ming | 4 items | S$53.10
   🚨 OUT OF STOCK: BEV_LATTE, BEV_LATTE, BEV_ICED_TEA, MNL_CHICKEN_RICE
🛒 [3:09:21 PM] TXN-1787904561315-169-421532
   Outlet 169 | Staff: Sanjay S/O Ramesh | 4 items | S$63.72
   🚨 OUT OF STOCK: MNL_RICE_BOWL, BEV_LATTE, BEV_KOPI_O, BEV_KOPI_O
💰 [3:09:28 PM] TXN-1787904568262-200-376097
   Outlet 200 | Staff: Syaza Aina | 1 items | S$6.49
   🚨 OUT OF STOCK: BEV_ICED_TEA
🛒 [3:09:34 PM] TXN-1787904574862-170-382670
   Outlet 170 | Staff: Muhd Danish Bin Razak | 5 items | S$80.83
   ⚠️ LOW STOCK: LMT_PRAWN_CRACKERS
   🚨 OUT OF STOCK: MNL_KWAY_TEOW, BEV_ORANGE_JUICE, BEV_KOPI_O, MNL_LAKSA
💰 [3:09:41 PM] TXN-1787904581915-171-692394
   Outlet 171 | Staff: Chua Kai Xin | 2 items | S$41.30
   🚨 OUT OF STOCK: MNL_KWAY_TEOW, MNL_RICE_BOWL
🛒 [3:09:48 PM] TXN-1787904588190-171-264874
   Outlet 171 | Staff: Nurul Huda Bte Ali | 3 items | S$36.58
   🚨 OUT OF STOCK: BEV_KOPI_O, MNL_BEEG_HOON, BEV_LATTE
🛒 [3:09:54 PM] TXN-1787904594775-167-358058
   Outlet 167 | Staff: Muhd Danish Bin Razak | 3 items | S$44.84
   🚨 OUT OF STOCK: MNL_RICE_BOWL, BEV_KOPI_O, MNL_CHICKEN_RICE
🛒 [3:10:01 PM] TXN-1787904601308-165-568377
   Outlet 165 | Staff: Tan Wei Ming | 3 items | S$38.94
   🚨 OUT OF STOCK: LMT_ROTI_CANAI, LMT_MIE_GORENG, LMT_SATE

📊 STATS:
   Total Sales: 3200
   Total Revenue: S$128598.17
   Avg Ticket: S$40.19
   Low Stock Alerts: 103
   Out of Stock: 3180
──────────────────────────────────────────────────
🛒 [3:10:08 PM] TXN-1787904608183-167-579894
   Outlet 167 | Staff: Muhd Danish Bin Razak | 5 items | S$72.57
   🚨 OUT OF STOCK: MNL_BEEG_HOON, MNL_CHICKEN_RICE, BEV_ICED_TEA, BEV_ORANGE_JUICE, BEV_KOPI_O
🛒 [3:10:15 PM] TXN-1787904615868-164-725382
   Outlet 164 | Staff: Ong Wei Jian | 3 items | S$57.23
   🚨 OUT OF STOCK: BEV_LATTE, LMT_ROTI_CANAI, LMT_NASI_GORENG
💰 [3:10:22 PM] TXN-1787904622715-165-829049
   Outlet 165 | Staff: Tan Wei Ming | 2 items | S$23.01
   🚨 OUT OF STOCK: BEV_KOPI_O, BEV_KOPI_O
🛒 [3:10:29 PM] TXN-1787904629246-164-629141
   Outlet 164 | Staff: Batch Staff 1 | 3 items | S$41.89
   🚨 OUT OF STOCK: BEV_KOPI_O, BEV_ORANGE_JUICE, BEV_MILO
💰 [3:10:36 PM] TXN-1787904636794-171-439863
   Outlet 171 | Staff: Rajesh Kumar | 1 items | S$11.80
   🚨 OUT OF STOCK: LMT_MIE_GORENG
🛒 [3:10:42 PM] TXN-1787904642846-202-514642
   Outlet 202 | Staff: None | 3 items | S$51.92
   🚨 OUT OF STOCK: MNL_BEEG_HOON, BEV_ICED_TEA, BEV_LATTE
🛒 [3:10:49 PM] TXN-1787904649452-201-119187
   Outlet 201 | Staff: None | 4 items | S$61.36
   🚨 OUT OF STOCK: MNL_BEEG_HOON, LMT_ROTI_CANAI, BEV_LATTE, BEV_ICED_TEA
🛒 [3:10:56 PM] TXN-1787904656555-169-149773
   Outlet 169 | Staff: Muhd Danish Bin Razak | 5 items | S$67.85
   🚨 OUT OF STOCK: MNL_KWAY_TEOW, BEV_LATTE, BEV_MILO, BEV_KOPI_O, BEV_MILO
🛒 [3:11:03 PM] TXN-1787904663833-169-294211
   Outlet 169 | Staff: Tan Wei Ming | 3 items | S$52.51
   🚨 OUT OF STOCK: LMT_PRAWN_CRACKERS, BEV_LATTE, MNL_BEEG_HOON
🛒 [3:11:10 PM] TXN-1787904670840-201-267832
   Outlet 201 | Staff: None | 5 items | S$100.30
   🚨 OUT OF STOCK: LMT_MIE_GORENG, MNL_BEEG_HOON, BEV_KOPI_O, LMT_ROTI_CANAI, BEV_MILO

📊 STATS:
   Total Sales: 3210
   Total Revenue: S$129138.61
   Avg Ticket: S$40.23
   Low Stock Alerts: 103
   Out of Stock: 3190
──────────────────────────────────────────────────
💰 [3:11:18 PM] TXN-1787904678188-200-383358
   Outlet 200 | Staff: Kumar Sanjay | 2 items | S$31.86
   🚨 OUT OF STOCK: MNL_KWAY_TEOW, BEV_MILO
🛒 [3:11:24 PM] TXN-1787904684639-164-717956
   Outlet 164 | Staff: Chua Kai Xin | 4 items | S$54.87
   🚨 OUT OF STOCK: LMT_NASI_GORENG, MNL_BEEG_HOON, BEV_ICED_TEA, BEV_ORANGE_JUICE
💰 [3:11:31 PM] TXN-1787904691511-171-696864
   Outlet 171 | Staff: Muhd Danish Bin Razak | 1 items | S$15.34
   🚨 OUT OF STOCK: MNL_KWAY_TEOW
🛒 [3:11:37 PM] TXN-1787904697579-169-659000
   Outlet 169 | Staff: Muhd Danish Bin Razak | 3 items | S$31.86
   🚨 OUT OF STOCK: BEV_KOPI_O, BEV_ORANGE_JUICE, BEV_ICED_TEA
💰 [3:11:44 PM] TXN-1787904704269-171-538313
   Outlet 171 | Staff: Ng Jun Hao | 1 items | S$8.85
   🚨 OUT OF STOCK: BEV_ORANGE_JUICE
💰 [3:11:50 PM] TXN-1787904710301-167-313905
   Outlet 167 | Staff: Sanjay S/O Ramesh | 2 items | S$30.68
   🚨 OUT OF STOCK: LMT_SATE, BEV_ICED_TEA
💰 [3:11:56 PM] TXN-1787904716640-200-292474
   Outlet 200 | Staff: Syaza Aina | 1 items | S$10.03
   🚨 OUT OF STOCK: BEV_LATTE
🛒 [3:12:02 PM] TXN-1787904722825-164-637209
   Outlet 164 | Staff: Tan Wei Ming | 4 items | S$37.76
   🚨 OUT OF STOCK: BEV_ICED_TEA, BEV_MILO, BEV_KOPI_O, MNL_KWAY_TEOW
💰 [3:12:09 PM] TXN-1787904729772-200-664708
   Outlet 200 | Staff: Kumar Sanjay | 1 items | S$7.67
   🚨 OUT OF STOCK: BEV_KOPI_O
🛒 [3:12:15 PM] TXN-1787904735893-202-335657
   Outlet 202 | Staff: None | 3 items | S$28.32
   🚨 OUT OF STOCK: LMT_PRAWN_CRACKERS, BEV_MILO, BEV_KOPI_O

📊 STATS:
   Total Sales: 3220
   Total Revenue: S$129395.85
   Avg Ticket: S$40.19
   Low Stock Alerts: 103
   Out of Stock: 3200
──────────────────────────────────────────────────
💰 [3:12:23 PM] TXN-1787904743007-168-105117
   Outlet 168 | Staff: Nurul Huda Bte Ali | 2 items | S$20.65
   🚨 OUT OF STOCK: LMT_NASI_GORENG, BEV_ICED_TEA
🛒 [3:12:29 PM] TXN-1787904749721-201-981398
   Outlet 201 | Staff: None | 4 items | S$70.21
   🚨 OUT OF STOCK: BEV_LATTE, LMT_SATE, BEV_MILO, BEV_MILO
🛒 [3:12:36 PM] TXN-1787904756646-167-667709
   Outlet 167 | Staff: Sanjay S/O Ramesh | 3 items | S$53.10
   🚨 OUT OF STOCK: LMT_NASI_GORENG, MNL_BEEG_HOON, BEV_LATTE
💰 [3:12:43 PM] TXN-1787904763178-202-203416
   Outlet 202 | Staff: None | 2 items | S$17.70
   🚨 OUT OF STOCK: BEV_LATTE, BEV_KOPI_O
🛒 [3:12:49 PM] TXN-1787904769577-169-254129
   Outlet 169 | Staff: Ng Jun Hao | 3 items | S$54.87
   🚨 OUT OF STOCK: MNL_LAKSA, BEV_LATTE, BEV_MILO
🛒 [3:12:56 PM] TXN-1787904776315-169-379630
   Outlet 169 | Staff: Ng Jun Hao | 4 items | S$76.11
   🚨 OUT OF STOCK: MNL_BEEG_HOON, BEV_ORANGE_JUICE, MNL_KWAY_TEOW, BEV_ORANGE_JUICE
💰 [3:13:03 PM] TXN-1787904783319-167-492078
   Outlet 167 | Staff: Ahmad Faiz Bin Hassan | 2 items | S$31.86
   🚨 OUT OF STOCK: MNL_CHICKEN_RICE, BEV_KOPI_O
🛒 [3:13:09 PM] TXN-1787904789717-165-218952
   Outlet 165 | Staff: Tan Wei Ming | 5 items | S$40.12
   🚨 OUT OF STOCK: LMT_MIE_GORENG, BEV_KOPI_O, BEV_ICED_TEA, BEV_KOPI_O, BEV_ICED_TEA
🛒 [3:13:17 PM] TXN-1787904797038-202-193112
   Outlet 202 | Staff: None | 4 items | S$47.79
   🚨 OUT OF STOCK: BEV_KOPI_O, BEV_MILO, BEV_KOPI_O, BEV_MILO
💰 [3:13:24 PM] TXN-1787904804129-201-709124
   Outlet 201 | Staff: None | 1 items | S$14.16
   🚨 OUT OF STOCK: LMT_NASI_GORENG

📊 STATS:
   Total Sales: 3230
   Total Revenue: S$129822.42
   Avg Ticket: S$40.19
   Low Stock Alerts: 103
   Out of Stock: 3210
──────────────────────────────────────────────────
🛒 [3:13:30 PM] TXN-1787904810314-165-670945
   Outlet 165 | Staff: Muhd Danish Bin Razak | 3 items | S$46.02
   🚨 OUT OF STOCK: LMT_SATE, BEV_MILO, BEV_LATTE
🛒 [3:13:36 PM] TXN-1787904816964-168-681217
   Outlet 168 | Staff: Priya D/O Mani | 3 items | S$34.22
   🚨 OUT OF STOCK: BEV_LATTE, BEV_ORANGE_JUICE, BEV_ICED_TEA
🛒 [3:13:43 PM] TXN-1787904823939-164-568626
   Outlet 164 | Staff: Batch Staff 1 | 4 items | S$61.36
   🚨 OUT OF STOCK: MNL_LAKSA, BEV_ORANGE_JUICE, BEV_KOPI_O, BEV_LATTE
💰 [3:13:50 PM] TXN-1787904830733-165-158782
   Outlet 165 | Staff: Lee Jia En | 1 items | S$7.67
   🚨 OUT OF STOCK: BEV_KOPI_O
💰 [3:13:56 PM] TXN-1787904836908-200-914257
   Outlet 200 | Staff: Kumar Sanjay | 2 items | S$34.22
   🚨 OUT OF STOCK: LMT_NASI_GORENG, BEV_LATTE
🛒 [3:14:03 PM] TXN-1787904843479-167-912237
   Outlet 167 | Staff: Lee Jia En | 3 items | S$48.38
   🚨 OUT OF STOCK: LMT_PRAWN_CRACKERS, BEV_ORANGE_JUICE, MNL_RICE_BOWL
🛒 [3:14:10 PM] TXN-1787904850053-167-592488
   Outlet 167 | Staff: Ng Jun Hao | 4 items | S$61.95
   🚨 OUT OF STOCK: LMT_NASI_GORENG, BEV_LATTE, BEV_LATTE, BEV_ORANGE_JUICE
💰 [3:14:16 PM] TXN-1787904856988-201-520125
   Outlet 201 | Staff: None | 2 items | S$27.73
   🚨 OUT OF STOCK: BEV_LATTE, BEV_ORANGE_JUICE
🛒 [3:14:23 PM] TXN-1787904863383-165-738434
   Outlet 165 | Staff: Tan Wei Ming | 4 items | S$56.05
   🚨 OUT OF STOCK: LMT_NASI_GORENG, BEV_KOPI_O, BEV_MILO, BEV_ORANGE_JUICE
🛒 [3:14:30 PM] TXN-1787904870226-170-908244
   Outlet 170 | Staff: Ng Jun Hao | 4 items | S$48.97
   🚨 OUT OF STOCK: LMT_SATE, BEV_ICED_TEA, BEV_MILO, MNL_CHICKEN_RICE

📊 STATS:
   Total Sales: 3240
   Total Revenue: S$130248.99
   Avg Ticket: S$40.20
   Low Stock Alerts: 103
   Out of Stock: 3220
──────────────────────────────────────────────────
💰 [3:14:37 PM] TXN-1787904877680-202-264731
   Outlet 202 | Staff: None | 2 items | S$33.04
   🚨 OUT OF STOCK: MNL_KWAY_TEOW, BEV_ORANGE_JUICE
💰 [3:14:43 PM] TXN-1787904883977-202-675756
   Outlet 202 | Staff: None | 2 items | S$23.01
   🚨 OUT OF STOCK: MNL_KWAY_TEOW, BEV_KOPI_O
💰 [3:14:50 PM] TXN-1787904890290-164-416544
   Outlet 164 | Staff: Rajesh Kumar | 2 items | S$15.93
   🚨 OUT OF STOCK: BEV_KOPI_O, BEV_MILO
💰 [3:14:56 PM] TXN-1787904896585-164-814625
   Outlet 164 | Staff: Chua Kai Xin | 1 items | S$18.29
   🚨 OUT OF STOCK: MNL_LAKSA
💰 [3:15:02 PM] TXN-1787904902670-170-738754
   Outlet 170 | Staff: Muhd Danish Bin Razak | 1 items | S$11.80
   🚨 OUT OF STOCK: LMT_MIE_GORENG
🛒 [3:15:08 PM] TXN-1787904908845-169-172078
   Outlet 169 | Staff: Tan Wei Ming | 4 items | S$27.73
   🚨 OUT OF STOCK: BEV_ICED_TEA, BEV_ICED_TEA, BEV_ICED_TEA, BEV_MILO
💰 [3:15:15 PM] TXN-1787904915689-201-819777
   Outlet 201 | Staff: None | 2 items | S$35.40
   🚨 OUT OF STOCK: MNL_KWAY_TEOW, BEV_LATTE
💰 [3:15:21 PM] TXN-1787904921997-170-708365
   Outlet 170 | Staff: Ng Jun Hao | 1 items | S$17.70
   🚨 OUT OF STOCK: LMT_SATE
💰 [3:15:28 PM] TXN-1787904928246-167-468353
   Outlet 167 | Staff: Ng Jun Hao | 1 items | S$4.72
   🚨 OUT OF STOCK: LMT_PRAWN_CRACKERS
🛒 [3:15:34 PM] TXN-1787904934508-164-665988
   Outlet 164 | Staff: Ong Wei Jian | 4 items | S$43.66
   🚨 OUT OF STOCK: MNL_RICE_BOWL, BEV_KOPI_O, BEV_MILO, BEV_ICED_TEA

📊 STATS:
   Total Sales: 3250
   Total Revenue: S$130480.27
   Avg Ticket: S$40.15
   Low Stock Alerts: 103
   Out of Stock: 3230
──────────────────────────────────────────────────
🛒 [3:15:41 PM] TXN-1787904941389-164-815576
   Outlet 164 | Staff: Nurul Huda Bte Ali | 4 items | S$49.56
   🚨 OUT OF STOCK: LMT_NASI_GORENG, MNL_LAKSA, BEV_ORANGE_JUICE, BEV_MILO
🛒 [3:15:48 PM] TXN-1787904948399-201-622958
   Outlet 201 | Staff: None | 4 items | S$47.20
   🚨 OUT OF STOCK: LMT_ROTI_CANAI, BEV_KOPI_O, BEV_ICED_TEA, LMT_PRAWN_CRACKERS
🛒 [3:15:55 PM] TXN-1787904955365-170-942286
   Outlet 170 | Staff: Tan Wei Ming | 3 items | S$34.81
   🚨 OUT OF STOCK: MNL_LAKSA, BEV_MILO, BEV_MILO
🛒 [3:16:01 PM] TXN-1787904961907-202-686991
   Outlet 202 | Staff: None | 4 items | S$76.11
   🚨 OUT OF STOCK: BEV_MILO, BEV_LATTE, MNL_BEEG_HOON, BEV_LATTE
🛒 [3:16:08 PM] TXN-1787904968736-168-165138
   Outlet 168 | Staff: Tan Wei Ming | 4 items | S$36.58
   🚨 OUT OF STOCK: BEV_MILO, BEV_ICED_TEA, BEV_ORANGE_JUICE, BEV_ICED_TEA
💰 [3:16:15 PM] TXN-1787904975525-167-549509
   Outlet 167 | Staff: Tan Wei Ming | 1 items | S$16.52
   🚨 OUT OF STOCK: MNL_CHICKEN_RICE
💰 [3:16:21 PM] TXN-1787904981544-169-705254
   Outlet 169 | Staff: Koh Jia Yi | 1 items | S$8.26
   🚨 OUT OF STOCK: BEV_MILO
🛒 [3:16:27 PM] TXN-1787904987573-165-800031
   Outlet 165 | Staff: Tan Wei Ming | 3 items | S$32.45
   🚨 OUT OF STOCK: LMT_NASI_GORENG, BEV_MILO, BEV_LATTE
💰 [3:16:34 PM] TXN-1787904994117-167-570733
   Outlet 167 | Staff: Tan Wei Ming | 2 items | S$26.55
   🚨 OUT OF STOCK: MNL_CHICKEN_RICE, BEV_LATTE
🛒 [3:16:40 PM] TXN-1787905000605-164-956395
   Outlet 164 | Staff: Ong Wei Jian | 5 items | S$87.32
   🚨 OUT OF STOCK: MNL_KWAY_TEOW, BEV_KOPI_O, MNL_BEEG_HOON, BEV_ICED_TEA, BEV_LATTE

📊 STATS:
   Total Sales: 3260
   Total Revenue: S$130895.63
   Avg Ticket: S$40.15
   Low Stock Alerts: 103
   Out of Stock: 3240
──────────────────────────────────────────────────
🛒 [3:16:47 PM] TXN-1787905007712-168-873238
   Outlet 168 | Staff: Sanjay S/O Ramesh | 5 items | S$79.06
   🚨 OUT OF STOCK: LMT_ROTI_CANAI, LMT_MIE_GORENG, BEV_ORANGE_JUICE, LMT_MIE_GORENG, BEV_MILO
🛒 [3:16:55 PM] TXN-1787905015277-164-248002
   Outlet 164 | Staff: Ong Wei Jian | 5 items | S$70.21
   🚨 OUT OF STOCK: LMT_NASI_GORENG, BEV_LATTE, BEV_MILO, BEV_ICED_TEA, BEV_ICED_TEA
💰 [3:17:02 PM] TXN-1787905022426-164-767495
   Outlet 164 | Staff: Rajesh Kumar | 2 items | S$19.47
   ⚠️ LOW STOCK: LMT_PRAWN_CRACKERS
   🚨 OUT OF STOCK: BEV_LATTE
💰 [3:17:08 PM] TXN-1787905028779-168-927755
   Outlet 168 | Staff: Sanjay S/O Ramesh | 2 items | S$26.55
   🚨 OUT OF STOCK: BEV_LATTE, BEV_MILO
🛒 [3:17:15 PM] TXN-1787905035336-201-985862
   Outlet 201 | Staff: None | 3 items | S$33.04
   🚨 OUT OF STOCK: LMT_SATE, BEV_ICED_TEA, BEV_ORANGE_JUICE
💰 [3:17:22 PM] TXN-1787905042011-170-386507
   Outlet 170 | Staff: Tan Wei Ming | 2 items | S$25.96
   🚨 OUT OF STOCK: MNL_RICE_BOWL, BEV_ICED_TEA
🛒 [3:17:28 PM] TXN-1787905048280-171-625577
   Outlet 171 | Staff: Ng Jun Hao | 5 items | S$94.99
   🚨 OUT OF STOCK: LMT_MIE_GORENG, BEV_ORANGE_JUICE, BEV_LATTE, MNL_LAKSA, BEV_ORANGE_JUICE
🛒 [3:17:35 PM] TXN-1787905055492-170-756276
   Outlet 170 | Staff: Ng Jun Hao | 4 items | S$40.71
   🚨 OUT OF STOCK: MNL_KWAY_TEOW, BEV_MILO, BEV_MILO, BEV_ORANGE_JUICE
🛒 [3:17:42 PM] TXN-1787905062320-170-400626
   Outlet 170 | Staff: Tan Wei Ming | 4 items | S$56.64
   🚨 OUT OF STOCK: MNL_LAKSA, BEV_LATTE, BEV_KOPI_O, BEV_ICED_TEA
💰 [3:17:49 PM] TXN-1787905069164-165-919523
   Outlet 165 | Staff: Lee Jia En | 1 items | S$15.34
   🚨 OUT OF STOCK: MNL_KWAY_TEOW

📊 STATS:
   Total Sales: 3270
   Total Revenue: S$131357.60
   Avg Ticket: S$40.17
   Low Stock Alerts: 104
   Out of Stock: 3250
──────────────────────────────────────────────────
💰 [3:17:55 PM] TXN-1787905075349-171-706072
   Outlet 171 | Staff: Nur Aisyah | 1 items | S$4.72
   🚨 OUT OF STOCK: LMT_PRAWN_CRACKERS
🛒 [3:18:01 PM] TXN-1787905081783-169-360408
   Outlet 169 | Staff: Muhd Danish Bin Razak | 3 items | S$41.30
   🚨 OUT OF STOCK: MNL_LAKSA, BEV_KOPI_O, BEV_KOPI_O
🛒 [3:18:08 PM] TXN-1787905088976-165-165280
   Outlet 165 | Staff: Tan Wei Ming | 5 items | S$63.13
   🚨 OUT OF STOCK: MNL_KWAY_TEOW, BEV_ICED_TEA, BEV_ORANGE_JUICE, BEV_KOPI_O, BEV_MILO
🛒 [3:18:16 PM] TXN-1787905096728-164-878272
   Outlet 164 | Staff: Priya D/O Mani | 3 items | S$34.81
   🚨 OUT OF STOCK: MNL_CHICKEN_RICE, BEV_LATTE, BEV_MILO
🛒 [3:18:23 PM] TXN-1787905103563-201-512168
   Outlet 201 | Staff: None | 4 items | S$48.97
   🚨 OUT OF STOCK: LMT_PRAWN_CRACKERS, BEV_LATTE, BEV_KOPI_O, BEV_ORANGE_JUICE
🛒 [3:18:30 PM] TXN-1787905110587-169-956845
   Outlet 169 | Staff: Tan Wei Ming | 4 items | S$61.95
   🚨 OUT OF STOCK: LMT_PRAWN_CRACKERS, MNL_CHICKEN_RICE, BEV_KOPI_O, BEV_MILO
🛒 [3:18:37 PM] TXN-1787905117484-167-950867
   Outlet 167 | Staff: Ahmad Faiz Bin Hassan | 3 items | S$26.55
   🚨 OUT OF STOCK: BEV_KOPI_O, BEV_LATTE, BEV_ORANGE_JUICE
💰 [3:18:44 PM] TXN-1787905124073-171-648533
   Outlet 171 | Staff: Muhd Danish Bin Razak | 1 items | S$12.98
   🚨 OUT OF STOCK: MNL_RICE_BOWL
💰 [3:18:50 PM] TXN-1787905130229-201-772013
   Outlet 201 | Staff: None | 1 items | S$10.03
   🚨 OUT OF STOCK: BEV_LATTE
🛒 [3:18:56 PM] TXN-1787905136334-169-351880
   Outlet 169 | Staff: Tan Wei Ming | 3 items | S$38.94
   🚨 OUT OF STOCK: LMT_PRAWN_CRACKERS, BEV_ORANGE_JUICE, BEV_MILO

📊 STATS:
   Total Sales: 3280
   Total Revenue: S$131700.98
   Avg Ticket: S$40.15
   Low Stock Alerts: 104
   Out of Stock: 3260
──────────────────────────────────────────────────
💰 [3:19:03 PM] TXN-1787905143047-164-858207
   Outlet 164 | Staff: Nurul Huda Bte Ali | 1 items | S$8.85
   🚨 OUT OF STOCK: BEV_ORANGE_JUICE
🛒 [3:19:09 PM] TXN-1787905149232-171-361493
   Outlet 171 | Staff: Rajesh Kumar | 5 items | S$67.26
   🚨 OUT OF STOCK: BEV_ORANGE_JUICE, LMT_NASI_GORENG, BEV_ORANGE_JUICE, MNL_CHICKEN_RICE, BEV_LATTE
🛒 [3:19:16 PM] TXN-1787905156391-170-234926
   Outlet 170 | Staff: Muhd Danish Bin Razak | 5 items | S$86.14
   🚨 OUT OF STOCK: MNL_BEEG_HOON, BEV_ORANGE_JUICE, BEV_MILO, BEV_ORANGE_JUICE, MNL_KWAY_TEOW
🛒 [3:19:23 PM] TXN-1787905163807-170-102524
   Outlet 170 | Staff: Rajesh Kumar | 4 items | S$51.33
   🚨 OUT OF STOCK: MNL_LAKSA, BEV_LATTE, BEV_MILO, BEV_ICED_TEA
🛒 [3:19:30 PM] TXN-1787905170964-202-420177
   Outlet 202 | Staff: None | 4 items | S$52.51
   🚨 OUT OF STOCK: BEV_ORANGE_JUICE, MNL_RICE_BOWL, BEV_ICED_TEA, BEV_ORANGE_JUICE
🛒 [3:19:37 PM] TXN-1787905177963-200-688103
   Outlet 200 | Staff: Syaza Aina | 5 items | S$43.66
   🚨 OUT OF STOCK: LMT_PRAWN_CRACKERS, BEV_KOPI_O, BEV_MILO, BEV_KOPI_O, BEV_KOPI_O
💰 [3:19:45 PM] TXN-1787905185316-201-639311
   Outlet 201 | Staff: None | 2 items | S$43.66
   🚨 OUT OF STOCK: LMT_SATE, MNL_RICE_BOWL
💰 [3:19:51 PM] TXN-1787905191623-201-201581
   Outlet 201 | Staff: None | 2 items | S$18.29
   🚨 OUT OF STOCK: LMT_ROTI_CANAI, BEV_ORANGE_JUICE
💰 [3:19:58 PM] TXN-1787905198664-168-728224
   Outlet 168 | Staff: Nurul Huda Bte Ali | 2 items | S$17.11
   🚨 OUT OF STOCK: LMT_ROTI_CANAI, BEV_KOPI_O
💰 [3:20:04 PM] TXN-1787905204925-170-246110
   Outlet 170 | Staff: Tan Wei Ming | 2 items | S$25.37
   🚨 OUT OF STOCK: MNL_BEEG_HOON, BEV_ICED_TEA

📊 STATS:
   Total Sales: 3290
   Total Revenue: S$132115.16
   Avg Ticket: S$40.16
   Low Stock Alerts: 104
   Out of Stock: 3270
──────────────────────────────────────────────────
🛒 [3:20:11 PM] TXN-1787905211578-164-134741
   Outlet 164 | Staff: Priya D/O Mani | 5 items | S$68.44
   🚨 OUT OF STOCK: BEV_ICED_TEA, BEV_ORANGE_JUICE, MNL_CHICKEN_RICE, BEV_LATTE, BEV_ORANGE_JUICE
💰 [3:20:18 PM] TXN-1787905218681-170-834673
   Outlet 170 | Staff: Ng Jun Hao | 2 items | S$27.14
   🚨 OUT OF STOCK: MNL_BEEG_HOON, BEV_MILO
🛒 [3:20:24 PM] TXN-1787905224892-168-800218
   Outlet 168 | Staff: Nurul Huda Bte Ali | 4 items | S$57.82
   🚨 OUT OF STOCK: MNL_CHICKEN_RICE, BEV_MILO, LMT_PRAWN_CRACKERS, BEV_KOPI_O
🛒 [3:20:32 PM] TXN-1787905232084-201-409060
   Outlet 201 | Staff: None | 4 items | S$58.41
   🚨 OUT OF STOCK: MNL_LAKSA, BEV_LATTE, BEV_LATTE, BEV_LATTE
💰 [3:20:38 PM] TXN-1787905238985-169-595761
   Outlet 169 | Staff: Ng Jun Hao | 1 items | S$8.26
   🚨 OUT OF STOCK: BEV_MILO
💰 [3:20:45 PM] TXN-1787905245234-168-249140
   Outlet 168 | Staff: Nurul Huda Bte Ali | 2 items | S$53.10
   🚨 OUT OF STOCK: LMT_SATE, LMT_SATE
🛒 [3:20:51 PM] TXN-1787905251523-202-158921
   Outlet 202 | Staff: None | 4 items | S$60.18
   🚨 OUT OF STOCK: LMT_MIE_GORENG, BEV_ICED_TEA, BEV_LATTE, BEV_KOPI_O
💰 [3:20:58 PM] TXN-1787905258330-201-365720
   Outlet 201 | Staff: None | 2 items | S$24.78
   🚨 OUT OF STOCK: MNL_LAKSA, BEV_ICED_TEA
🛒 [3:21:04 PM] TXN-1787905264736-202-842687
   Outlet 202 | Staff: None | 3 items | S$33.04
   🚨 OUT OF STOCK: MNL_KWAY_TEOW, BEV_ORANGE_JUICE, BEV_ORANGE_JUICE
💰 [3:21:11 PM] TXN-1787905271740-202-534352
   Outlet 202 | Staff: None | 2 items | S$33.63
   🚨 OUT OF STOCK: MNL_LAKSA, BEV_KOPI_O

📊 STATS:
   Total Sales: 3300
   Total Revenue: S$132539.96
   Avg Ticket: S$40.16
   Low Stock Alerts: 104
   Out of Stock: 3280
──────────────────────────────────────────────────
💰 [3:21:17 PM] TXN-1787905277996-167-827606
   Outlet 167 | Staff: Ahmad Faiz Bin Hassan | 1 items | S$11.80
   🚨 OUT OF STOCK: LMT_MIE_GORENG
🛒 [3:21:24 PM] TXN-1787905284110-167-542221
   Outlet 167 | Staff: Ahmad Faiz Bin Hassan | 4 items | S$57.23
   🚨 OUT OF STOCK: MNL_CHICKEN_RICE, BEV_LATTE, BEV_ORANGE_JUICE, BEV_ICED_TEA
🛒 [3:21:31 PM] TXN-1787905291046-167-175423
   Outlet 167 | Staff: Lee Jia En | 5 items | S$53.69
   🚨 OUT OF STOCK: BEV_KOPI_O, BEV_ORANGE_JUICE, BEV_ORANGE_JUICE, BEV_LATTE, BEV_MILO
🛒 [3:21:39 PM] TXN-1787905299079-165-293498
   Outlet 165 | Staff: Lee Jia En | 3 items | S$46.61
   🚨 OUT OF STOCK: BEV_LATTE, BEV_ORANGE_JUICE, MNL_BEEG_HOON
🛒 [3:21:45 PM] TXN-1787905305671-200-780461
   Outlet 200 | Staff: Priya D/O Mani | 3 items | S$38.35
   🚨 OUT OF STOCK: LMT_ROTI_CANAI, BEV_ORANGE_JUICE, BEV_LATTE
🛒 [3:21:52 PM] TXN-1787905312181-167-237442
   Outlet 167 | Staff: Ng Jun Hao | 4 items | S$34.81
   🚨 OUT OF STOCK: BEV_LATTE, BEV_LATTE, BEV_ICED_TEA, BEV_MILO
💰 [3:21:59 PM] TXN-1787905319702-164-940308
   Outlet 164 | Staff: Batch Staff 1 | 2 items | S$33.04
   🚨 OUT OF STOCK: LMT_ROTI_CANAI, LMT_MIE_GORENG
🛒 [3:22:06 PM] TXN-1787905326033-165-157649
   Outlet 165 | Staff: Muhd Danish Bin Razak | 3 items | S$45.43
   🚨 OUT OF STOCK: BEV_ORANGE_JUICE, LMT_NASI_GORENG, BEV_MILO
🛒 [3:22:12 PM] TXN-1787905332560-202-411676
   Outlet 202 | Staff: None | 4 items | S$36.58
   🚨 OUT OF STOCK: LMT_MIE_GORENG, BEV_LATTE, BEV_ICED_TEA, BEV_MILO
🛒 [3:22:19 PM] TXN-1787905339371-201-203517
   Outlet 201 | Staff: None | 3 items | S$50.74
   🚨 OUT OF STOCK: MNL_KWAY_TEOW, BEV_LATTE, BEV_KOPI_O

📊 STATS:
   Total Sales: 3310
   Total Revenue: S$132948.24
   Avg Ticket: S$40.17
   Low Stock Alerts: 104
   Out of Stock: 3290
──────────────────────────────────────────────────
💰 [3:22:25 PM] TXN-1787905345892-171-846071
   Outlet 171 | Staff: Rajesh Kumar | 2 items | S$16.52
   🚨 OUT OF STOCK: BEV_ORANGE_JUICE, BEV_KOPI_O
🛒 [3:22:32 PM] TXN-1787905352145-167-758551
   Outlet 167 | Staff: Lee Jia En | 3 items | S$29.50
   🚨 OUT OF STOCK: MNL_RICE_BOWL, BEV_ICED_TEA, BEV_LATTE
🛒 [3:22:38 PM] TXN-1787905358641-168-501716
   Outlet 168 | Staff: Chua Kai Xin | 4 items | S$64.90
   🚨 OUT OF STOCK: MNL_KWAY_TEOW, BEV_MILO, MNL_RICE_BOWL, BEV_KOPI_O
💰 [3:22:45 PM] TXN-1787905365548-200-568364
   Outlet 200 | Staff: Kumar Sanjay | 2 items | S$26.55
   🚨 OUT OF STOCK: MNL_BEEG_HOON, BEV_KOPI_O
🛒 [3:22:51 PM] TXN-1787905371815-170-380949
   Outlet 170 | Staff: Tan Wei Ming | 5 items | S$70.21
   🚨 OUT OF STOCK: LMT_NASI_GORENG, BEV_ICED_TEA, BEV_ICED_TEA, BEV_LATTE, BEV_MILO
🛒 [3:22:59 PM] TXN-1787905379106-164-227943
   Outlet 164 | Staff: Ong Wei Jian | 3 items | S$56.64
   🚨 OUT OF STOCK: BEV_MILO, LMT_SATE, MNL_RICE_BOWL
🛒 [3:23:05 PM] TXN-1787905385881-164-756722
   Outlet 164 | Staff: Tan Jia Min | 4 items | S$44.84
   🚨 OUT OF STOCK: LMT_NASI_GORENG, BEV_KOPI_O, BEV_KOPI_O, BEV_KOPI_O
🛒 [3:23:12 PM] TXN-1787905392781-165-955159
   Outlet 165 | Staff: Ahmad Faiz Bin Hassan | 4 items | S$49.56
   🚨 OUT OF STOCK: LMT_NASI_GORENG, MNL_CHICKEN_RICE, BEV_LATTE, BEV_ORANGE_JUICE
🛒 [3:23:19 PM] TXN-1787905399648-168-834659
   Outlet 168 | Staff: Chua Kai Xin | 3 items | S$33.63
   🚨 OUT OF STOCK: BEV_ORANGE_JUICE, BEV_MILO, BEV_MILO
🛒 [3:23:26 PM] TXN-1787905406157-202-631466
   Outlet 202 | Staff: None | 5 items | S$86.73
   🚨 OUT OF STOCK: MNL_BEEG_HOON, BEV_LATTE, BEV_LATTE, BEV_LATTE, BEV_ORANGE_JUICE

📊 STATS:
   Total Sales: 3320
   Total Revenue: S$133427.32
   Avg Ticket: S$40.19
   Low Stock Alerts: 104
   Out of Stock: 3300
──────────────────────────────────────────────────
🛒 [3:23:33 PM] TXN-1787905413178-169-658525
   Outlet 169 | Staff: Tan Wei Ming | 3 items | S$23.60
   🚨 OUT OF STOCK: LMT_PRAWN_CRACKERS, BEV_LATTE, BEV_ORANGE_JUICE
🛒 [3:23:39 PM] TXN-1787905419923-170-938479
   Outlet 170 | Staff: Tan Wei Ming | 5 items | S$101.48
   🚨 OUT OF STOCK: MNL_BEEG_HOON, MNL_KWAY_TEOW, MNL_KWAY_TEOW, MNL_LAKSA, MNL_KWAY_TEOW
💰 [3:23:46 PM] TXN-1787905426943-200-385312
   Outlet 200 | Staff: Kumar Sanjay | 1 items | S$4.72
   🚨 OUT OF STOCK: LMT_PRAWN_CRACKERS
💰 [3:23:52 PM] TXN-1787905432925-167-196158
   Outlet 167 | Staff: Rajesh Kumar | 1 items | S$9.44
   🚨 OUT OF STOCK: LMT_ROTI_CANAI
🛒 [3:23:58 PM] TXN-1787905438920-169-340628
   Outlet 169 | Staff: Tan Wei Ming | 4 items | S$54.87
   🚨 OUT OF STOCK: BEV_ORANGE_JUICE, BEV_ICED_TEA, BEV_ORANGE_JUICE, MNL_KWAY_TEOW
💰 [3:24:05 PM] TXN-1787905445679-165-704452
   Outlet 165 | Staff: Lee Jia En | 2 items | S$14.75
   🚨 OUT OF STOCK: LMT_PRAWN_CRACKERS, BEV_LATTE
🛒 [3:24:12 PM] TXN-1787905452044-170-578869
   Outlet 170 | Staff: Muhd Danish Bin Razak | 4 items | S$62.54
   🚨 OUT OF STOCK: MNL_CHICKEN_RICE, BEV_ICED_TEA, BEV_LATTE, BEV_ICED_TEA
💰 [3:24:18 PM] TXN-1787905458795-169-103646
   Outlet 169 | Staff: Lee Jia En | 1 items | S$15.34
   🚨 OUT OF STOCK: MNL_KWAY_TEOW
💰 [3:24:24 PM] TXN-1787905464865-167-886031
   Outlet 167 | Staff: Nurul Huda Bte Ali | 2 items | S$30.68
   🚨 OUT OF STOCK: LMT_SATE, BEV_ICED_TEA
💰 [3:24:31 PM] TXN-1787905471171-168-765213
   Outlet 168 | Staff: Tan Wei Ming | 2 items | S$26.55
   🚨 OUT OF STOCK: BEV_ICED_TEA, BEV_LATTE

📊 STATS:
   Total Sales: 3330
   Total Revenue: S$133771.29
   Avg Ticket: S$40.17
   Low Stock Alerts: 104
   Out of Stock: 3310
──────────────────────────────────────────────────
💰 [3:24:37 PM] TXN-1787905477715-168-258139
   Outlet 168 | Staff: Chua Kai Xin | 2 items | S$25.96
   🚨 OUT OF STOCK: BEV_MILO, BEV_ORANGE_JUICE
💰 [3:24:44 PM] TXN-1787905484078-202-373633
   Outlet 202 | Staff: None | 1 items | S$16.52
   🚨 OUT OF STOCK: MNL_CHICKEN_RICE
🛒 [3:24:50 PM] TXN-1787905490264-169-735848
   Outlet 169 | Staff: Tan Wei Ming | 4 items | S$71.98
   🚨 OUT OF STOCK: LMT_ROTI_CANAI, BEV_MILO, LMT_NASI_GORENG, BEV_ORANGE_JUICE
🛒 [3:24:57 PM] TXN-1787905497091-171-187949
   Outlet 171 | Staff: Lee Jia En | 4 items | S$44.25
   🚨 OUT OF STOCK: BEV_LATTE, BEV_MILO, BEV_ICED_TEA, BEV_ICED_TEA
💰 [3:25:03 PM] TXN-1787905503877-201-492672
   Outlet 201 | Staff: None | 1 items | S$8.85
   🚨 OUT OF STOCK: BEV_ORANGE_JUICE
💰 [3:25:09 PM] TXN-1787905509929-200-567734
   Outlet 200 | Staff: Kumar Sanjay | 2 items | S$27.14
   🚨 OUT OF STOCK: MNL_LAKSA, BEV_ORANGE_JUICE
🛒 [3:25:16 PM] TXN-1787905516235-171-324506
   Outlet 171 | Staff: Lee Jia En | 5 items | S$76.11
   🚨 OUT OF STOCK: LMT_ROTI_CANAI, BEV_LATTE, BEV_ICED_TEA, BEV_LATTE, LMT_MIE_GORENG
🛒 [3:25:27 PM] TXN-1787905527080-167-132220
   Outlet 167 | Staff: Lee Jia En | 5 items | S$48.38
   🚨 OUT OF STOCK: MNL_CHICKEN_RICE, BEV_ORANGE_JUICE, BEV_MILO, BEV_MILO, BEV_ICED_TEA
💰 [3:25:34 PM] TXN-1787905534168-167-555329
   Outlet 167 | Staff: Sanjay S/O Ramesh | 2 items | S$24.19
   🚨 OUT OF STOCK: LMT_NASI_GORENG, BEV_LATTE
🛒 [3:25:40 PM] TXN-1787905540527-165-863277
   Outlet 165 | Staff: Ahmad Faiz Bin Hassan | 3 items | S$44.84
   🚨 OUT OF STOCK: MNL_LAKSA, BEV_ICED_TEA, BEV_LATTE

📊 STATS:
   Total Sales: 3340
   Total Revenue: S$134159.51
   Avg Ticket: S$40.17
   Low Stock Alerts: 104
   Out of Stock: 3320
──────────────────────────────────────────────────
🛒 [3:25:47 PM] TXN-1787905547154-171-424702
   Outlet 171 | Staff: Nur Aisyah | 4 items | S$47.20
   🚨 OUT OF STOCK: MNL_RICE_BOWL, BEV_KOPI_O, BEV_ORANGE_JUICE, BEV_LATTE
💰 [3:25:53 PM] TXN-1787905553917-169-544522
   Outlet 169 | Staff: Koh Jia Yi | 1 items | S$18.29
   🚨 OUT OF STOCK: MNL_LAKSA
💰 [3:26:00 PM] TXN-1787905560136-170-803375
   Outlet 170 | Staff: Lim Pei Ling | 1 items | S$15.34
   🚨 OUT OF STOCK: MNL_KWAY_TEOW
🛒 [3:26:06 PM] TXN-1787905566544-170-760595
   Outlet 170 | Staff: Muhd Danish Bin Razak | 3 items | S$33.63
   🚨 OUT OF STOCK: BEV_MILO, BEV_KOPI_O, LMT_SATE
🛒 [3:26:13 PM] TXN-1787905573093-171-308144
   Outlet 171 | Staff: Tan Wei Ming | 5 items | S$46.02
   🚨 OUT OF STOCK: BEV_KOPI_O, BEV_ICED_TEA, BEV_MILO, BEV_MILO, BEV_KOPI_O
🛒 [3:26:20 PM] TXN-1787905580208-170-448075
   Outlet 170 | Staff: Lim Pei Ling | 5 items | S$65.49
   🚨 OUT OF STOCK: BEV_KOPI_O, BEV_ICED_TEA, BEV_ICED_TEA, BEV_LATTE, MNL_LAKSA
🛒 [3:26:27 PM] TXN-1787905587453-201-241484
   Outlet 201 | Staff: None | 3 items | S$42.48
   🚨 OUT OF STOCK: LMT_ROTI_CANAI, BEV_ORANGE_JUICE, BEV_KOPI_O
🛒 [3:26:34 PM] TXN-1787905594057-164-761695
   Outlet 164 | Staff: Batch Staff 1 | 4 items | S$54.87
   🚨 OUT OF STOCK: MNL_LAKSA, BEV_KOPI_O, BEV_LATTE, BEV_ORANGE_JUICE
💰 [3:26:40 PM] TXN-1787905600985-167-969857
   Outlet 167 | Staff: Rajesh Kumar | 2 items | S$38.94
   🚨 OUT OF STOCK: MNL_BEEG_HOON, BEV_LATTE
🛒 [3:26:47 PM] TXN-1787905607310-202-417396
   Outlet 202 | Staff: None | 5 items | S$52.51
   🚨 OUT OF STOCK: MNL_RICE_BOWL, BEV_ORANGE_JUICE, LMT_PRAWN_CRACKERS, BEV_ICED_TEA, BEV_ICED_TEA

📊 STATS:
   Total Sales: 3350
   Total Revenue: S$134574.28
   Avg Ticket: S$40.17
   Low Stock Alerts: 104
   Out of Stock: 3330
──────────────────────────────────────────────────
🛒 [3:26:54 PM] TXN-1787905614327-170-592381
   Outlet 170 | Staff: Tan Wei Ming | 3 items | S$41.30
   🚨 OUT OF STOCK: LMT_MIE_GORENG, BEV_MILO, BEV_ICED_TEA
💰 [3:27:00 PM] TXN-1787905620885-168-283975
   Outlet 168 | Staff: Nurul Huda Bte Ali | 1 items | S$7.67
   🚨 OUT OF STOCK: BEV_KOPI_O
🛒 [3:27:06 PM] TXN-1787905626946-168-854945
   Outlet 168 | Staff: Priya D/O Mani | 5 items | S$69.62
   🚨 OUT OF STOCK: LMT_MIE_GORENG, BEV_MILO, BEV_ICED_TEA, LMT_NASI_GORENG, BEV_MILO
🛒 [3:27:14 PM] TXN-1787905634234-165-925663
   Outlet 165 | Staff: Lee Jia En | 3 items | S$50.74
   🚨 OUT OF STOCK: LMT_SATE, BEV_LATTE, BEV_ICED_TEA
💰 [3:27:20 PM] TXN-1787905640872-200-793058
   Outlet 200 | Staff: Priya D/O Mani | 1 items | S$16.52
   🚨 OUT OF STOCK: MNL_CHICKEN_RICE
🛒 [3:27:26 PM] TXN-1787905646887-169-738090
   Outlet 169 | Staff: Ng Jun Hao | 4 items | S$37.76
   🚨 OUT OF STOCK: BEV_KOPI_O, BEV_MILO, BEV_LATTE, LMT_MIE_GORENG
💰 [3:27:33 PM] TXN-1787905653635-168-298180
   Outlet 168 | Staff: Sanjay S/O Ramesh | 1 items | S$10.03
   🚨 OUT OF STOCK: BEV_LATTE
💰 [3:27:39 PM] TXN-1787905659621-202-425207
   Outlet 202 | Staff: None | 2 items | S$19.47
   🚨 OUT OF STOCK: LMT_MIE_GORENG, BEV_KOPI_O
🛒 [3:27:46 PM] TXN-1787905666323-169-157071
   Outlet 169 | Staff: Ng Jun Hao | 3 items | S$33.04
   🚨 OUT OF STOCK: BEV_ICED_TEA, BEV_ORANGE_JUICE, BEV_ORANGE_JUICE
💰 [3:27:52 PM] TXN-1787905672870-164-620242
   Outlet 164 | Staff: Nurul Huda Bte Ali | 2 items | S$25.37
   🚨 OUT OF STOCK: MNL_KWAY_TEOW, BEV_LATTE

📊 STATS:
   Total Sales: 3360
   Total Revenue: S$134885.80
   Avg Ticket: S$40.14
   Low Stock Alerts: 104
   Out of Stock: 3340
──────────────────────────────────────────────────
🛒 [3:27:59 PM] TXN-1787905679196-168-358855
   Outlet 168 | Staff: Nurul Huda Bte Ali | 5 items | S$61.36
   🚨 OUT OF STOCK: LMT_ROTI_CANAI, BEV_MILO, BEV_LATTE, BEV_LATTE, BEV_KOPI_O
🛒 [3:28:06 PM] TXN-1787905686308-169-509121
   Outlet 169 | Staff: Muhd Danish Bin Razak | 3 items | S$41.89
   🚨 OUT OF STOCK: LMT_NASI_GORENG, BEV_LATTE, BEV_KOPI_O
🛒 [3:28:12 PM] TXN-1787905692806-168-453974
   Outlet 168 | Staff: Tan Wei Ming | 5 items | S$68.44
   🚨 OUT OF STOCK: MNL_LAKSA, BEV_MILO, BEV_LATTE, BEV_KOPI_O, BEV_MILO
💰 [3:28:20 PM] TXN-1787905700149-167-197261
   Outlet 167 | Staff: Muhd Danish Bin Razak | 2 items | S$12.98
   🚨 OUT OF STOCK: LMT_PRAWN_CRACKERS, BEV_MILO
🛒 [3:28:26 PM] TXN-1787905706367-202-513905
   Outlet 202 | Staff: None | 4 items | S$61.95
   🚨 OUT OF STOCK: MNL_CHICKEN_RICE, BEV_MILO, BEV_ORANGE_JUICE, BEV_LATTE
💰 [3:28:33 PM] TXN-1787905713249-201-743396
   Outlet 201 | Staff: None | 1 items | S$12.98
   🚨 OUT OF STOCK: MNL_RICE_BOWL
💰 [3:28:39 PM] TXN-1787905719247-170-277386
   Outlet 170 | Staff: Rajesh Kumar | 2 items | S$41.30
   ⚠️ LOW STOCK: LMT_PRAWN_CRACKERS
   🚨 OUT OF STOCK: MNL_LAKSA
🛒 [3:28:45 PM] TXN-1787905725660-202-974512
   Outlet 202 | Staff: None | 4 items | S$49.56
   🚨 OUT OF STOCK: MNL_BEEG_HOON, BEV_KOPI_O, BEV_ICED_TEA, BEV_LATTE
💰 [3:28:52 PM] TXN-1787905732619-169-808122
   Outlet 169 | Staff: Tan Wei Ming | 1 items | S$10.03
   🚨 OUT OF STOCK: BEV_LATTE
💰 [3:28:58 PM] TXN-1787905738590-202-627812
   Outlet 202 | Staff: None | 2 items | S$18.29
   🚨 OUT OF STOCK: LMT_ROTI_CANAI, BEV_ORANGE_JUICE

📊 STATS:
   Total Sales: 3370
   Total Revenue: S$135264.58
   Avg Ticket: S$40.14
   Low Stock Alerts: 105
   Out of Stock: 3350
──────────────────────────────────────────────────
💰 [3:29:04 PM] TXN-1787905744892-170-989352
   Outlet 170 | Staff: Ng Jun Hao | 1 items | S$11.80
   🚨 OUT OF STOCK: LMT_MIE_GORENG
💰 [3:29:10 PM] TXN-1787905750981-171-473821
   Outlet 171 | Staff: Tan Wei Ming | 2 items | S$24.78
   🚨 OUT OF STOCK: MNL_CHICKEN_RICE, BEV_MILO
🛒 [3:29:17 PM] TXN-1787905757294-200-172747
   Outlet 200 | Staff: Syaza Aina | 4 items | S$57.82
   🚨 OUT OF STOCK: MNL_KWAY_TEOW, BEV_MILO, BEV_MILO, BEV_ORANGE_JUICE
🛒 [3:29:24 PM] TXN-1787905764175-164-538359
   Outlet 164 | Staff: Ng Jun Hao | 3 items | S$34.81
   🚨 OUT OF STOCK: BEV_MILO, MNL_CHICKEN_RICE, BEV_LATTE
🛒 [3:29:30 PM] TXN-1787905770771-202-791246
   Outlet 202 | Staff: None | 5 items | S$69.62
   🚨 OUT OF STOCK: LMT_PRAWN_CRACKERS, MNL_CHICKEN_RICE, BEV_ORANGE_JUICE, BEV_ICED_TEA, BEV_LATTE
🛒 [3:29:37 PM] TXN-1787905777871-170-586852
   Outlet 170 | Staff: Tan Wei Ming | 3 items | S$71.98
   🚨 OUT OF STOCK: MNL_CHICKEN_RICE, BEV_ORANGE_JUICE, MNL_BEEG_HOON
💰 [3:29:44 PM] TXN-1787905784471-168-421349
   Outlet 168 | Staff: Sanjay S/O Ramesh | 1 items | S$9.44
   🚨 OUT OF STOCK: LMT_ROTI_CANAI
🛒 [3:29:50 PM] TXN-1787905790696-167-197018
   Outlet 167 | Staff: Rajesh Kumar | 3 items | S$27.73
   🚨 OUT OF STOCK: LMT_PRAWN_CRACKERS, BEV_MILO, BEV_ICED_TEA
🛒 [3:29:57 PM] TXN-1787905797254-165-185760
   Outlet 165 | Staff: Ng Jun Hao | 4 items | S$75.52
   🚨 OUT OF STOCK: MNL_RICE_BOWL, MNL_KWAY_TEOW, BEV_KOPI_O, MNL_CHICKEN_RICE
🛒 [3:30:04 PM] TXN-1787905804748-164-101434
   Outlet 164 | Staff: Ng Jun Hao | 4 items | S$82.60
   🚨 OUT OF STOCK: MNL_BEEG_HOON, MNL_KWAY_TEOW, BEV_LATTE, BEV_ICED_TEA

📊 STATS:
   Total Sales: 3380
   Total Revenue: S$135730.68
   Avg Ticket: S$40.16
   Low Stock Alerts: 105
   Out of Stock: 3360
──────────────────────────────────────────────────
💰 [3:30:12 PM] TXN-1787905812346-167-701509
   Outlet 167 | Staff: Sanjay S/O Ramesh | 2 items | S$33.04
   🚨 OUT OF STOCK: LMT_SATE, BEV_KOPI_O
💰 [3:30:18 PM] TXN-1787905818674-168-934258
   Outlet 168 | Staff: Sanjay S/O Ramesh | 1 items | S$16.52
   🚨 OUT OF STOCK: MNL_CHICKEN_RICE
🛒 [3:30:24 PM] TXN-1787905824729-170-578858
   Outlet 170 | Staff: Tan Wei Ming | 4 items | S$51.92
   🚨 OUT OF STOCK: BEV_ORANGE_JUICE, BEV_MILO, BEV_LATTE, BEV_ICED_TEA
🛒 [3:30:31 PM] TXN-1787905831686-165-798673
   Outlet 165 | Staff: Tan Wei Ming | 5 items | S$81.42
   🚨 OUT OF STOCK: MNL_LAKSA, BEV_KOPI_O, BEV_LATTE, BEV_LATTE, BEV_ORANGE_JUICE
🛒 [3:30:39 PM] TXN-1787905839000-164-811630
   Outlet 164 | Staff: Ng Jun Hao | 4 items | S$82.60
   🚨 OUT OF STOCK: MNL_KWAY_TEOW, BEV_MILO, LMT_NASI_GORENG, MNL_KWAY_TEOW
💰 [3:30:46 PM] TXN-1787905846182-168-862854
   Outlet 168 | Staff: Priya D/O Mani | 2 items | S$23.01
   🚨 OUT OF STOCK: BEV_ICED_TEA, BEV_MILO
💰 [3:30:52 PM] TXN-1787905852549-202-902949
   Outlet 202 | Staff: None | 2 items | S$37.76
   🚨 OUT OF STOCK: LMT_SATE, BEV_LATTE
🛒 [3:30:58 PM] TXN-1787905858882-164-285082
   Outlet 164 | Staff: Rajesh Kumar | 5 items | S$77.88
   🚨 OUT OF STOCK: MNL_KWAY_TEOW, BEV_KOPI_O, BEV_ICED_TEA, BEV_MILO, BEV_ORANGE_JUICE
💰 [3:31:06 PM] TXN-1787905866474-169-643402
   Outlet 169 | Staff: Muhd Danish Bin Razak | 1 items | S$18.29
   🚨 OUT OF STOCK: MNL_LAKSA
🛒 [3:31:12 PM] TXN-1787905872539-201-265559
   Outlet 201 | Staff: None | 5 items | S$61.95
   🚨 OUT OF STOCK: LMT_SATE, BEV_LATTE, BEV_MILO, BEV_LATTE, BEV_KOPI_O

📊 STATS:
   Total Sales: 3390
   Total Revenue: S$136215.07
   Avg Ticket: S$40.18
   Low Stock Alerts: 105
   Out of Stock: 3370
──────────────────────────────────────────────────
🛒 [3:31:20 PM] TXN-1787905880051-202-724738
   Outlet 202 | Staff: None | 5 items | S$60.18
   🚨 OUT OF STOCK: BEV_ORANGE_JUICE, BEV_MILO, MNL_LAKSA, BEV_MILO, BEV_MILO
💰 [3:31:27 PM] TXN-1787905887479-164-781107
   Outlet 164 | Staff: Nurul Huda Bte Ali | 1 items | S$4.72
   ⚠️ LOW STOCK: LMT_PRAWN_CRACKERS
🛒 [3:31:33 PM] TXN-1787905893515-167-916418
   Outlet 167 | Staff: Tan Wei Ming | 4 items | S$38.35
   🚨 OUT OF STOCK: LMT_NASI_GORENG, BEV_LATTE, BEV_KOPI_O, BEV_ICED_TEA
💰 [3:31:40 PM] TXN-1787905900630-201-654759
   Outlet 201 | Staff: None | 2 items | S$28.32
   🚨 OUT OF STOCK: MNL_RICE_BOWL, BEV_KOPI_O
🛒 [3:31:46 PM] TXN-1787905906910-171-838339
   Outlet 171 | Staff: Nur Aisyah | 5 items | S$69.03
   🚨 OUT OF STOCK: MNL_CHICKEN_RICE, BEV_KOPI_O, BEV_ICED_TEA, BEV_LATTE, LMT_NASI_GORENG
🛒 [3:31:54 PM] TXN-1787905914051-201-823477
   Outlet 201 | Staff: None | 3 items | S$30.09
   🚨 OUT OF STOCK: LMT_PRAWN_CRACKERS, BEV_KOPI_O, BEV_ORANGE_JUICE
💰 [3:32:00 PM] TXN-1787905920657-164-573069
   Outlet 164 | Staff: Ng Jun Hao | 2 items | S$38.35
   🚨 OUT OF STOCK: BEV_KOPI_O, MNL_KWAY_TEOW
💰 [3:32:07 PM] TXN-1787905927067-167-112883
   Outlet 167 | Staff: Ng Jun Hao | 1 items | S$14.16
   🚨 OUT OF STOCK: LMT_NASI_GORENG
🛒 [3:32:13 PM] TXN-1787905933199-169-483861
   Outlet 169 | Staff: Koh Jia Yi | 3 items | S$51.33
   🚨 OUT OF STOCK: BEV_MILO, BEV_LATTE, MNL_CHICKEN_RICE
🛒 [3:32:19 PM] TXN-1787905939736-171-811408
   Outlet 171 | Staff: Muhd Danish Bin Razak | 4 items | S$84.96
   🚨 OUT OF STOCK: LMT_MIE_GORENG, BEV_LATTE, BEV_ORANGE_JUICE, LMT_SATE

📊 STATS:
   Total Sales: 3400
   Total Revenue: S$136634.56
   Avg Ticket: S$40.19
   Low Stock Alerts: 106
   Out of Stock: 3379
──────────────────────────────────────────────────
💰 [3:32:26 PM] TXN-1787905946554-200-578108
   Outlet 200 | Staff: Priya D/O Mani | 1 items | S$8.85
   🚨 OUT OF STOCK: BEV_ORANGE_JUICE
🛒 [3:32:32 PM] TXN-1787905952923-164-375020
   Outlet 164 | Staff: Ong Wei Jian | 3 items | S$41.30
   🚨 OUT OF STOCK: LMT_ROTI_CANAI, MNL_BEEG_HOON, BEV_ICED_TEA
💰 [3:32:39 PM] TXN-1787905959874-201-237445
   Outlet 201 | Staff: None | 1 items | S$4.72
   🚨 OUT OF STOCK: LMT_PRAWN_CRACKERS
💰 [3:32:45 PM] TXN-1787905965966-202-370200
   Outlet 202 | Staff: None | 2 items | S$34.22
   🚨 OUT OF STOCK: LMT_NASI_GORENG, BEV_LATTE
💰 [3:32:52 PM] TXN-1787905972530-169-363669
   Outlet 169 | Staff: Sanjay S/O Ramesh | 1 items | S$17.70
   🚨 OUT OF STOCK: LMT_SATE
🛒 [3:32:58 PM] TXN-1787905978536-167-128725
   Outlet 167 | Staff: Muhd Danish Bin Razak | 5 items | S$76.11
   🚨 OUT OF STOCK: LMT_NASI_GORENG, BEV_MILO, BEV_KOPI_O, BEV_LATTE, BEV_LATTE
🛒 [3:33:05 PM] TXN-1787905985634-168-891142
   Outlet 168 | Staff: Sanjay S/O Ramesh | 4 items | S$51.33
   🚨 OUT OF STOCK: LMT_SATE, BEV_ICED_TEA, LMT_ROTI_CANAI, BEV_ORANGE_JUICE
💰 [3:33:12 PM] TXN-1787905992536-168-234490
   Outlet 168 | Staff: Nurul Huda Bte Ali | 2 items | S$35.40
   🚨 OUT OF STOCK: MNL_CHICKEN_RICE, LMT_ROTI_CANAI
🛒 [3:33:19 PM] TXN-1787905999052-202-515455
   Outlet 202 | Staff: None | 5 items | S$60.18
   🚨 OUT OF STOCK: BEV_ORANGE_JUICE, BEV_ORANGE_JUICE, MNL_RICE_BOWL, BEV_KOPI_O, BEV_ORANGE_JUICE
💰 [3:33:26 PM] TXN-1787906006428-202-393518
   Outlet 202 | Staff: None | 2 items | S$28.91
   🚨 OUT OF STOCK: MNL_BEEG_HOON, BEV_LATTE

📊 STATS:
   Total Sales: 3410
   Total Revenue: S$136993.28
   Avg Ticket: S$40.17
   Low Stock Alerts: 106
   Out of Stock: 3389
──────────────────────────────────────────────────
🛒 [3:33:32 PM] TXN-1787906012714-167-324678
   Outlet 167 | Staff: Muhd Danish Bin Razak | 3 items | S$30.68
   🚨 OUT OF STOCK: MNL_KWAY_TEOW, BEV_ICED_TEA, BEV_ORANGE_JUICE
🛒 [3:33:39 PM] TXN-1787906019329-167-336132
   Outlet 167 | Staff: Ng Jun Hao | 5 items | S$70.21
   🚨 OUT OF STOCK: BEV_LATTE, MNL_LAKSA, BEV_ORANGE_JUICE, BEV_MILO, BEV_KOPI_O
💰 [3:33:46 PM] TXN-1787906026485-171-107959
   Outlet 171 | Staff: Tan Mei Hua | 1 items | S$12.98
   🚨 OUT OF STOCK: MNL_RICE_BOWL
🛒 [3:33:52 PM] TXN-1787906032509-170-500405
   Outlet 170 | Staff: Lim Pei Ling | 3 items | S$38.94
   🚨 OUT OF STOCK: MNL_LAKSA, BEV_KOPI_O, BEV_ICED_TEA
💰 [3:33:59 PM] TXN-1787906039268-168-320147
   Outlet 168 | Staff: Nurul Huda Bte Ali | 1 items | S$12.98
   🚨 OUT OF STOCK: MNL_RICE_BOWL
💰 [3:34:05 PM] TXN-1787906045588-201-984113
   Outlet 201 | Staff: None | 2 items | S$42.48
   🚨 OUT OF STOCK: LMT_PRAWN_CRACKERS, MNL_BEEG_HOON
🛒 [3:34:12 PM] TXN-1787906052183-201-923325
   Outlet 201 | Staff: None | 4 items | S$44.25
   🚨 OUT OF STOCK: BEV_ORANGE_JUICE, BEV_ICED_TEA, LMT_ROTI_CANAI, BEV_LATTE
🛒 [3:34:18 PM] TXN-1787906058993-167-618268
   Outlet 167 | Staff: Chong Wei Sheng | 4 items | S$60.77
   🚨 OUT OF STOCK: MNL_KWAY_TEOW, BEV_ORANGE_JUICE, LMT_ROTI_CANAI, BEV_ORANGE_JUICE
💰 [3:34:25 PM] TXN-1787906065942-171-741585
   Outlet 171 | Staff: Rajesh Kumar | 1 items | S$11.80
   🚨 OUT OF STOCK: LMT_MIE_GORENG
🛒 [3:34:32 PM] TXN-1787906072004-165-108704
   Outlet 165 | Staff: Lee Jia En | 4 items | S$47.20
   🚨 OUT OF STOCK: LMT_NASI_GORENG, BEV_KOPI_O, BEV_ORANGE_JUICE, BEV_KOPI_O

📊 STATS:
   Total Sales: 3420
   Total Revenue: S$137365.57
   Avg Ticket: S$40.17
   Low Stock Alerts: 106
   Out of Stock: 3399
──────────────────────────────────────────────────
💰 [3:34:38 PM] TXN-1787906078937-202-168128
   Outlet 202 | Staff: None | 1 items | S$9.44
   🚨 OUT OF STOCK: LMT_ROTI_CANAI
💰 [3:34:44 PM] TXN-1787906084965-170-748669
   Outlet 170 | Staff: Ng Jun Hao | 2 items | S$38.35
   🚨 OUT OF STOCK: MNL_LAKSA, BEV_LATTE
🛒 [3:34:51 PM] TXN-1787906091386-165-764397
   Outlet 165 | Staff: Ng Jun Hao | 3 items | S$47.20
   🚨 OUT OF STOCK: MNL_LAKSA, BEV_LATTE, BEV_ORANGE_JUICE
💰 [3:34:58 PM] TXN-1787906098237-164-620760
   Outlet 164 | Staff: Nurul Huda Bte Ali | 2 items | S$18.88
   ⚠️ LOW STOCK: LMT_PRAWN_CRACKERS
   🚨 OUT OF STOCK: LMT_ROTI_CANAI
🛒 [3:35:04 PM] TXN-1787906104476-169-857593
   Outlet 169 | Staff: Koh Jia Yi | 3 items | S$53.10
   🚨 OUT OF STOCK: MNL_KWAY_TEOW, BEV_LATTE, BEV_ORANGE_JUICE
🛒 [3:35:11 PM] TXN-1787906111159-171-836474
   Outlet 171 | Staff: Nurul Huda Bte Ali | 4 items | S$54.28
   🚨 OUT OF STOCK: MNL_LAKSA, BEV_KOPI_O, BEV_ICED_TEA, LMT_NASI_GORENG
🛒 [3:35:18 PM] TXN-1787906118911-167-653805
   Outlet 167 | Staff: Ng Jun Hao | 3 items | S$38.35
   🚨 OUT OF STOCK: LMT_NASI_GORENG, BEV_ORANGE_JUICE, MNL_KWAY_TEOW
💰 [3:35:25 PM] TXN-1787906125446-165-984236
   Outlet 165 | Staff: Tan Wei Ming | 1 items | S$4.72
   🚨 OUT OF STOCK: LMT_PRAWN_CRACKERS
🛒 [3:35:31 PM] TXN-1787906131542-202-284060
   Outlet 202 | Staff: None | 3 items | S$47.20
   🚨 OUT OF STOCK: MNL_KWAY_TEOW, BEV_MILO, BEV_KOPI_O
💰 [3:35:38 PM] TXN-1787906138428-164-756574
   Outlet 164 | Staff: Ong Wei Jian | 2 items | S$20.06
   🚨 OUT OF STOCK: LMT_MIE_GORENG, BEV_MILO

📊 STATS:
   Total Sales: 3430
   Total Revenue: S$137697.15
   Avg Ticket: S$40.14
   Low Stock Alerts: 107
   Out of Stock: 3409
──────────────────────────────────────────────────
💰 [3:35:44 PM] TXN-1787906144820-168-845434
   Outlet 168 | Staff: Sanjay S/O Ramesh | 2 items | S$21.83
   🚨 OUT OF STOCK: BEV_ORANGE_JUICE, BEV_ICED_TEA
🛒 [3:35:51 PM] TXN-1787906151079-164-680453
   Outlet 164 | Staff: Rajesh Kumar | 4 items | S$41.30
   🚨 OUT OF STOCK: MNL_BEEG_HOON, BEV_ICED_TEA, BEV_KOPI_O, BEV_MILO
🛒 [3:35:57 PM] TXN-1787906157938-171-803450
   Outlet 171 | Staff: Sanjay S/O Ramesh | 3 items | S$27.14
   🚨 OUT OF STOCK: LMT_ROTI_CANAI, BEV_LATTE, BEV_KOPI_O
💰 [3:36:05 PM] TXN-1787906165813-165-192158
   Outlet 165 | Staff: Ahmad Faiz Bin Hassan | 1 items | S$9.44
   🚨 OUT OF STOCK: LMT_ROTI_CANAI
🛒 [3:36:11 PM] TXN-1787906171870-171-592283
   Outlet 171 | Staff: Sanjay S/O Ramesh | 3 items | S$46.02
   🚨 OUT OF STOCK: MNL_RICE_BOWL, BEV_ORANGE_JUICE, BEV_KOPI_O
🛒 [3:36:18 PM] TXN-1787906178437-170-731788
   Outlet 170 | Staff: Lim Pei Ling | 3 items | S$47.20
   🚨 OUT OF STOCK: BEV_LATTE, MNL_KWAY_TEOW, BEV_ICED_TEA
💰 [3:36:24 PM] TXN-1787906184991-167-320621
   Outlet 167 | Staff: Nurul Huda Bte Ali | 2 items | S$12.98
   🚨 OUT OF STOCK: BEV_ICED_TEA, BEV_ICED_TEA
💰 [3:36:31 PM] TXN-1787906191291-168-994294
   Outlet 168 | Staff: Li Ying Zhi | 2 items | S$24.78
   🚨 OUT OF STOCK: MNL_CHICKEN_RICE, BEV_MILO
💰 [3:36:37 PM] TXN-1787906197676-165-470951
   Outlet 165 | Staff: Ahmad Faiz Bin Hassan | 2 items | S$17.70
   🚨 OUT OF STOCK: LMT_ROTI_CANAI, BEV_MILO
🛒 [3:36:43 PM] TXN-1787906203980-170-962990
   Outlet 170 | Staff: Rajesh Kumar | 3 items | S$47.20
   ⚠️ LOW STOCK: LMT_PRAWN_CRACKERS
   🚨 OUT OF STOCK: LMT_SATE, BEV_LATTE

📊 STATS:
   Total Sales: 3440
   Total Revenue: S$137992.74
   Avg Ticket: S$40.11
   Low Stock Alerts: 108
   Out of Stock: 3419
──────────────────────────────────────────────────
💰 [3:36:51 PM] TXN-1787906211105-167-516319
   Outlet 167 | Staff: Muhd Danish Bin Razak | 2 items | S$25.37
   🚨 OUT OF STOCK: MNL_BEEG_HOON, BEV_ICED_TEA
🛒 [3:36:57 PM] TXN-1787906217347-167-237235
   Outlet 167 | Staff: Rajesh Kumar | 3 items | S$49.56
   🚨 OUT OF STOCK: LMT_ROTI_CANAI, BEV_LATTE, BEV_LATTE
🛒 [3:37:04 PM] TXN-1787906224303-200-789268
   Outlet 200 | Staff: Priya D/O Mani | 3 items | S$28.32
   🚨 OUT OF STOCK: LMT_MIE_GORENG, BEV_ORANGE_JUICE, BEV_KOPI_O
🛒 [3:37:11 PM] TXN-1787906231046-202-952597
   Outlet 202 | Staff: None | 4 items | S$71.39
   🚨 OUT OF STOCK: BEV_KOPI_O, MNL_RICE_BOWL, BEV_LATTE, LMT_SATE
🛒 [3:37:17 PM] TXN-1787906237905-164-598108
   Outlet 164 | Staff: Chua Kai Xin | 4 items | S$47.20
   🚨 OUT OF STOCK: BEV_MILO, BEV_LATTE, BEV_ORANGE_JUICE, BEV_LATTE
💰 [3:37:24 PM] TXN-1787906244757-201-701071
   Outlet 201 | Staff: None | 2 items | S$26.55
   🚨 OUT OF STOCK: MNL_CHICKEN_RICE, BEV_LATTE
🛒 [3:37:31 PM] TXN-1787906251048-167-317171
   Outlet 167 | Staff: Ng Jun Hao | 3 items | S$46.61
   🚨 OUT OF STOCK: MNL_BEEG_HOON, BEV_LATTE, BEV_ORANGE_JUICE
🛒 [3:37:38 PM] TXN-1787906258039-169-523552
   Outlet 169 | Staff: Tan Wei Ming | 3 items | S$43.07
   🚨 OUT OF STOCK: LMT_SATE, BEV_KOPI_O, BEV_LATTE
💰 [3:37:45 PM] TXN-1787906265278-202-318265
   Outlet 202 | Staff: None | 2 items | S$31.86
   🚨 OUT OF STOCK: MNL_BEEG_HOON, MNL_RICE_BOWL
🛒 [3:37:51 PM] TXN-1787906271632-170-466438
   Outlet 170 | Staff: Lee Jia En | 5 items | S$69.03
   🚨 OUT OF STOCK: MNL_CHICKEN_RICE, BEV_LATTE, BEV_ORANGE_JUICE, BEV_MILO, BEV_MILO

📊 STATS:
   Total Sales: 3450
   Total Revenue: S$138431.70
   Avg Ticket: S$40.13
   Low Stock Alerts: 108
   Out of Stock: 3429
──────────────────────────────────────────────────
🛒 [3:37:59 PM] TXN-1787906279020-171-499928
   Outlet 171 | Staff: Tan Mei Hua | 5 items | S$77.88
   🚨 OUT OF STOCK: BEV_MILO, BEV_ORANGE_JUICE, LMT_MIE_GORENG, LMT_MIE_GORENG, BEV_MILO
💰 [3:38:06 PM] TXN-1787906286244-168-686561
   Outlet 168 | Staff: Li Ying Zhi | 1 items | S$15.34
   🚨 OUT OF STOCK: MNL_KWAY_TEOW
🛒 [3:38:12 PM] TXN-1787906292475-170-276632
   Outlet 170 | Staff: Ng Jun Hao | 5 items | S$65.49
   🚨 OUT OF STOCK: LMT_NASI_GORENG, BEV_MILO, BEV_MILO, BEV_ORANGE_JUICE, BEV_ORANGE_JUICE
💰 [3:38:19 PM] TXN-1787906299867-168-409332
   Outlet 168 | Staff: Nurul Huda Bte Ali | 1 items | S$17.70
   🚨 OUT OF STOCK: LMT_SATE
🛒 [3:38:26 PM] TXN-1787906306086-169-806527
   Outlet 169 | Staff: Lee Jia En | 3 items | S$25.96
   🚨 OUT OF STOCK: BEV_MILO, BEV_LATTE, BEV_KOPI_O
💰 [3:38:32 PM] TXN-1787906312784-164-428018
   Outlet 164 | Staff: Nurul Huda Bte Ali | 2 items | S$31.27
   🚨 OUT OF STOCK: MNL_LAKSA, BEV_ICED_TEA
💰 [3:38:39 PM] TXN-1787906319319-200-432142
   Outlet 200 | Staff: Syaza Aina | 1 items | S$8.85
   🚨 OUT OF STOCK: BEV_ORANGE_JUICE
🛒 [3:38:45 PM] TXN-1787906325376-200-154972
   Outlet 200 | Staff: Syaza Aina | 5 items | S$52.51
   🚨 OUT OF STOCK: BEV_MILO, BEV_ICED_TEA, BEV_ORANGE_JUICE, MNL_KWAY_TEOW, LMT_PRAWN_CRACKERS
💰 [3:38:52 PM] TXN-1787906332548-167-863221
   Outlet 167 | Staff: Rajesh Kumar | 2 items | S$42.48
   🚨 OUT OF STOCK: LMT_PRAWN_CRACKERS, MNL_BEEG_HOON
💰 [3:38:58 PM] TXN-1787906338811-169-674885
   Outlet 169 | Staff: Ng Jun Hao | 1 items | S$15.34
   🚨 OUT OF STOCK: MNL_KWAY_TEOW

📊 STATS:
   Total Sales: 3460
   Total Revenue: S$138784.52
   Avg Ticket: S$40.11
   Low Stock Alerts: 108
   Out of Stock: 3439
──────────────────────────────────────────────────
🛒 [3:39:04 PM] TXN-1787906344961-170-796953
   Outlet 170 | Staff: Ng Jun Hao | 4 items | S$51.33
   🚨 OUT OF STOCK: LMT_NASI_GORENG, BEV_KOPI_O, BEV_ICED_TEA, BEV_ORANGE_JUICE
🛒 [3:39:12 PM] TXN-1787906352490-168-641455
   Outlet 168 | Staff: Sanjay S/O Ramesh | 3 items | S$34.81
   🚨 OUT OF STOCK: LMT_PRAWN_CRACKERS, BEV_LATTE, BEV_LATTE
🛒 [3:39:19 PM] TXN-1787906359011-201-964350
   Outlet 201 | Staff: None | 4 items | S$44.84
   🚨 OUT OF STOCK: MNL_RICE_BOWL, BEV_KOPI_O, MNL_CHICKEN_RICE, BEV_KOPI_O
💰 [3:39:25 PM] TXN-1787906365829-170-280600
   Outlet 170 | Staff: Tan Wei Ming | 1 items | S$11.80
   🚨 OUT OF STOCK: LMT_MIE_GORENG
💰 [3:39:31 PM] TXN-1787906371858-168-760009
   Outlet 168 | Staff: Priya D/O Mani | 1 items | S$7.67
   🚨 OUT OF STOCK: BEV_KOPI_O
🛒 [3:39:37 PM] TXN-1787906377905-169-689138
   Outlet 169 | Staff: Sanjay S/O Ramesh | 3 items | S$37.76
   🚨 OUT OF STOCK: LMT_ROTI_CANAI, BEV_LATTE, BEV_MILO
💰 [3:39:44 PM] TXN-1787906384811-167-874248
   Outlet 167 | Staff: Ahmad Faiz Bin Hassan | 1 items | S$12.98
   🚨 OUT OF STOCK: MNL_RICE_BOWL
🛒 [3:39:51 PM] TXN-1787906391006-167-274096
   Outlet 167 | Staff: Muhd Danish Bin Razak | 3 items | S$39.53
   🚨 OUT OF STOCK: MNL_LAKSA, BEV_MILO, BEV_ICED_TEA
🛒 [3:39:57 PM] TXN-1787906397980-168-528854
   Outlet 168 | Staff: Chua Kai Xin | 4 items | S$54.87
   🚨 OUT OF STOCK: BEV_KOPI_O, BEV_LATTE, LMT_NASI_GORENG, BEV_ORANGE_JUICE
🛒 [3:40:04 PM] TXN-1787906404943-202-961067
   Outlet 202 | Staff: None | 5 items | S$70.80
   🚨 OUT OF STOCK: MNL_LAKSA, LMT_SATE, BEV_MILO, BEV_ORANGE_JUICE, BEV_ORANGE_JUICE

📊 STATS:
   Total Sales: 3470
   Total Revenue: S$139150.91
   Avg Ticket: S$40.10
   Low Stock Alerts: 108
   Out of Stock: 3449
──────────────────────────────────────────────────
🛒 [3:40:12 PM] TXN-1787906412492-201-792846
   Outlet 201 | Staff: None | 4 items | S$60.18
   🚨 OUT OF STOCK: MNL_RICE_BOWL, BEV_MILO, BEV_ORANGE_JUICE, BEV_ICED_TEA
🛒 [3:40:19 PM] TXN-1787906419563-201-639917
   Outlet 201 | Staff: None | 3 items | S$61.36
   🚨 OUT OF STOCK: LMT_ROTI_CANAI, LMT_SATE, MNL_CHICKEN_RICE
💰 [3:40:26 PM] TXN-1787906426334-165-735589
   Outlet 165 | Staff: Tan Wei Ming | 2 items | S$19.47
   🚨 OUT OF STOCK: BEV_ICED_TEA, BEV_ICED_TEA
🛒 [3:40:32 PM] TXN-1787906432673-201-993251
   Outlet 201 | Staff: None | 5 items | S$46.61
   🚨 OUT OF STOCK: MNL_CHICKEN_RICE, BEV_MILO, BEV_ICED_TEA, BEV_ORANGE_JUICE, BEV_ICED_TEA
🛒 [3:40:39 PM] TXN-1787906439712-202-946174
   Outlet 202 | Staff: None | 4 items | S$55.46
   🚨 OUT OF STOCK: BEV_ORANGE_JUICE, BEV_MILO, BEV_LATTE, BEV_LATTE
🛒 [3:40:46 PM] TXN-1787906446760-165-830912
   Outlet 165 | Staff: Tan Wei Ming | 5 items | S$54.28
   🚨 OUT OF STOCK: LMT_PRAWN_CRACKERS, BEV_MILO, BEV_ICED_TEA, BEV_KOPI_O, LMT_PRAWN_CRACKERS
🛒 [3:40:54 PM] TXN-1787906454112-201-855357
   Outlet 201 | Staff: None | 4 items | S$39.53
   🚨 OUT OF STOCK: BEV_ICED_TEA, BEV_MILO, BEV_ICED_TEA, BEV_LATTE
🛒 [3:41:01 PM] TXN-1787906461072-202-269577
   Outlet 202 | Staff: None | 5 items | S$57.82
   🚨 OUT OF STOCK: BEV_KOPI_O, MNL_RICE_BOWL, BEV_MILO, BEV_KOPI_O, BEV_MILO
💰 [3:41:08 PM] TXN-1787906468252-168-146514
   Outlet 168 | Staff: Li Ying Zhi | 1 items | S$4.72
   🚨 OUT OF STOCK: LMT_PRAWN_CRACKERS
🛒 [3:41:14 PM] TXN-1787906474328-201-728323
   Outlet 201 | Staff: None | 5 items | S$47.79
   🚨 OUT OF STOCK: LMT_MIE_GORENG, BEV_ICED_TEA, BEV_ORANGE_JUICE, BEV_KOPI_O, BEV_ICED_TEA

📊 STATS:
   Total Sales: 3480
   Total Revenue: S$139598.13
   Avg Ticket: S$40.11
   Low Stock Alerts: 108
   Out of Stock: 3459
──────────────────────────────────────────────────
🛒 [3:41:21 PM] TXN-1787906481438-170-364704
   Outlet 170 | Staff: Ng Jun Hao | 3 items | S$40.12
   🚨 OUT OF STOCK: LMT_ROTI_CANAI, BEV_KOPI_O, BEV_KOPI_O
💰 [3:41:27 PM] TXN-1787906487965-202-763209
   Outlet 202 | Staff: None | 1 items | S$10.03
   🚨 OUT OF STOCK: BEV_LATTE
💰 [3:41:34 PM] TXN-1787906494022-170-194844
   Outlet 170 | Staff: Lee Jia En | 2 items | S$19.47
   🚨 OUT OF STOCK: BEV_ICED_TEA, BEV_ICED_TEA
🛒 [3:41:40 PM] TXN-1787906500336-201-590456
   Outlet 201 | Staff: None | 4 items | S$61.95
   🚨 OUT OF STOCK: MNL_LAKSA, BEV_ORANGE_JUICE, LMT_NASI_GORENG, BEV_ICED_TEA
🛒 [3:41:47 PM] TXN-1787906507217-171-409282
   Outlet 171 | Staff: Muhd Danish Bin Razak | 4 items | S$81.42
   🚨 OUT OF STOCK: LMT_SATE, LMT_NASI_GORENG, MNL_CHICKEN_RICE, LMT_ROTI_CANAI
💰 [3:41:54 PM] TXN-1787906514024-165-125181
   Outlet 165 | Staff: Lee Jia En | 1 items | S$15.34
   🚨 OUT OF STOCK: MNL_KWAY_TEOW
🛒 [3:42:00 PM] TXN-1787906520034-202-706682
   Outlet 202 | Staff: None | 4 items | S$45.43
   🚨 OUT OF STOCK: BEV_ICED_TEA, BEV_LATTE, BEV_LATTE, BEV_ORANGE_JUICE
💰 [3:42:07 PM] TXN-1787906527126-169-269694
   Outlet 169 | Staff: Lee Jia En | 1 items | S$16.52
   🚨 OUT OF STOCK: MNL_CHICKEN_RICE
🛒 [3:42:13 PM] TXN-1787906533136-168-396559
   Outlet 168 | Staff: Li Ying Zhi | 3 items | S$36.58
   🚨 OUT OF STOCK: LMT_MIE_GORENG, BEV_MILO, BEV_MILO
🛒 [3:42:19 PM] TXN-1787906539900-170-365993
   Outlet 170 | Staff: Muhd Danish Bin Razak | 4 items | S$59.00
   🚨 OUT OF STOCK: MNL_KWAY_TEOW, BEV_ORANGE_JUICE, BEV_ORANGE_JUICE, BEV_MILO

📊 STATS:
   Total Sales: 3490
   Total Revenue: S$139983.99
   Avg Ticket: S$40.11
   Low Stock Alerts: 108
   Out of Stock: 3469
──────────────────────────────────────────────────
🛒 [3:42:26 PM] TXN-1787906546827-171-406624
   Outlet 171 | Staff: Tan Mei Hua | 5 items | S$76.70
   🚨 OUT OF STOCK: BEV_LATTE, MNL_CHICKEN_RICE, BEV_MILO, BEV_LATTE, BEV_KOPI_O
🛒 [3:42:33 PM] TXN-1787906553843-202-439689
   Outlet 202 | Staff: None | 3 items | S$31.86
   🚨 OUT OF STOCK: LMT_SATE, BEV_ICED_TEA, BEV_KOPI_O
🛒 [3:42:40 PM] TXN-1787906560493-170-376405
   Outlet 170 | Staff: Lim Pei Ling | 4 items | S$48.38
   🚨 OUT OF STOCK: MNL_CHICKEN_RICE, MNL_KWAY_TEOW, BEV_LATTE, BEV_ICED_TEA
🛒 [3:42:47 PM] TXN-1787906567377-167-515669
   Outlet 167 | Staff: Sanjay S/O Ramesh | 3 items | S$38.94
   🚨 OUT OF STOCK: LMT_SATE, BEV_ICED_TEA, BEV_MILO
💰 [3:42:53 PM] TXN-1787906573957-169-811932
   Outlet 169 | Staff: Muhd Danish Bin Razak | 1 items | S$8.85
   🚨 OUT OF STOCK: BEV_ORANGE_JUICE
🛒 [3:43:00 PM] TXN-1787906580140-165-449181
   Outlet 165 | Staff: Ahmad Faiz Bin Hassan | 3 items | S$66.08
   🚨 OUT OF STOCK: LMT_MIE_GORENG, LMT_ROTI_CANAI, LMT_SATE
💰 [3:43:06 PM] TXN-1787906586688-164-554008
   Outlet 164 | Staff: Rajesh Kumar | 2 items | S$12.39
   ⚠️ LOW STOCK: LMT_PRAWN_CRACKERS
   🚨 OUT OF STOCK: BEV_KOPI_O
🛒 [3:43:12 PM] TXN-1787906592952-169-791267
   Outlet 169 | Staff: Ng Jun Hao | 4 items | S$83.78
   🚨 OUT OF STOCK: LMT_SATE, BEV_MILO, BEV_ICED_TEA, MNL_LAKSA
🛒 [3:43:19 PM] TXN-1787906599818-171-350661
   Outlet 171 | Staff: Nur Aisyah | 3 items | S$37.17
   🚨 OUT OF STOCK: MNL_KWAY_TEOW, BEV_ORANGE_JUICE, BEV_ICED_TEA
🛒 [3:43:26 PM] TXN-1787906606354-202-373574
   Outlet 202 | Staff: None | 3 items | S$32.45
   🚨 OUT OF STOCK: MNL_KWAY_TEOW, LMT_PRAWN_CRACKERS, BEV_KOPI_O

📊 STATS:
   Total Sales: 3500
   Total Revenue: S$140420.59
   Avg Ticket: S$40.12
   Low Stock Alerts: 109
   Out of Stock: 3479
──────────────────────────────────────────────────
🛒 [3:43:33 PM] TXN-1787906613530-171-334422
   Outlet 171 | Staff: Priya D/O Mani | 5 items | S$62.54
   🚨 OUT OF STOCK: MNL_BEEG_HOON, BEV_ORANGE_JUICE, BEV_ORANGE_JUICE, BEV_ICED_TEA, BEV_ICED_TEA
🛒 [3:43:40 PM] TXN-1787906620971-165-438192
   Outlet 165 | Staff: Ahmad Faiz Bin Hassan | 3 items | S$71.98
   🚨 OUT OF STOCK: MNL_KWAY_TEOW, BEV_LATTE, MNL_LAKSA
🛒 [3:43:47 PM] TXN-1787906627538-170-961773
   Outlet 170 | Staff: Rajesh Kumar | 3 items | S$33.63
   🚨 OUT OF STOCK: LMT_NASI_GORENG, LMT_ROTI_CANAI, BEV_LATTE
💰 [3:43:54 PM] TXN-1787906634144-168-287056
   Outlet 168 | Staff: Nurul Huda Bte Ali | 2 items | S$28.32
   🚨 OUT OF STOCK: MNL_KWAY_TEOW, BEV_ICED_TEA
💰 [3:44:00 PM] TXN-1787906640521-169-351040
   Outlet 169 | Staff: Sanjay S/O Ramesh | 1 items | S$7.67
   🚨 OUT OF STOCK: BEV_KOPI_O
🛒 [3:44:06 PM] TXN-1787906646562-168-568143
   Outlet 168 | Staff: Chua Kai Xin | 5 items | S$64.31
   🚨 OUT OF STOCK: MNL_KWAY_TEOW, BEV_ORANGE_JUICE, BEV_LATTE, BEV_LATTE, BEV_LATTE
💰 [3:44:13 PM] TXN-1787906653794-169-902841
   Outlet 169 | Staff: Tan Wei Ming | 1 items | S$4.72
   🚨 OUT OF STOCK: LMT_PRAWN_CRACKERS
🛒 [3:44:20 PM] TXN-1787906660083-165-903448
   Outlet 165 | Staff: Ahmad Faiz Bin Hassan | 3 items | S$37.17
   🚨 OUT OF STOCK: MNL_RICE_BOWL, MNL_KWAY_TEOW, BEV_ORANGE_JUICE
💰 [3:44:26 PM] TXN-1787906666618-167-468617
   Outlet 167 | Staff: Lee Jia En | 1 items | S$18.29
   🚨 OUT OF STOCK: MNL_LAKSA
💰 [3:44:32 PM] TXN-1787906672677-165-169137
   Outlet 165 | Staff: Ng Jun Hao | 2 items | S$14.16
   🚨 OUT OF STOCK: BEV_KOPI_O, BEV_ICED_TEA

📊 STATS:
   Total Sales: 3510
   Total Revenue: S$140763.38
   Avg Ticket: S$40.10
   Low Stock Alerts: 109
   Out of Stock: 3489
──────────────────────────────────────────────────
🛒 [3:44:39 PM] TXN-1787906679122-202-523751
   Outlet 202 | Staff: None | 4 items | S$33.63
   🚨 OUT OF STOCK: MNL_RICE_BOWL, BEV_KOPI_O, BEV_ICED_TEA, BEV_ICED_TEA
🛒 [3:44:45 PM] TXN-1787906685995-200-704764
   Outlet 200 | Staff: Syaza Aina | 3 items | S$28.91
   🚨 OUT OF STOCK: MNL_RICE_BOWL, BEV_KOPI_O, BEV_MILO
💰 [3:44:52 PM] TXN-1787906692719-165-258664
   Outlet 165 | Staff: Tan Wei Ming | 2 items | S$29.50
   🚨 OUT OF STOCK: MNL_CHICKEN_RICE, MNL_RICE_BOWL
🛒 [3:44:59 PM] TXN-1787906699020-169-351311
   Outlet 169 | Staff: Tan Wei Ming | 5 items | S$92.63
   🚨 OUT OF STOCK: MNL_BEEG_HOON, BEV_MILO, MNL_KWAY_TEOW, MNL_CHICKEN_RICE, BEV_LATTE
💰 [3:45:06 PM] TXN-1787906706221-201-345335
   Outlet 201 | Staff: None | 1 items | S$11.80
   🚨 OUT OF STOCK: LMT_MIE_GORENG
🛒 [3:45:12 PM] TXN-1787906712471-167-838416
   Outlet 167 | Staff: Tan Wei Ming | 3 items | S$31.86
   🚨 OUT OF STOCK: LMT_NASI_GORENG, BEV_ORANGE_JUICE, BEV_ORANGE_JUICE
🛒 [3:45:19 PM] TXN-1787906719054-167-332230
   Outlet 167 | Staff: Nurul Huda Bte Ali | 3 items | S$25.96
   🚨 OUT OF STOCK: LMT_ROTI_CANAI, BEV_KOPI_O, BEV_ORANGE_JUICE
🛒 [3:45:25 PM] TXN-1787906725703-165-710571
   Outlet 165 | Staff: Lee Jia En | 5 items | S$83.19
   🚨 OUT OF STOCK: LMT_PRAWN_CRACKERS, BEV_KOPI_O, BEV_ORANGE_JUICE, MNL_BEEG_HOON, BEV_KOPI_O
🛒 [3:45:32 PM] TXN-1787906732788-169-138375
   Outlet 169 | Staff: Muhd Danish Bin Razak | 3 items | S$34.22
   🚨 OUT OF STOCK: BEV_ORANGE_JUICE, BEV_MILO, BEV_ORANGE_JUICE
💰 [3:45:39 PM] TXN-1787906739395-168-488721
   Outlet 168 | Staff: Ng Jun Hao | 2 items | S$28.32
   🚨 OUT OF STOCK: MNL_LAKSA, BEV_LATTE

📊 STATS:
   Total Sales: 3520
   Total Revenue: S$141163.40
   Avg Ticket: S$40.10
   Low Stock Alerts: 109
   Out of Stock: 3499
──────────────────────────────────────────────────
💰 [3:45:45 PM] TXN-1787906745816-201-270164
   Outlet 201 | Staff: None | 1 items | S$6.49
   🚨 OUT OF STOCK: BEV_ICED_TEA
💰 [3:45:51 PM] TXN-1787906751995-202-785844
   Outlet 202 | Staff: None | 1 items | S$6.49
   🚨 OUT OF STOCK: BEV_ICED_TEA
🛒 [3:45:58 PM] TXN-1787906758077-164-987100
   Outlet 164 | Staff: Ng Jun Hao | 3 items | S$38.35
   🚨 OUT OF STOCK: MNL_BEEG_HOON, BEV_ICED_TEA, BEV_ICED_TEA
🛒 [3:46:04 PM] TXN-1787906764848-164-179857
   Outlet 164 | Staff: Ng Jun Hao | 5 items | S$85.55
   🚨 OUT OF STOCK: MNL_KWAY_TEOW, BEV_KOPI_O, LMT_SATE, BEV_ICED_TEA, BEV_ICED_TEA
💰 [3:46:11 PM] TXN-1787906771894-167-190833
   Outlet 167 | Staff: Ng Jun Hao | 1 items | S$8.26
   🚨 OUT OF STOCK: BEV_MILO
🛒 [3:46:17 PM] TXN-1787906777996-202-352533
   Outlet 202 | Staff: None | 4 items | S$44.25
   🚨 OUT OF STOCK: MNL_LAKSA, LMT_PRAWN_CRACKERS, BEV_ICED_TEA, BEV_MILO
🛒 [3:46:24 PM] TXN-1787906784830-168-832160
   Outlet 168 | Staff: Chua Kai Xin | 5 items | S$73.75
   🚨 OUT OF STOCK: MNL_CHICKEN_RICE, BEV_MILO, BEV_ORANGE_JUICE, BEV_MILO, BEV_ICED_TEA
💰 [3:46:31 PM] TXN-1787906791809-171-422700
   Outlet 171 | Staff: Muhd Danish Bin Razak | 2 items | S$17.70
   🚨 OUT OF STOCK: BEV_ORANGE_JUICE, BEV_ORANGE_JUICE
🛒 [3:46:37 PM] TXN-1787906797965-201-373485
   Outlet 201 | Staff: None | 4 items | S$55.46
   🚨 OUT OF STOCK: MNL_BEEG_HOON, BEV_ICED_TEA, BEV_KOPI_O, BEV_MILO
🛒 [3:46:45 PM] TXN-1787906805387-171-752135
   Outlet 171 | Staff: Sanjay S/O Ramesh | 3 items | S$57.82
   🚨 OUT OF STOCK: BEV_MILO, BEV_MILO, MNL_CHICKEN_RICE

📊 STATS:
   Total Sales: 3530
   Total Revenue: S$141557.52
   Avg Ticket: S$40.10
   Low Stock Alerts: 109
   Out of Stock: 3509
──────────────────────────────────────────────────
🛒 [3:46:51 PM] TXN-1787906811916-201-514070
   Outlet 201 | Staff: None | 3 items | S$62.54
   🚨 OUT OF STOCK: LMT_MIE_GORENG, MNL_KWAY_TEOW, BEV_LATTE
🛒 [3:46:58 PM] TXN-1787906818934-168-237187
   Outlet 168 | Staff: Sanjay S/O Ramesh | 3 items | S$37.17
   🚨 OUT OF STOCK: BEV_MILO, BEV_LATTE, BEV_ORANGE_JUICE
🛒 [3:47:05 PM] TXN-1787906825478-200-609249
   Outlet 200 | Staff: Syaza Aina | 3 items | S$44.25
   🚨 OUT OF STOCK: BEV_ORANGE_JUICE, BEV_ORANGE_JUICE, BEV_ORANGE_JUICE
🛒 [3:47:12 PM] TXN-1787906832076-167-960186
   Outlet 167 | Staff: Ng Jun Hao | 3 items | S$21.24
   🚨 OUT OF STOCK: LMT_PRAWN_CRACKERS, BEV_KOPI_O, BEV_ORANGE_JUICE
🛒 [3:47:18 PM] TXN-1787906838628-201-323320
   Outlet 201 | Staff: None | 3 items | S$43.66
   🚨 OUT OF STOCK: MNL_KWAY_TEOW, BEV_KOPI_O, BEV_ICED_TEA
💰 [3:47:25 PM] TXN-1787906845270-170-654956
   Outlet 170 | Staff: Tan Wei Ming | 1 items | S$9.44
   🚨 OUT OF STOCK: LMT_ROTI_CANAI
🛒 [3:47:31 PM] TXN-1787906851392-164-751100
   Outlet 164 | Staff: Ng Jun Hao | 3 items | S$47.20
   🚨 OUT OF STOCK: LMT_NASI_GORENG, LMT_SATE, BEV_KOPI_O
🛒 [3:47:37 PM] TXN-1787906857941-168-571033
   Outlet 168 | Staff: Sanjay S/O Ramesh | 4 items | S$56.05
   🚨 OUT OF STOCK: BEV_LATTE, MNL_KWAY_TEOW, MNL_KWAY_TEOW, MNL_KWAY_TEOW
🛒 [3:47:44 PM] TXN-1787906864803-200-959170
   Outlet 200 | Staff: Priya D/O Mani | 5 items | S$78.47
   🚨 OUT OF STOCK: LMT_MIE_GORENG, LMT_SATE, BEV_MILO, BEV_MILO, BEV_ICED_TEA
💰 [3:47:52 PM] TXN-1787906872308-170-610753
   Outlet 170 | Staff: Rajesh Kumar | 1 items | S$8.85
   🚨 OUT OF STOCK: BEV_ORANGE_JUICE

📊 STATS:
   Total Sales: 3540
   Total Revenue: S$141966.39
   Avg Ticket: S$40.10
   Low Stock Alerts: 109
   Out of Stock: 3519
──────────────────────────────────────────────────
💰 [3:47:58 PM] TXN-1787906878295-164-180995
   Outlet 164 | Staff: Chua Kai Xin | 2 items | S$26.55
   🚨 OUT OF STOCK: MNL_CHICKEN_RICE, BEV_LATTE
🛒 [3:48:04 PM] TXN-1787906884649-164-792747
   Outlet 164 | Staff: Ong Wei Jian | 4 items | S$48.38
   🚨 OUT OF STOCK: LMT_NASI_GORENG, BEV_KOPI_O, BEV_ORANGE_JUICE, BEV_ORANGE_JUICE
🛒 [3:48:11 PM] TXN-1787906891472-171-105286
   Outlet 171 | Staff: Tan Wei Ming | 5 items | S$68.44
   🚨 OUT OF STOCK: LMT_NASI_GORENG, BEV_KOPI_O, MNL_RICE_BOWL, BEV_MILO, BEV_ORANGE_JUICE
🛒 [3:48:18 PM] TXN-1787906898666-202-594765
   Outlet 202 | Staff: None | 5 items | S$51.92
   ❌ Webhook failed: 408
🛒 [3:48:28 PM] TXN-1787906908759-167-778346
   Outlet 167 | Staff: Tan Wei Ming | 5 items | S$50.15
   🚨 OUT OF STOCK: BEV_LATTE, BEV_MILO, BEV_LATTE, BEV_ICED_TEA, BEV_KOPI_O
🛒 [3:48:36 PM] TXN-1787906916018-170-463098
   Outlet 170 | Staff: Tan Wei Ming | 5 items | S$70.80
   🚨 OUT OF STOCK: BEV_MILO, BEV_MILO, BEV_ICED_TEA, MNL_RICE_BOWL, BEV_LATTE
💰 [3:48:43 PM] TXN-1787906923057-169-584542
   Outlet 169 | Staff: Muhd Danish Bin Razak | 1 items | S$4.72
   🚨 OUT OF STOCK: LMT_PRAWN_CRACKERS
🛒 [3:48:49 PM] TXN-1787906929067-200-317407
   Outlet 200 | Staff: Syaza Aina | 5 items | S$87.32
   🚨 OUT OF STOCK: MNL_KWAY_TEOW, BEV_LATTE, BEV_MILO, BEV_KOPI_O, BEV_LATTE
💰 [3:48:56 PM] TXN-1787906936716-201-538422
   Outlet 201 | Staff: None | 1 items | S$6.49
   🚨 OUT OF STOCK: BEV_ICED_TEA
💰 [3:49:02 PM] TXN-1787906942735-171-975075
   Outlet 171 | Staff: Sanjay S/O Ramesh | 1 items | S$12.98
   🚨 OUT OF STOCK: MNL_RICE_BOWL

📊 STATS:
   Total Sales: 3550
   Total Revenue: S$142394.14
   Avg Ticket: S$40.11
   Low Stock Alerts: 109
   Out of Stock: 3528
──────────────────────────────────────────────────
🛒 [3:49:08 PM] TXN-1787906948882-168-154962
   Outlet 168 | Staff: Nurul Huda Bte Ali | 5 items | S$50.15
   🚨 OUT OF STOCK: MNL_RICE_BOWL, BEV_LATTE, BEV_MILO, LMT_NASI_GORENG, LMT_PRAWN_CRACKERS
🛒 [3:49:17 PM] TXN-1787906957005-167-235430
   Outlet 167 | Staff: Tan Wei Ming | 3 items | S$47.79
   🚨 OUT OF STOCK: MNL_LAKSA, BEV_MILO, BEV_ICED_TEA
🛒 [3:49:24 PM] TXN-1787906964505-168-363717
   Outlet 168 | Staff: Sanjay S/O Ramesh | 5 items | S$69.62
   🚨 OUT OF STOCK: BEV_KOPI_O, BEV_KOPI_O, BEV_MILO, MNL_BEEG_HOON, BEV_MILO
🛒 [3:49:31 PM] TXN-1787906971790-170-125609
   Outlet 170 | Staff: Lim Pei Ling | 3 items | S$40.12
   🚨 OUT OF STOCK: LMT_ROTI_CANAI, BEV_KOPI_O, BEV_KOPI_O
💰 [3:49:38 PM] TXN-1787906978749-167-836357
   Outlet 167 | Staff: Lee Jia En | 2 items | S$23.01
   🚨 OUT OF STOCK: MNL_LAKSA, LMT_PRAWN_CRACKERS
💰 [3:49:45 PM] TXN-1787906985101-164-671258
   Outlet 164 | Staff: Nurul Huda Bte Ali | 2 items | S$21.83
   🚨 OUT OF STOCK: BEV_KOPI_O, LMT_NASI_GORENG
🛒 [3:49:51 PM] TXN-1787906991432-201-882884
   Outlet 201 | Staff: None | 3 items | S$50.15
   🚨 OUT OF STOCK: LMT_PRAWN_CRACKERS, MNL_BEEG_HOON, BEV_KOPI_O
💰 [3:49:58 PM] TXN-1787906998030-164-560080
   Outlet 164 | Staff: Priya D/O Mani | 2 items | S$27.73
   🚨 OUT OF STOCK: LMT_SATE, BEV_LATTE
💰 [3:50:05 PM] TXN-1787907005284-170-432263
   Outlet 170 | Staff: Tan Wei Ming | 2 items | S$33.04
   🚨 OUT OF STOCK: LMT_SATE, BEV_KOPI_O
💰 [3:50:11 PM] TXN-1787907011567-171-972276
   Outlet 171 | Staff: Tan Mei Hua | 2 items | S$28.32
   🚨 OUT OF STOCK: MNL_RICE_BOWL, BEV_KOPI_O

📊 STATS:
   Total Sales: 3560
   Total Revenue: S$142785.90
   Avg Ticket: S$40.11
   Low Stock Alerts: 109
   Out of Stock: 3538
──────────────────────────────────────────────────
🛒 [3:50:18 PM] TXN-1787907018005-170-679036
   Outlet 170 | Staff: Ng Jun Hao | 4 items | S$53.10
   🚨 OUT OF STOCK: MNL_BEEG_HOON, BEV_KOPI_O, BEV_ORANGE_JUICE, BEV_LATTE
🛒 [3:50:24 PM] TXN-1787907024764-201-311259
   Outlet 201 | Staff: None | 3 items | S$22.42
   🚨 OUT OF STOCK: BEV_ICED_TEA, BEV_MILO, BEV_KOPI_O
🛒 [3:50:31 PM] TXN-1787907031284-170-383440
   Outlet 170 | Staff: Tan Wei Ming | 5 items | S$56.05
   🚨 OUT OF STOCK: BEV_LATTE, MNL_BEEG_HOON, BEV_KOPI_O, BEV_ICED_TEA, BEV_ICED_TEA
🛒 [3:50:38 PM] TXN-1787907038427-200-990852
   Outlet 200 | Staff: Priya D/O Mani | 3 items | S$54.87
   🚨 OUT OF STOCK: BEV_ICED_TEA, MNL_CHICKEN_RICE, BEV_KOPI_O
🛒 [3:50:44 PM] TXN-1787907044899-171-746187
   Outlet 171 | Staff: Priya D/O Mani | 5 items | S$76.11
   🚨 OUT OF STOCK: MNL_KWAY_TEOW, BEV_LATTE, LMT_MIE_GORENG, BEV_ORANGE_JUICE, BEV_MILO
🛒 [3:50:52 PM] TXN-1787907052485-201-924396
   Outlet 201 | Staff: None | 5 items | S$60.18
   🚨 OUT OF STOCK: MNL_RICE_BOWL, BEV_LATTE, MNL_CHICKEN_RICE, BEV_KOPI_O, BEV_ICED_TEA
🛒 [3:50:59 PM] TXN-1787907059557-169-791899
   Outlet 169 | Staff: Koh Jia Yi | 4 items | S$63.72
   🚨 OUT OF STOCK: LMT_SATE, BEV_ICED_TEA, BEV_ICED_TEA, BEV_LATTE
💰 [3:51:06 PM] TXN-1787907066936-171-204229
   Outlet 171 | Staff: Rajesh Kumar | 2 items | S$24.78
   🚨 OUT OF STOCK: MNL_CHICKEN_RICE, BEV_MILO
🛒 [3:51:13 PM] TXN-1787907073150-170-349260
   Outlet 170 | Staff: Muhd Danish Bin Razak | 5 items | S$59.00
   🚨 OUT OF STOCK: MNL_KWAY_TEOW, BEV_MILO, BEV_KOPI_O, BEV_ICED_TEA, BEV_ICED_TEA
🛒 [3:51:20 PM] TXN-1787907080134-200-996578
   Outlet 200 | Staff: Kumar Sanjay | 5 items | S$60.77
   🚨 OUT OF STOCK: BEV_ICED_TEA, BEV_MILO, BEV_MILO, BEV_ICED_TEA, BEV_MILO

📊 STATS:
   Total Sales: 3570
   Total Revenue: S$143316.90
   Avg Ticket: S$40.14
   Low Stock Alerts: 109
   Out of Stock: 3548
──────────────────────────────────────────────────
🛒 [3:51:27 PM] TXN-1787907087297-201-589866
   Outlet 201 | Staff: None | 5 items | S$59.00
   🚨 OUT OF STOCK: MNL_BEEG_HOON, BEV_MILO, BEV_LATTE, BEV_ICED_TEA, BEV_KOPI_O
🛒 [3:51:34 PM] TXN-1787907094593-168-267580
   Outlet 168 | Staff: Ng Jun Hao | 3 items | S$31.27
   🚨 OUT OF STOCK: BEV_LATTE, BEV_MILO, BEV_ICED_TEA
🛒 [3:51:41 PM] TXN-1787907101118-171-705433
   Outlet 171 | Staff: Muhd Danish Bin Razak | 3 items | S$41.89
   🚨 OUT OF STOCK: LMT_MIE_GORENG, BEV_LATTE, BEV_LATTE
🛒 [3:51:47 PM] TXN-1787907107657-169-849489
   Outlet 169 | Staff: Muhd Danish Bin Razak | 3 items | S$51.92
   🚨 OUT OF STOCK: MNL_BEEG_HOON, BEV_LATTE, BEV_ICED_TEA
🛒 [3:51:54 PM] TXN-1787907114196-200-895572
   Outlet 200 | Staff: Syaza Aina | 4 items | S$74.34
   🚨 OUT OF STOCK: MNL_CHICKEN_RICE, BEV_ORANGE_JUICE, BEV_LATTE, BEV_LATTE
🛒 [3:52:01 PM] TXN-1787907121132-169-355463
   Outlet 169 | Staff: Koh Jia Yi | 5 items | S$67.26
   🚨 OUT OF STOCK: LMT_PRAWN_CRACKERS, LMT_NASI_GORENG, BEV_LATTE, BEV_LATTE, BEV_MILO
💰 [3:52:08 PM] TXN-1787907128304-169-972864
   Outlet 169 | Staff: Muhd Danish Bin Razak | 2 items | S$16.52
   🚨 OUT OF STOCK: BEV_ICED_TEA, BEV_LATTE
💰 [3:52:14 PM] TXN-1787907134562-169-863837
   Outlet 169 | Staff: Muhd Danish Bin Razak | 2 items | S$24.19
   🚨 OUT OF STOCK: MNL_CHICKEN_RICE, BEV_KOPI_O
💰 [3:52:23 PM] TXN-1787907143850-169-149175
   Outlet 169 | Staff: Tan Wei Ming | 1 items | S$10.03
   🚨 OUT OF STOCK: BEV_LATTE
🛒 [3:52:29 PM] TXN-1787907149906-165-531764
   Outlet 165 | Staff: Lee Jia En | 3 items | S$70.80
   🚨 OUT OF STOCK: MNL_RICE_BOWL, BEV_LATTE, MNL_BEEG_HOON

📊 STATS:
   Total Sales: 3580
   Total Revenue: S$143764.12
   Avg Ticket: S$40.16
   Low Stock Alerts: 109
   Out of Stock: 3558
──────────────────────────────────────────────────
🛒 [3:52:37 PM] TXN-1787907157027-167-936727
   Outlet 167 | Staff: Sanjay S/O Ramesh | 3 items | S$50.74
   🚨 OUT OF STOCK: MNL_KWAY_TEOW, BEV_LATTE, BEV_KOPI_O
🛒 [3:52:43 PM] TXN-1787907163824-202-191331
   Outlet 202 | Staff: None | 3 items | S$54.28
   🚨 OUT OF STOCK: MNL_CHICKEN_RICE, BEV_ORANGE_JUICE, BEV_LATTE
💰 [3:52:50 PM] TXN-1787907170727-164-178959
   Outlet 164 | Staff: Nurul Huda Bte Ali | 2 items | S$20.06
   ⚠️ LOW STOCK: LMT_PRAWN_CRACKERS
   🚨 OUT OF STOCK: BEV_KOPI_O
💰 [3:52:57 PM] TXN-1787907177061-200-746682
   Outlet 200 | Staff: Priya D/O Mani | 1 items | S$9.44
   🚨 OUT OF STOCK: LMT_ROTI_CANAI
🛒 [3:53:03 PM] TXN-1787907183093-171-813569
   Outlet 171 | Staff: Tan Mei Hua | 5 items | S$99.12
   🚨 OUT OF STOCK: LMT_PRAWN_CRACKERS, MNL_LAKSA, MNL_CHICKEN_RICE, MNL_RICE_BOWL, BEV_KOPI_O
🛒 [3:53:10 PM] TXN-1787907190190-168-309126
   Outlet 168 | Staff: Chua Kai Xin | 5 items | S$64.31
   🚨 OUT OF STOCK: BEV_LATTE, MNL_KWAY_TEOW, MNL_LAKSA, BEV_ICED_TEA, BEV_KOPI_O
🛒 [3:53:17 PM] TXN-1787907197276-200-376015
   Outlet 200 | Staff: Syaza Aina | 4 items | S$63.72
   🚨 OUT OF STOCK: LMT_SATE, BEV_LATTE, BEV_ORANGE_JUICE, BEV_MILO
🛒 [3:53:24 PM] TXN-1787907204055-164-287731
   Outlet 164 | Staff: Nurul Huda Bte Ali | 4 items | S$35.40
   ⚠️ LOW STOCK: LMT_PRAWN_CRACKERS
   🚨 OUT OF STOCK: BEV_LATTE, BEV_ICED_TEA, BEV_KOPI_O
🛒 [3:53:31 PM] TXN-1787907211574-168-877896
   Outlet 168 | Staff: Lee Jia En | 3 items | S$30.68
   🚨 OUT OF STOCK: MNL_RICE_BOWL, BEV_LATTE, BEV_KOPI_O
🛒 [3:53:38 PM] TXN-1787907218121-164-830059
   Outlet 164 | Staff: Nurul Huda Bte Ali | 3 items | S$49.56
   🚨 OUT OF STOCK: MNL_KWAY_TEOW, MNL_BEEG_HOON, BEV_KOPI_O

📊 STATS:
   Total Sales: 3590
   Total Revenue: S$144241.43
   Avg Ticket: S$40.18
   Low Stock Alerts: 111
   Out of Stock: 3568
──────────────────────────────────────────────────
🛒 [3:53:44 PM] TXN-1787907224629-164-773728
   Outlet 164 | Staff: Rajesh Kumar | 5 items | S$71.39
   🚨 OUT OF STOCK: MNL_LAKSA, BEV_ICED_TEA, LMT_MIE_GORENG, BEV_KOPI_O, BEV_KOPI_O
💰 [3:53:52 PM] TXN-1787907232076-169-125393
   Outlet 169 | Staff: Muhd Danish Bin Razak | 2 items | S$25.37
   🚨 OUT OF STOCK: MNL_CHICKEN_RICE, BEV_ORANGE_JUICE
🛒 [3:53:58 PM] TXN-1787907238359-168-381200
   Outlet 168 | Staff: Chua Kai Xin | 5 items | S$63.13
   🚨 OUT OF STOCK: BEV_MILO, BEV_LATTE, BEV_LATTE, BEV_ICED_TEA, BEV_MILO
🛒 [3:54:05 PM] TXN-1787907245814-165-604222
   Outlet 165 | Staff: Ahmad Faiz Bin Hassan | 4 items | S$67.26
   🚨 OUT OF STOCK: LMT_ROTI_CANAI, MNL_KWAY_TEOW, BEV_MILO, MNL_RICE_BOWL
🛒 [3:54:12 PM] TXN-1787907252832-165-840906
   Outlet 165 | Staff: Ng Jun Hao | 3 items | S$23.60
   🚨 OUT OF STOCK: BEV_ORANGE_JUICE, BEV_ICED_TEA, BEV_MILO
💰 [3:54:19 PM] TXN-1787907259331-164-296723
   Outlet 164 | Staff: Ahmad Faiz Bin Hassan | 1 items | S$18.88
   🚨 OUT OF STOCK: MNL_BEEG_HOON
🛒 [3:54:25 PM] TXN-1787907265393-201-704274
   Outlet 201 | Staff: None | 5 items | S$69.62
   🚨 OUT OF STOCK: LMT_SATE, BEV_KOPI_O, BEV_ORANGE_JUICE, BEV_ORANGE_JUICE, BEV_ORANGE_JUICE
🛒 [3:54:32 PM] TXN-1787907272583-168-790546
   Outlet 168 | Staff: Chua Kai Xin | 5 items | S$63.72
   🚨 OUT OF STOCK: BEV_KOPI_O, BEV_MILO, BEV_KOPI_O, BEV_KOPI_O, BEV_MILO
💰 [3:54:39 PM] TXN-1787907279757-165-305169
   Outlet 165 | Staff: Lee Jia En | 2 items | S$27.73
   🚨 OUT OF STOCK: BEV_LATTE, BEV_ORANGE_JUICE
💰 [3:54:46 PM] TXN-1787907286219-171-708640
   Outlet 171 | Staff: Tan Mei Hua | 2 items | S$22.42
   🚨 OUT OF STOCK: LMT_PRAWN_CRACKERS, LMT_SATE

📊 STATS:
   Total Sales: 3600
   Total Revenue: S$144694.55
   Avg Ticket: S$40.19
   Low Stock Alerts: 111
   Out of Stock: 3578
──────────────────────────────────────────────────
🛒 [3:54:52 PM] TXN-1787907292469-171-308535
   Outlet 171 | Staff: Nur Aisyah | 4 items | S$51.33
   🚨 OUT OF STOCK: BEV_KOPI_O, BEV_MILO, BEV_KOPI_O, LMT_MIE_GORENG
🛒 [3:54:59 PM] TXN-1787907299376-202-943680
   Outlet 202 | Staff: None | 4 items | S$78.47
   🚨 OUT OF STOCK: BEV_ORANGE_JUICE, MNL_KWAY_TEOW, MNL_RICE_BOWL, BEV_ICED_TEA
💰 [3:55:06 PM] TXN-1787907306173-200-983981
   Outlet 200 | Staff: Syaza Aina | 1 items | S$4.72
   🚨 OUT OF STOCK: LMT_PRAWN_CRACKERS
💰 [3:55:12 PM] TXN-1787907312185-200-432544
   Outlet 200 | Staff: Syaza Aina | 1 items | S$8.26
   🚨 OUT OF STOCK: BEV_MILO
💰 [3:55:18 PM] TXN-1787907318158-200-106123
   Outlet 200 | Staff: Kumar Sanjay | 2 items | S$17.70
   🚨 OUT OF STOCK: BEV_ORANGE_JUICE, BEV_ORANGE_JUICE
🛒 [3:55:24 PM] TXN-1787907324437-202-425376
   Outlet 202 | Staff: None | 3 items | S$22.42
   🚨 OUT OF STOCK: LMT_ROTI_CANAI, BEV_ICED_TEA, BEV_ICED_TEA
💰 [3:55:30 PM] TXN-1787907330963-165-888740
   Outlet 165 | Staff: Lee Jia En | 2 items | S$25.96
   🚨 OUT OF STOCK: MNL_LAKSA, BEV_KOPI_O
🛒 [3:55:37 PM] TXN-1787907337279-200-642970
   Outlet 200 | Staff: Priya D/O Mani | 5 items | S$85.55
   🚨 OUT OF STOCK: LMT_SATE, BEV_KOPI_O, MNL_LAKSA, BEV_MILO, LMT_SATE
🛒 [3:55:44 PM] TXN-1787907344404-164-448401
   Outlet 164 | Staff: Chua Kai Xin | 3 items | S$73.16
   🚨 OUT OF STOCK: LMT_SATE, MNL_LAKSA, LMT_ROTI_CANAI
💰 [3:55:51 PM] TXN-1787907351308-201-827299
   Outlet 201 | Staff: None | 1 items | S$16.52
   🚨 OUT OF STOCK: MNL_CHICKEN_RICE

📊 STATS:
   Total Sales: 3610
   Total Revenue: S$145078.64
   Avg Ticket: S$40.19
   Low Stock Alerts: 111
   Out of Stock: 3588
──────────────────────────────────────────────────
🛒 [3:55:57 PM] TXN-1787907357281-202-856663
   Outlet 202 | Staff: None | 3 items | S$57.82
   🚨 OUT OF STOCK: MNL_RICE_BOWL, MNL_LAKSA, BEV_MILO
🛒 [3:56:04 PM] TXN-1787907364062-165-615544
   Outlet 165 | Staff: Ahmad Faiz Bin Hassan | 4 items | S$71.39
   🚨 OUT OF STOCK: LMT_ROTI_CANAI, LMT_SATE, BEV_MILO, BEV_LATTE
🛒 [3:56:10 PM] TXN-1787907370908-171-869205
   Outlet 171 | Staff: Rajesh Kumar | 5 items | S$78.47
   🚨 OUT OF STOCK: LMT_SATE, BEV_ORANGE_JUICE, BEV_LATTE, BEV_KOPI_O, BEV_MILO
🛒 [3:56:17 PM] TXN-1787907377927-167-499086
   Outlet 167 | Staff: Ahmad Faiz Bin Hassan | 4 items | S$31.86
   🚨 OUT OF STOCK: BEV_LATTE, BEV_KOPI_O, BEV_KOPI_O, BEV_ICED_TEA
💰 [3:56:24 PM] TXN-1787907384798-170-691997
   Outlet 170 | Staff: Tan Wei Ming | 1 items | S$17.70
   🚨 OUT OF STOCK: LMT_SATE
🛒 [3:56:30 PM] TXN-1787907390864-171-239373
   Outlet 171 | Staff: Rajesh Kumar | 5 items | S$60.77
   🚨 OUT OF STOCK: BEV_ICED_TEA, LMT_PRAWN_CRACKERS, BEV_MILO, BEV_KOPI_O, BEV_ORANGE_JUICE
💰 [3:56:38 PM] TXN-1787907398143-201-946970
   Outlet 201 | Staff: None | 1 items | S$18.88
   🚨 OUT OF STOCK: MNL_BEEG_HOON
🛒 [3:56:44 PM] TXN-1787907404214-170-713104
   Outlet 170 | Staff: Rajesh Kumar | 3 items | S$57.23
   🚨 OUT OF STOCK: LMT_MIE_GORENG, MNL_BEEG_HOON, BEV_KOPI_O
💰 [3:56:50 PM] TXN-1787907410734-167-255912
   Outlet 167 | Staff: Tan Wei Ming | 1 items | S$12.98
   🚨 OUT OF STOCK: MNL_RICE_BOWL
🛒 [3:56:56 PM] TXN-1787907416725-202-329856
   Outlet 202 | Staff: None | 5 items | S$53.10
   🚨 OUT OF STOCK: LMT_ROTI_CANAI, BEV_ORANGE_JUICE, BEV_ORANGE_JUICE, BEV_MILO, BEV_ORANGE_JUICE

📊 STATS:
   Total Sales: 3620
   Total Revenue: S$145538.84
   Avg Ticket: S$40.20
   Low Stock Alerts: 111
   Out of Stock: 3598
──────────────────────────────────────────────────
🛒 [3:57:03 PM] TXN-1787907423972-169-376981
   Outlet 169 | Staff: Ng Jun Hao | 5 items | S$53.10
   🚨 OUT OF STOCK: LMT_PRAWN_CRACKERS, MNL_LAKSA, BEV_ICED_TEA, BEV_MILO, BEV_KOPI_O
🛒 [3:57:12 PM] TXN-1787907432436-165-972403
   Outlet 165 | Staff: Tan Wei Ming | 3 items | S$45.43
   🚨 OUT OF STOCK: BEV_ICED_TEA, BEV_MILO, MNL_KWAY_TEOW
💰 [3:57:18 PM] TXN-1787907438952-200-831508
   Outlet 200 | Staff: Syaza Aina | 2 items | S$24.78
   🚨 OUT OF STOCK: LMT_MIE_GORENG, BEV_ICED_TEA
💰 [3:57:25 PM] TXN-1787907445206-202-518168
   Outlet 202 | Staff: None | 2 items | S$24.19
   🚨 OUT OF STOCK: MNL_CHICKEN_RICE, BEV_KOPI_O
💰 [3:57:34 PM] TXN-1787907454313-167-896283
   Outlet 167 | Staff: Muhd Danish Bin Razak | 2 items | S$27.14
   🚨 OUT OF STOCK: MNL_KWAY_TEOW, LMT_MIE_GORENG
💰 [3:57:40 PM] TXN-1787907460578-169-108251
   Outlet 169 | Staff: Koh Jia Yi | 1 items | S$12.98
   🚨 OUT OF STOCK: MNL_RICE_BOWL
🛒 [3:57:46 PM] TXN-1787907466636-168-452705
   Outlet 168 | Staff: Ng Jun Hao | 4 items | S$57.82
   🚨 OUT OF STOCK: MNL_KWAY_TEOW, BEV_ICED_TEA, MNL_RICE_BOWL, BEV_MILO
🛒 [3:57:53 PM] TXN-1787907473511-164-482263
   Outlet 164 | Staff: Rajesh Kumar | 5 items | S$81.42
   ⚠️ LOW STOCK: LMT_PRAWN_CRACKERS
   🚨 OUT OF STOCK: LMT_MIE_GORENG, LMT_SATE, BEV_MILO, BEV_ICED_TEA
🛒 [3:58:01 PM] TXN-1787907481941-200-136822
   Outlet 200 | Staff: Priya D/O Mani | 4 items | S$71.98
   🚨 OUT OF STOCK: LMT_SATE, BEV_MILO, MNL_CHICKEN_RICE, MNL_RICE_BOWL
💰 [3:58:08 PM] TXN-1787907488987-202-182738
   Outlet 202 | Staff: None | 1 items | S$17.70
   🚨 OUT OF STOCK: LMT_SATE

📊 STATS:
   Total Sales: 3630
   Total Revenue: S$145955.38
   Avg Ticket: S$40.21
   Low Stock Alerts: 112
   Out of Stock: 3608
──────────────────────────────────────────────────
🛒 [3:58:15 PM] TXN-1787907495933-171-116437
   Outlet 171 | Staff: Ng Jun Hao | 4 items | S$41.89
   🚨 OUT OF STOCK: BEV_ORANGE_JUICE, BEV_KOPI_O, BEV_MILO, BEV_ORANGE_JUICE
🛒 [3:58:23 PM] TXN-1787907503195-167-609401
   Outlet 167 | Staff: Ahmad Faiz Bin Hassan | 5 items | S$102.07
   🚨 OUT OF STOCK: MNL_LAKSA, BEV_ICED_TEA, BEV_MILO, MNL_LAKSA, BEV_ORANGE_JUICE
🛒 [3:58:30 PM] TXN-1787907510701-169-224307
   Outlet 169 | Staff: Ng Jun Hao | 5 items | S$63.72
   🚨 OUT OF STOCK: MNL_RICE_BOWL, BEV_ORANGE_JUICE, BEV_ORANGE_JUICE, BEV_ICED_TEA, LMT_SATE
🛒 [3:58:40 PM] TXN-1787907520650-170-889452
   Outlet 170 | Staff: Muhd Danish Bin Razak | 5 items | S$67.85
   🚨 OUT OF STOCK: LMT_MIE_GORENG, BEV_MILO, BEV_ICED_TEA, BEV_LATTE, BEV_MILO
💰 [3:58:50 PM] TXN-1787907530610-202-508815
   Outlet 202 | Staff: None | 2 items | S$20.65
   🚨 OUT OF STOCK: BEV_KOPI_O, BEV_ICED_TEA
🛒 [3:58:57 PM] TXN-1787907537965-168-460072
   Outlet 168 | Staff: Nurul Huda Bte Ali | 5 items | S$62.54
   🚨 OUT OF STOCK: LMT_ROTI_CANAI, BEV_LATTE, BEV_LATTE, BEV_KOPI_O, BEV_ORANGE_JUICE
🛒 [3:59:06 PM] TXN-1787907546673-200-500016
   Outlet 200 | Staff: Kumar Sanjay | 5 items | S$54.28
   🚨 OUT OF STOCK: MNL_CHICKEN_RICE, BEV_LATTE, BEV_MILO, BEV_ICED_TEA, BEV_ICED_TEA
💰 [3:59:14 PM] TXN-1787907554947-167-342443
   Outlet 167 | Staff: Chong Wei Sheng | 1 items | S$16.52
   🚨 OUT OF STOCK: MNL_CHICKEN_RICE
💰 [3:59:20 PM] TXN-1787907560927-168-673725
   Outlet 168 | Staff: Lee Jia En | 2 items | S$30.68
   🚨 OUT OF STOCK: LMT_SATE, BEV_ICED_TEA
🛒 [3:59:27 PM] TXN-1787907567449-165-444681
   Outlet 165 | Staff: Ng Jun Hao | 3 items | S$54.28
   🚨 OUT OF STOCK: MNL_CHICKEN_RICE, BEV_ORANGE_JUICE, BEV_LATTE

📊 STATS:
   Total Sales: 3640
   Total Revenue: S$146469.86
   Avg Ticket: S$40.24
   Low Stock Alerts: 112
   Out of Stock: 3618
──────────────────────────────────────────────────
💰 [3:59:34 PM] TXN-1787907574135-171-913612
   Outlet 171 | Staff: Priya D/O Mani | 2 items | S$25.37
   🚨 OUT OF STOCK: BEV_LATTE, BEV_KOPI_O
💰 [3:59:40 PM] TXN-1787907580708-170-885540
   Outlet 170 | Staff: Tan Wei Ming | 2 items | S$24.78
   🚨 OUT OF STOCK: LMT_MIE_GORENG, BEV_ICED_TEA
🛒 [3:59:46 PM] TXN-1787907586966-170-325847
   Outlet 170 | Staff: Ng Jun Hao | 3 items | S$31.86
   🚨 OUT OF STOCK: LMT_NASI_GORENG, BEV_LATTE, BEV_KOPI_O
🛒 [3:59:53 PM] TXN-1787907593624-168-863661
   Outlet 168 | Staff: Chua Kai Xin | 5 items | S$60.77
   🚨 OUT OF STOCK: LMT_MIE_GORENG, BEV_ORANGE_JUICE, BEV_MILO, BEV_ICED_TEA, BEV_LATTE
🛒 [4:00:00 PM] TXN-1787907600653-165-357277
   Outlet 165 | Staff: Lee Jia En | 5 items | S$61.36
   ❌ Webhook failed: 408
🛒 [4:00:10 PM] TXN-1787907610739-200-554362
   Outlet 200 | Staff: Kumar Sanjay | 4 items | S$42.48
   ❌ Webhook failed: 408
🛒 [4:00:20 PM] TXN-1787907620824-170-353430
   Outlet 170 | Staff: Lim Pei Ling | 5 items | S$67.26
   ⚠️ LOW STOCK: LMT_PRAWN_CRACKERS
   🚨 OUT OF STOCK: BEV_ICED_TEA, BEV_ICED_TEA, BEV_LATTE, BEV_MILO
🛒 [4:00:33 PM] TXN-1787907633175-201-317045
   Outlet 201 | Staff: None | 5 items | S$54.87
   🚨 OUT OF STOCK: BEV_MILO, LMT_ROTI_CANAI, BEV_LATTE, LMT_PRAWN_CRACKERS, BEV_MILO
🛒 [4:00:46 PM] TXN-1787907646392-169-340246
   Outlet 169 | Staff: Sanjay S/O Ramesh | 5 items | S$51.33
   🚨 OUT OF STOCK: BEV_KOPI_O, BEV_KOPI_O, BEV_ICED_TEA, BEV_ICED_TEA, BEV_ORANGE_JUICE
🛒 [4:01:14 PM] TXN-1787907674803-170-141971
   Outlet 170 | Staff: Lee Jia En | 4 items | S$51.92
   🚨 OUT OF STOCK: LMT_SATE, BEV_LATTE, BEV_ICED_TEA, BEV_ORANGE_JUICE

📊 STATS:
   Total Sales: 3650
   Total Revenue: S$146941.86
   Avg Ticket: S$40.26
   Low Stock Alerts: 113
   Out of Stock: 3626
──────────────────────────────────────────────────
💰 [4:01:22 PM] TXN-1787907682000-170-761084
   Outlet 170 | Staff: Muhd Danish Bin Razak | 2 items | S$44.84
   🚨 OUT OF STOCK: MNL_CHICKEN_RICE, LMT_NASI_GORENG
💰 [4:01:28 PM] TXN-1787907688363-201-490923
   Outlet 201 | Staff: None | 1 items | S$7.67
   ❌ Webhook failed: 408
🛒 [4:01:38 PM] TXN-1787907698437-164-269947
   Outlet 164 | Staff: Ng Jun Hao | 3 items | S$45.43
   🚨 OUT OF STOCK: MNL_BEEG_HOON, LMT_SATE, BEV_ORANGE_JUICE
💰 [4:01:57 PM] TXN-1787907717879-200-220161
   Outlet 200 | Staff: Kumar Sanjay | 2 items | S$15.93
   🚨 OUT OF STOCK: BEV_KOPI_O, BEV_MILO
🛒 [4:02:19 PM] TXN-1787907739466-200-380324
   Outlet 200 | Staff: Kumar Sanjay | 5 items | S$80.24
   🚨 OUT OF STOCK: MNL_LAKSA, BEV_MILO, BEV_LATTE, BEV_KOPI_O, BEV_ORANGE_JUICE
💰 [4:02:55 PM] TXN-1787907775056-170-208256
   Outlet 170 | Staff: Lee Jia En | 2 items | S$26.55
   🚨 OUT OF STOCK: MNL_LAKSA, BEV_MILO
🛒 [4:03:01 PM] TXN-1787907781348-170-549676
   Outlet 170 | Staff: Ng Jun Hao | 5 items | S$85.55
   🚨 OUT OF STOCK: BEV_KOPI_O, BEV_MILO, MNL_KWAY_TEOW, LMT_NASI_GORENG, BEV_MILO
💰 [4:03:17 PM] TXN-1787907797367-170-291303
   Outlet 170 | Staff: Lee Jia En | 1 items | S$8.26
   🚨 OUT OF STOCK: BEV_MILO
💰 [4:03:23 PM] TXN-1787907803421-165-963305
   Outlet 165 | Staff: Tan Wei Ming | 2 items | S$30.68
   🚨 OUT OF STOCK: MNL_RICE_BOWL, BEV_ORANGE_JUICE
🛒 [4:03:31 PM] TXN-1787907811585-169-106268
   Outlet 169 | Staff: Tan Wei Ming | 5 items | S$72.57
   🚨 OUT OF STOCK: LMT_NASI_GORENG, BEV_ORANGE_JUICE, BEV_MILO, BEV_ICED_TEA, BEV_LATTE

📊 STATS:
   Total Sales: 3660
   Total Revenue: S$147359.58
   Avg Ticket: S$40.26
   Low Stock Alerts: 113
   Out of Stock: 3635
──────────────────────────────────────────────────
💰 [4:03:39 PM] TXN-1787907819354-164-875242
   Outlet 164 | Staff: Ng Jun Hao | 1 items | S$12.98
   🚨 OUT OF STOCK: MNL_RICE_BOWL
🛒 [4:03:45 PM] TXN-1787907825324-200-190432
   Outlet 200 | Staff: Kumar Sanjay | 3 items | S$50.15
   🚨 OUT OF STOCK: MNL_LAKSA, BEV_KOPI_O, BEV_MILO
🛒 [4:03:51 PM] TXN-1787907831944-171-385024
   Outlet 171 | Staff: Tan Wei Ming | 4 items | S$45.43
   🚨 OUT OF STOCK: MNL_LAKSA, BEV_LATTE, BEV_MILO, BEV_ORANGE_JUICE
💰 [4:03:58 PM] TXN-1787907838903-201-533278
   Outlet 201 | Staff: None | 2 items | S$35.99
   🚨 OUT OF STOCK: MNL_LAKSA, BEV_ORANGE_JUICE
🛒 [4:04:05 PM] TXN-1787907845190-201-416559
   Outlet 201 | Staff: None | 5 items | S$50.15
   🚨 OUT OF STOCK: LMT_PRAWN_CRACKERS, BEV_LATTE, BEV_ORANGE_JUICE, BEV_MILO, BEV_MILO
🛒 [4:04:12 PM] TXN-1787907852525-168-408645
   Outlet 168 | Staff: Ng Jun Hao | 4 items | S$60.77
   🚨 OUT OF STOCK: BEV_KOPI_O, BEV_MILO, BEV_MILO, BEV_LATTE
🛒 [4:04:19 PM] TXN-1787907859519-168-396249
   Outlet 168 | Staff: Nurul Huda Bte Ali | 4 items | S$35.40
   🚨 OUT OF STOCK: MNL_RICE_BOWL, BEV_ICED_TEA, BEV_MILO, BEV_KOPI_O
🛒 [4:04:26 PM] TXN-1787907866351-170-302272
   Outlet 170 | Staff: Muhd Danish Bin Razak | 3 items | S$46.02
   🚨 OUT OF STOCK: LMT_SATE, BEV_LATTE, MNL_LAKSA
🛒 [4:04:32 PM] TXN-1787907872881-202-532888
   Outlet 202 | Staff: None | 4 items | S$57.82
   🚨 OUT OF STOCK: LMT_SATE, BEV_LATTE, BEV_LATTE, BEV_LATTE
💰 [4:04:39 PM] TXN-1787907879680-201-215770
   Outlet 201 | Staff: None | 1 items | S$18.29
   🚨 OUT OF STOCK: MNL_LAKSA

📊 STATS:
   Total Sales: 3670
   Total Revenue: S$147772.58
   Avg Ticket: S$40.27
   Low Stock Alerts: 113
   Out of Stock: 3645
──────────────────────────────────────────────────
🛒 [4:04:45 PM] TXN-1787907885636-167-406064
   Outlet 167 | Staff: Ahmad Faiz Bin Hassan | 5 items | S$84.37
   🚨 OUT OF STOCK: MNL_CHICKEN_RICE, BEV_ICED_TEA, BEV_KOPI_O, MNL_CHICKEN_RICE, BEV_ICED_TEA
🛒 [4:04:52 PM] TXN-1787907892634-167-468323
   Outlet 167 | Staff: Ng Jun Hao | 5 items | S$75.52
   🚨 OUT OF STOCK: MNL_LAKSA, MNL_RICE_BOWL, BEV_KOPI_O, BEV_MILO, BEV_LATTE
💰 [4:04:59 PM] TXN-1787907899915-201-841140
   Outlet 201 | Staff: None | 2 items | S$21.83
   🚨 OUT OF STOCK: LMT_MIE_GORENG, BEV_LATTE
🛒 [4:05:06 PM] TXN-1787907906523-171-154344
   Outlet 171 | Staff: Chua Kai Xin | 5 items | S$77.88
   🚨 OUT OF STOCK: MNL_CHICKEN_RICE, LMT_NASI_GORENG, BEV_KOPI_O, BEV_ORANGE_JUICE, BEV_KOPI_O
🛒 [4:05:13 PM] TXN-1787907913818-169-781672
   Outlet 169 | Staff: Lee Jia En | 4 items | S$53.69
   🚨 OUT OF STOCK: BEV_MILO, BEV_KOPI_O, BEV_LATTE, BEV_ORANGE_JUICE
💰 [4:05:20 PM] TXN-1787907920619-171-591226
   Outlet 171 | Staff: Nur Aisyah | 2 items | S$20.65
   🚨 OUT OF STOCK: BEV_KOPI_O, BEV_ICED_TEA
🛒 [4:05:26 PM] TXN-1787907926959-201-842748
   Outlet 201 | Staff: None | 5 items | S$75.52
   🚨 OUT OF STOCK: LMT_SATE, BEV_KOPI_O, BEV_ORANGE_JUICE, LMT_MIE_GORENG, BEV_LATTE
💰 [4:05:34 PM] TXN-1787907934812-165-853103
   Outlet 165 | Staff: Ahmad Faiz Bin Hassan | 2 items | S$34.22
   🚨 OUT OF STOCK: MNL_CHICKEN_RICE, BEV_ORANGE_JUICE
💰 [4:05:41 PM] TXN-1787907941072-168-431050
   Outlet 168 | Staff: Sanjay S/O Ramesh | 2 items | S$17.70
   🚨 OUT OF STOCK: BEV_ORANGE_JUICE, BEV_ORANGE_JUICE
💰 [4:05:48 PM] TXN-1787907948442-169-337029
   Outlet 169 | Staff: Sanjay S/O Ramesh | 2 items | S$24.19
   🚨 OUT OF STOCK: MNL_CHICKEN_RICE, BEV_KOPI_O

📊 STATS:
   Total Sales: 3680
   Total Revenue: S$148258.15
   Avg Ticket: S$40.29
   Low Stock Alerts: 113
   Out of Stock: 3655
──────────────────────────────────────────────────
🛒 [4:05:54 PM] TXN-1787907954725-171-712102
   Outlet 171 | Staff: Chua Kai Xin | 3 items | S$48.97
   🚨 OUT OF STOCK: MNL_KWAY_TEOW, BEV_LATTE, LMT_MIE_GORENG
💰 [4:06:01 PM] TXN-1787907961276-165-334388
   Outlet 165 | Staff: Tan Wei Ming | 2 items | S$35.40
   🚨 OUT OF STOCK: MNL_CHICKEN_RICE, LMT_ROTI_CANAI
🛒 [4:06:07 PM] TXN-1787907967530-165-675467
   Outlet 165 | Staff: Ahmad Faiz Bin Hassan | 3 items | S$44.84
   🚨 OUT OF STOCK: MNL_CHICKEN_RICE, BEV_LATTE, BEV_MILO
💰 [4:06:14 PM] TXN-1787907974189-168-693403
   Outlet 168 | Staff: Chua Kai Xin | 2 items | S$29.50
   🚨 OUT OF STOCK: MNL_RICE_BOWL, BEV_MILO
🛒 [4:06:20 PM] TXN-1787907980430-200-566613
   Outlet 200 | Staff: Priya D/O Mani | 4 items | S$49.56
   🚨 OUT OF STOCK: MNL_CHICKEN_RICE, BEV_ICED_TEA, BEV_LATTE, BEV_MILO
💰 [4:06:27 PM] TXN-1787907987232-202-887740
   Outlet 202 | Staff: None | 2 items | S$30.09
   🚨 OUT OF STOCK: BEV_LATTE, BEV_LATTE
💰 [4:06:33 PM] TXN-1787907993550-168-319071
   Outlet 168 | Staff: Li Ying Zhi | 2 items | S$27.73
   🚨 OUT OF STOCK: BEV_LATTE, BEV_ORANGE_JUICE
🛒 [4:06:39 PM] TXN-1787907999804-165-233269
   Outlet 165 | Staff: Lee Jia En | 5 items | S$80.24
   🚨 OUT OF STOCK: BEV_ORANGE_JUICE, BEV_MILO, MNL_LAKSA, MNL_RICE_BOWL, LMT_ROTI_CANAI
🛒 [4:06:47 PM] TXN-1787908007017-170-673936
   Outlet 170 | Staff: Ng Jun Hao | 4 items | S$64.90
   🚨 OUT OF STOCK: MNL_RICE_BOWL, MNL_BEEG_HOON, BEV_LATTE, BEV_ICED_TEA
🛒 [4:06:53 PM] TXN-1787908013922-202-102879
   Outlet 202 | Staff: None | 5 items | S$58.41
   🚨 OUT OF STOCK: MNL_KWAY_TEOW, BEV_ICED_TEA, BEV_ICED_TEA, BEV_ORANGE_JUICE, BEV_MILO

📊 STATS:
   Total Sales: 3690
   Total Revenue: S$148727.79
   Avg Ticket: S$40.31
   Low Stock Alerts: 113
   Out of Stock: 3665
──────────────────────────────────────────────────
💰 [4:07:00 PM] TXN-1787908020987-164-538628
   Outlet 164 | Staff: Rajesh Kumar | 1 items | S$15.34
   🚨 OUT OF STOCK: MNL_KWAY_TEOW
🛒 [4:07:07 PM] TXN-1787908027004-200-703266
   Outlet 200 | Staff: Kumar Sanjay | 3 items | S$39.53
   🚨 OUT OF STOCK: BEV_ORANGE_JUICE, BEV_ICED_TEA, BEV_ORANGE_JUICE
🛒 [4:07:13 PM] TXN-1787908033778-165-614004
   Outlet 165 | Staff: Tan Wei Ming | 3 items | S$40.12
   🚨 OUT OF STOCK: MNL_KWAY_TEOW, BEV_ICED_TEA, LMT_MIE_GORENG
🛒 [4:07:20 PM] TXN-1787908040266-167-132705
   Outlet 167 | Staff: Muhd Danish Bin Razak | 3 items | S$54.28
   🚨 OUT OF STOCK: BEV_MILO, BEV_LATTE, MNL_RICE_BOWL
💰 [4:07:27 PM] TXN-1787908047018-202-950544
   Outlet 202 | Staff: None | 2 items | S$28.32
   🚨 OUT OF STOCK: BEV_MILO, BEV_LATTE
💰 [4:07:33 PM] TXN-1787908053313-167-137066
   Outlet 167 | Staff: Nurul Huda Bte Ali | 2 items | S$31.86
   🚨 OUT OF STOCK: LMT_NASI_GORENG, BEV_ORANGE_JUICE
💰 [4:07:39 PM] TXN-1787908059690-164-139201
   Outlet 164 | Staff: Rajesh Kumar | 1 items | S$14.16
   🚨 OUT OF STOCK: LMT_NASI_GORENG
🛒 [4:07:45 PM] TXN-1787908065825-165-904057
   Outlet 165 | Staff: Tan Wei Ming | 4 items | S$75.52
   🚨 OUT OF STOCK: BEV_KOPI_O, BEV_ICED_TEA, MNL_KWAY_TEOW, MNL_KWAY_TEOW
🛒 [4:07:52 PM] TXN-1787908072659-202-111541
   Outlet 202 | Staff: None | 5 items | S$84.37
   🚨 OUT OF STOCK: BEV_ORANGE_JUICE, BEV_KOPI_O, LMT_NASI_GORENG, BEV_MILO, BEV_KOPI_O
💰 [4:07:59 PM] TXN-1787908079725-170-889620
   Outlet 170 | Staff: Tan Wei Ming | 2 items | S$35.40
   🚨 OUT OF STOCK: MNL_KWAY_TEOW, BEV_LATTE

📊 STATS:
   Total Sales: 3700
   Total Revenue: S$149146.69
   Avg Ticket: S$40.31
   Low Stock Alerts: 113
   Out of Stock: 3675
──────────────────────────────────────────────────
🛒 [4:08:05 PM] TXN-1787908085976-165-712827
   Outlet 165 | Staff: Lee Jia En | 5 items | S$67.85
   🚨 OUT OF STOCK: BEV_ICED_TEA, BEV_LATTE, BEV_MILO, BEV_LATTE, BEV_ICED_TEA
🛒 [4:08:13 PM] TXN-1787908093159-165-237700
   Outlet 165 | Staff: Ng Jun Hao | 3 items | S$37.17
   🚨 OUT OF STOCK: LMT_MIE_GORENG, BEV_KOPI_O, BEV_LATTE
🛒 [4:08:20 PM] TXN-1787908100034-202-755658
   Outlet 202 | Staff: None | 5 items | S$55.46
   🚨 OUT OF STOCK: BEV_MILO, BEV_KOPI_O, MNL_KWAY_TEOW, BEV_LATTE, BEV_ICED_TEA
💰 [4:08:27 PM] TXN-1787908107113-170-117478
   Outlet 170 | Staff: Ng Jun Hao | 1 items | S$18.88
   🚨 OUT OF STOCK: MNL_BEEG_HOON
💰 [4:08:33 PM] TXN-1787908113258-202-307671
   Outlet 202 | Staff: None | 1 items | S$11.80
   🚨 OUT OF STOCK: LMT_MIE_GORENG
🛒 [4:08:39 PM] TXN-1787908119264-201-400342
   Outlet 201 | Staff: None | 3 items | S$52.51
   🚨 OUT OF STOCK: BEV_ICED_TEA, LMT_SATE, LMT_NASI_GORENG
🛒 [4:08:45 PM] TXN-1787908125792-169-385005
   Outlet 169 | Staff: Lee Jia En | 4 items | S$54.28
   🚨 OUT OF STOCK: LMT_SATE, BEV_LATTE, BEV_ORANGE_JUICE, BEV_ORANGE_JUICE
🛒 [4:08:52 PM] TXN-1787908132789-165-500658
   Outlet 165 | Staff: Lee Jia En | 3 items | S$24.78
   🚨 OUT OF STOCK: BEV_LATTE, BEV_MILO, BEV_ICED_TEA
🛒 [4:08:59 PM] TXN-1787908139278-202-268412
   Outlet 202 | Staff: None | 5 items | S$45.43
   🚨 OUT OF STOCK: BEV_ORANGE_JUICE, BEV_ICED_TEA, BEV_LATTE, LMT_MIE_GORENG, BEV_MILO
💰 [4:09:06 PM] TXN-1787908146469-201-415943
   Outlet 201 | Staff: None | 1 items | S$16.52
   🚨 OUT OF STOCK: MNL_CHICKEN_RICE

📊 STATS:
   Total Sales: 3710
   Total Revenue: S$149531.37
   Avg Ticket: S$40.30
   Low Stock Alerts: 113
   Out of Stock: 3685
──────────────────────────────────────────────────
🛒 [4:09:12 PM] TXN-1787908152436-168-267968
   Outlet 168 | Staff: Nurul Huda Bte Ali | 3 items | S$49.56
   🚨 OUT OF STOCK: MNL_KWAY_TEOW, BEV_MILO, BEV_ORANGE_JUICE
🛒 [4:09:19 PM] TXN-1787908159037-201-937871
   Outlet 201 | Staff: None | 4 items | S$69.62
   🚨 OUT OF STOCK: MNL_CHICKEN_RICE, BEV_LATTE, BEV_MILO, BEV_MILO
🛒 [4:09:25 PM] TXN-1787908165811-168-247476
   Outlet 168 | Staff: Sanjay S/O Ramesh | 3 items | S$57.82
   🚨 OUT OF STOCK: LMT_MIE_GORENG, BEV_MILO, MNL_BEEG_HOON
💰 [4:09:32 PM] TXN-1787908172543-171-499793
   Outlet 171 | Staff: Sanjay S/O Ramesh | 1 items | S$7.67
   🚨 OUT OF STOCK: BEV_KOPI_O
💰 [4:09:38 PM] TXN-1787908178535-200-309421
   Outlet 200 | Staff: Syaza Aina | 1 items | S$8.26
   🚨 OUT OF STOCK: BEV_MILO
💰 [4:09:44 PM] TXN-1787908184590-169-838368
   Outlet 169 | Staff: Tan Wei Ming | 1 items | S$11.80
   🚨 OUT OF STOCK: LMT_MIE_GORENG
💰 [4:09:50 PM] TXN-1787908190606-201-799120
   Outlet 201 | Staff: None | 2 items | S$25.37
   🚨 OUT OF STOCK: MNL_BEEG_HOON, BEV_ICED_TEA
🛒 [4:09:56 PM] TXN-1787908196833-167-177110
   Outlet 167 | Staff: Ahmad Faiz Bin Hassan | 4 items | S$36.58
   🚨 OUT OF STOCK: MNL_RICE_BOWL, BEV_MILO, BEV_KOPI_O, BEV_KOPI_O
💰 [4:10:03 PM] TXN-1787908203600-171-415080
   Outlet 171 | Staff: Nur Aisyah | 1 items | S$4.72
   🚨 OUT OF STOCK: LMT_PRAWN_CRACKERS
🛒 [4:10:09 PM] TXN-1787908209577-200-494062
   Outlet 200 | Staff: Priya D/O Mani | 3 items | S$44.84
   🚨 OUT OF STOCK: MNL_RICE_BOWL, LMT_SATE, LMT_NASI_GORENG

📊 STATS:
   Total Sales: 3720
   Total Revenue: S$149847.61
   Avg Ticket: S$40.28
   Low Stock Alerts: 113
   Out of Stock: 3695
──────────────────────────────────────────────────
🛒 [4:10:16 PM] TXN-1787908216303-200-616426
   Outlet 200 | Staff: Syaza Aina | 4 items | S$46.02
   🚨 OUT OF STOCK: LMT_PRAWN_CRACKERS, LMT_PRAWN_CRACKERS, BEV_LATTE, BEV_MILO
🛒 [4:10:23 PM] TXN-1787908223310-201-118884
   Outlet 201 | Staff: None | 3 items | S$51.92
   🚨 OUT OF STOCK: BEV_MILO, MNL_RICE_BOWL, BEV_ORANGE_JUICE
💰 [4:10:30 PM] TXN-1787908230538-165-540406
   Outlet 165 | Staff: Ng Jun Hao | 1 items | S$8.26
   🚨 OUT OF STOCK: BEV_MILO
🛒 [4:10:36 PM] TXN-1787908236600-200-379213
   Outlet 200 | Staff: Kumar Sanjay | 4 items | S$34.22
   🚨 OUT OF STOCK: BEV_MILO, BEV_ICED_TEA, BEV_ICED_TEA, MNL_RICE_BOWL
💰 [4:10:43 PM] TXN-1787908243576-165-730695
   Outlet 165 | Staff: Lee Jia En | 1 items | S$18.88
   🚨 OUT OF STOCK: MNL_BEEG_HOON
🛒 [4:10:49 PM] TXN-1787908249619-200-514924
   Outlet 200 | Staff: Priya D/O Mani | 3 items | S$60.77
   🚨 OUT OF STOCK: BEV_ICED_TEA, LMT_SATE, MNL_LAKSA
💰 [4:10:56 PM] TXN-1787908256141-164-466622
   Outlet 164 | Staff: Chua Kai Xin | 2 items | S$20.06
   🚨 OUT OF STOCK: BEV_LATTE, BEV_LATTE
🛒 [4:11:02 PM] TXN-1787908262652-170-219093
   Outlet 170 | Staff: Muhd Danish Bin Razak | 3 items | S$30.09
   🚨 OUT OF STOCK: BEV_LATTE, BEV_MILO, LMT_MIE_GORENG
💰 [4:11:09 PM] TXN-1787908269635-164-814600
   Outlet 164 | Staff: Rajesh Kumar | 1 items | S$8.85
   🚨 OUT OF STOCK: BEV_ORANGE_JUICE
💰 [4:11:16 PM] TXN-1787908276058-164-605504
   Outlet 164 | Staff: Chua Kai Xin | 1 items | S$18.88
   🚨 OUT OF STOCK: MNL_BEEG_HOON

📊 STATS:
   Total Sales: 3730
   Total Revenue: S$150145.56
   Avg Ticket: S$40.25
   Low Stock Alerts: 113
   Out of Stock: 3705
──────────────────────────────────────────────────
💰 [4:11:22 PM] TXN-1787908282120-169-984016
   Outlet 169 | Staff: Tan Wei Ming | 2 items | S$32.45
   🚨 OUT OF STOCK: BEV_ICED_TEA, MNL_RICE_BOWL
🛒 [4:11:28 PM] TXN-1787908288683-165-195140
   Outlet 165 | Staff: Tan Wei Ming | 4 items | S$54.87
   🚨 OUT OF STOCK: BEV_ORANGE_JUICE, BEV_ICED_TEA, BEV_LATTE, BEV_ICED_TEA
🛒 [4:11:35 PM] TXN-1787908295654-171-183555
   Outlet 171 | Staff: Lee Jia En | 3 items | S$50.15
   🚨 OUT OF STOCK: MNL_RICE_BOWL, MNL_KWAY_TEOW, BEV_ICED_TEA
💰 [4:11:42 PM] TXN-1787908302207-171-228695
   Outlet 171 | Staff: Nurul Huda Bte Ali | 1 items | S$18.88
   🚨 OUT OF STOCK: MNL_BEEG_HOON
🛒 [4:11:48 PM] TXN-1787908308293-202-596136
   Outlet 202 | Staff: None | 4 items | S$55.46
   🚨 OUT OF STOCK: LMT_PRAWN_CRACKERS, BEV_MILO, BEV_MILO, BEV_ORANGE_JUICE
🛒 [4:11:55 PM] TXN-1787908315405-164-967833
   Outlet 164 | Staff: Tan Jia Min | 3 items | S$40.71
   🚨 OUT OF STOCK: MNL_KWAY_TEOW, BEV_ORANGE_JUICE, BEV_KOPI_O
💰 [4:12:01 PM] TXN-1787908321948-201-353173
   Outlet 201 | Staff: None | 1 items | S$18.88
   🚨 OUT OF STOCK: MNL_BEEG_HOON
🛒 [4:12:08 PM] TXN-1787908328014-200-770973
   Outlet 200 | Staff: Priya D/O Mani | 5 items | S$69.03
   🚨 OUT OF STOCK: LMT_SATE, BEV_MILO, BEV_ORANGE_JUICE, LMT_SATE, BEV_MILO
💰 [4:12:15 PM] TXN-1787908335341-170-268516
   Outlet 170 | Staff: Rajesh Kumar | 1 items | S$18.88
   🚨 OUT OF STOCK: MNL_BEEG_HOON
💰 [4:12:21 PM] TXN-1787908341520-201-577922
   Outlet 201 | Staff: None | 2 items | S$46.61
   🚨 OUT OF STOCK: MNL_LAKSA, LMT_NASI_GORENG

📊 STATS:
   Total Sales: 3740
   Total Revenue: S$150551.48
   Avg Ticket: S$40.25
   Low Stock Alerts: 113
   Out of Stock: 3715
──────────────────────────────────────────────────
🛒 [4:12:27 PM] TXN-1787908347790-170-381295
   Outlet 170 | Staff: Lim Pei Ling | 4 items | S$44.84
   🚨 OUT OF STOCK: BEV_LATTE, BEV_ORANGE_JUICE, BEV_MILO, BEV_ORANGE_JUICE
🛒 [4:12:34 PM] TXN-1787908354648-171-496837
   Outlet 171 | Staff: Nur Aisyah | 5 items | S$74.93
   🚨 OUT OF STOCK: MNL_KWAY_TEOW, BEV_ORANGE_JUICE, BEV_ICED_TEA, BEV_LATTE, BEV_KOPI_O
🛒 [4:12:41 PM] TXN-1787908361969-201-396571
   Outlet 201 | Staff: None | 4 items | S$61.36
   🚨 OUT OF STOCK: MNL_BEEG_HOON, BEV_MILO, LMT_SATE, BEV_MILO
🛒 [4:12:48 PM] TXN-1787908368762-167-859643
   Outlet 167 | Staff: Chong Wei Sheng | 4 items | S$65.49
   🚨 OUT OF STOCK: BEV_KOPI_O, BEV_MILO, MNL_KWAY_TEOW, MNL_BEEG_HOON
🛒 [4:12:55 PM] TXN-1787908375554-164-168960
   Outlet 164 | Staff: Nurul Huda Bte Ali | 4 items | S$48.97
   🚨 OUT OF STOCK: BEV_MILO, BEV_ICED_TEA, BEV_KOPI_O, BEV_LATTE
💰 [4:13:02 PM] TXN-1787908382521-201-902344
   Outlet 201 | Staff: None | 1 items | S$8.26
   🚨 OUT OF STOCK: BEV_MILO
🛒 [4:13:08 PM] TXN-1787908388555-168-696474
   Outlet 168 | Staff: Nurul Huda Bte Ali | 4 items | S$59.59
   🚨 OUT OF STOCK: BEV_KOPI_O, BEV_ICED_TEA, LMT_SATE, BEV_LATTE
💰 [4:13:15 PM] TXN-1787908395732-170-461033
   Outlet 170 | Staff: Tan Wei Ming | 1 items | S$9.44
   🚨 OUT OF STOCK: LMT_ROTI_CANAI
🛒 [4:13:21 PM] TXN-1787908401738-165-415511
   Outlet 165 | Staff: Muhd Danish Bin Razak | 4 items | S$51.33
   🚨 OUT OF STOCK: BEV_LATTE, BEV_MILO, BEV_MILO, BEV_MILO
🛒 [4:13:28 PM] TXN-1787908408739-165-977505
   Outlet 165 | Staff: Lee Jia En | 3 items | S$41.89
   🚨 OUT OF STOCK: MNL_KWAY_TEOW, BEV_ICED_TEA, BEV_LATTE

📊 STATS:
   Total Sales: 3750
   Total Revenue: S$151017.58
   Avg Ticket: S$40.27
   Low Stock Alerts: 113
   Out of Stock: 3725
──────────────────────────────────────────────────
🛒 [4:13:35 PM] TXN-1787908415324-201-693974
   Outlet 201 | Staff: None | 3 items | S$65.49
   🚨 OUT OF STOCK: BEV_ORANGE_JUICE, MNL_LAKSA, BEV_LATTE
💰 [4:13:41 PM] TXN-1787908421848-202-594428
   Outlet 202 | Staff: None | 1 items | S$8.26
   🚨 OUT OF STOCK: BEV_MILO
💰 [4:13:47 PM] TXN-1787908427921-170-905172
   Outlet 170 | Staff: Ng Jun Hao | 2 items | S$33.04
   🚨 OUT OF STOCK: LMT_NASI_GORENG, LMT_ROTI_CANAI
🛒 [4:13:54 PM] TXN-1787908434482-200-587780
   Outlet 200 | Staff: Priya D/O Mani | 5 items | S$83.78
   🚨 OUT OF STOCK: LMT_NASI_GORENG, BEV_ICED_TEA, MNL_KWAY_TEOW, BEV_KOPI_O, MNL_RICE_BOWL
🛒 [4:14:01 PM] TXN-1787908441742-200-216110
   Outlet 200 | Staff: Priya D/O Mani | 3 items | S$22.42
   🚨 OUT OF STOCK: BEV_KOPI_O, BEV_MILO, BEV_ICED_TEA
💰 [4:14:08 PM] TXN-1787908448231-202-977922
   Outlet 202 | Staff: None | 2 items | S$12.39
   🚨 OUT OF STOCK: LMT_PRAWN_CRACKERS, BEV_KOPI_O
💰 [4:14:14 PM] TXN-1787908454455-167-672242
   Outlet 167 | Staff: Rajesh Kumar | 1 items | S$18.29
   🚨 OUT OF STOCK: MNL_LAKSA
🛒 [4:14:20 PM] TXN-1787908460767-168-928583
   Outlet 168 | Staff: Sanjay S/O Ramesh | 4 items | S$53.69
   🚨 OUT OF STOCK: LMT_NASI_GORENG, BEV_KOPI_O, BEV_MILO, BEV_KOPI_O
💰 [4:14:27 PM] TXN-1787908467519-201-183136
   Outlet 201 | Staff: None | 2 items | S$28.32
   🚨 OUT OF STOCK: MNL_KWAY_TEOW, BEV_ICED_TEA
💰 [4:14:33 PM] TXN-1787908473788-168-448662
   Outlet 168 | Staff: Sanjay S/O Ramesh | 2 items | S$12.39
   🚨 OUT OF STOCK: LMT_PRAWN_CRACKERS, BEV_KOPI_O

📊 STATS:
   Total Sales: 3760
   Total Revenue: S$151355.65
   Avg Ticket: S$40.25
   Low Stock Alerts: 113
   Out of Stock: 3735
──────────────────────────────────────────────────
🛒 [4:14:40 PM] TXN-1787908480109-164-428063
   Outlet 164 | Staff: Tan Wei Ming | 4 items | S$41.89
   🚨 OUT OF STOCK: BEV_MILO, BEV_KOPI_O, BEV_ICED_TEA, BEV_ICED_TEA
💰 [4:14:46 PM] TXN-1787908486843-202-855593
   Outlet 202 | Staff: None | 2 items | S$22.42
   🚨 OUT OF STOCK: LMT_PRAWN_CRACKERS, LMT_SATE
🛒 [4:14:53 PM] TXN-1787908493058-201-590338
   Outlet 201 | Staff: None | 4 items | S$42.48
   🚨 OUT OF STOCK: LMT_NASI_GORENG, BEV_KOPI_O, BEV_KOPI_O, BEV_ICED_TEA
🛒 [4:14:59 PM] TXN-1787908499926-202-528632
   Outlet 202 | Staff: None | 5 items | S$60.18
   🚨 OUT OF STOCK: MNL_LAKSA, BEV_ICED_TEA, BEV_KOPI_O, BEV_LATTE, BEV_ORANGE_JUICE
🛒 [4:15:07 PM] TXN-1787908507331-164-795309
   Outlet 164 | Staff: Batch Staff 1 | 4 items | S$56.64
   🚨 OUT OF STOCK: MNL_LAKSA, LMT_NASI_GORENG, BEV_ORANGE_JUICE, BEV_ICED_TEA
💰 [4:15:14 PM] TXN-1787908514349-169-779150
   Outlet 169 | Staff: Ng Jun Hao | 2 items | S$19.47
   🚨 OUT OF STOCK: LMT_ROTI_CANAI, BEV_LATTE
🛒 [4:15:20 PM] TXN-1787908520703-165-665154
   Outlet 165 | Staff: Muhd Danish Bin Razak | 5 items | S$96.76
   🚨 OUT OF STOCK: MNL_BEEG_HOON, LMT_MIE_GORENG, MNL_RICE_BOWL, BEV_ICED_TEA, BEV_KOPI_O
🛒 [4:15:27 PM] TXN-1787908527817-168-683288
   Outlet 168 | Staff: Chua Kai Xin | 5 items | S$93.22
   🚨 OUT OF STOCK: LMT_SATE, BEV_ORANGE_JUICE, MNL_CHICKEN_RICE, BEV_MILO, BEV_MILO
💰 [4:15:34 PM] TXN-1787908534908-170-596059
   Outlet 170 | Staff: Ng Jun Hao | 2 items | S$26.55
   🚨 OUT OF STOCK: LMT_SATE, BEV_ORANGE_JUICE
💰 [4:15:41 PM] TXN-1787908541261-170-151566
   Outlet 170 | Staff: Tan Wei Ming | 1 items | S$18.29
   🚨 OUT OF STOCK: MNL_LAKSA

📊 STATS:
   Total Sales: 3770
   Total Revenue: S$151833.55
   Avg Ticket: S$40.27
   Low Stock Alerts: 113
   Out of Stock: 3745
──────────────────────────────────────────────────
💰 [4:15:47 PM] TXN-1787908547265-201-177947
   Outlet 201 | Staff: None | 2 items | S$37.17
   🚨 OUT OF STOCK: MNL_BEEG_HOON, MNL_LAKSA
💰 [4:15:53 PM] TXN-1787908553532-170-188615
   Outlet 170 | Staff: Muhd Danish Bin Razak | 1 items | S$6.49
   🚨 OUT OF STOCK: BEV_ICED_TEA
🛒 [4:15:59 PM] TXN-1787908559545-169-305035
   Outlet 169 | Staff: Tan Wei Ming | 4 items | S$35.40
   🚨 OUT OF STOCK: LMT_PRAWN_CRACKERS, BEV_ORANGE_JUICE, BEV_ICED_TEA, BEV_ORANGE_JUICE
🛒 [4:16:06 PM] TXN-1787908566452-202-456682
   Outlet 202 | Staff: None | 4 items | S$66.08
   🚨 OUT OF STOCK: MNL_RICE_BOWL, BEV_LATTE, BEV_MILO, BEV_MILO
💰 [4:16:13 PM] TXN-1787908573192-201-618648
   Outlet 201 | Staff: None | 1 items | S$14.16
   🚨 OUT OF STOCK: LMT_NASI_GORENG
🛒 [4:16:19 PM] TXN-1787908579126-165-145566
   Outlet 165 | Staff: Muhd Danish Bin Razak | 5 items | S$84.96
   🚨 OUT OF STOCK: LMT_ROTI_CANAI, BEV_ICED_TEA, BEV_LATTE, MNL_RICE_BOWL, BEV_MILO
💰 [4:16:26 PM] TXN-1787908586335-171-756685
   Outlet 171 | Staff: Lee Jia En | 2 items | S$54.28
   🚨 OUT OF STOCK: MNL_CHICKEN_RICE, MNL_BEEG_HOON
🛒 [4:16:32 PM] TXN-1787908592761-164-377815
   Outlet 164 | Staff: Nurul Huda Bte Ali | 5 items | S$66.67
   🚨 OUT OF STOCK: MNL_LAKSA, MNL_CHICKEN_RICE, BEV_KOPI_O, BEV_ICED_TEA, BEV_ORANGE_JUICE
🛒 [4:16:39 PM] TXN-1787908599851-167-835257
   Outlet 167 | Staff: Ahmad Faiz Bin Hassan | 3 items | S$35.40
   🚨 OUT OF STOCK: MNL_LAKSA, BEV_MILO, BEV_ORANGE_JUICE
💰 [4:16:46 PM] TXN-1787908606394-167-339676
   Outlet 167 | Staff: Sanjay S/O Ramesh | 2 items | S$30.68
   🚨 OUT OF STOCK: MNL_KWAY_TEOW, BEV_KOPI_O

📊 STATS:
   Total Sales: 3780
   Total Revenue: S$152264.84
   Avg Ticket: S$40.28
   Low Stock Alerts: 113
   Out of Stock: 3755
──────────────────────────────────────────────────
🛒 [4:16:52 PM] TXN-1787908612634-171-144299
   Outlet 171 | Staff: Lee Jia En | 3 items | S$33.63
   🚨 OUT OF STOCK: BEV_MILO, BEV_KOPI_O, BEV_ORANGE_JUICE
🛒 [4:16:59 PM] TXN-1787908619249-164-881301
   Outlet 164 | Staff: Nurul Huda Bte Ali | 3 items | S$41.89
   🚨 OUT OF STOCK: LMT_NASI_GORENG, BEV_KOPI_O, BEV_LATTE
🛒 [4:17:05 PM] TXN-1787908625997-200-343833
   Outlet 200 | Staff: Kumar Sanjay | 5 items | S$46.02
   🚨 OUT OF STOCK: BEV_ICED_TEA, BEV_ORANGE_JUICE, BEV_ICED_TEA, BEV_KOPI_O, BEV_ORANGE_JUICE
🛒 [4:17:13 PM] TXN-1787908633193-169-392872
   Outlet 169 | Staff: Sanjay S/O Ramesh | 5 items | S$58.41
   🚨 OUT OF STOCK: BEV_ICED_TEA, BEV_MILO, BEV_LATTE, BEV_MILO, BEV_KOPI_O
🛒 [4:17:20 PM] TXN-1787908640198-169-590252
   Outlet 169 | Staff: Tan Wei Ming | 4 items | S$56.05
   🚨 OUT OF STOCK: LMT_MIE_GORENG, BEV_MILO, BEV_KOPI_O, BEV_LATTE
🛒 [4:17:27 PM] TXN-1787908647123-164-813523
   Outlet 164 | Staff: Rajesh Kumar | 3 items | S$41.30
   🚨 OUT OF STOCK: MNL_RICE_BOWL, MNL_LAKSA, BEV_LATTE
🛒 [4:17:33 PM] TXN-1787908653751-169-584571
   Outlet 169 | Staff: Muhd Danish Bin Razak | 5 items | S$58.41
   🚨 OUT OF STOCK: LMT_SATE, BEV_KOPI_O, BEV_KOPI_O, BEV_MILO, LMT_ROTI_CANAI
🛒 [4:17:40 PM] TXN-1787908660757-168-284384
   Outlet 168 | Staff: Nurul Huda Bte Ali | 4 items | S$54.87
   🚨 OUT OF STOCK: BEV_ICED_TEA, BEV_LATTE, BEV_KOPI_O, BEV_ICED_TEA
💰 [4:17:47 PM] TXN-1787908667617-170-728979
   Outlet 170 | Staff: Lim Pei Ling | 1 items | S$15.34
   🚨 OUT OF STOCK: MNL_KWAY_TEOW
🛒 [4:17:53 PM] TXN-1787908673767-165-466707
   Outlet 165 | Staff: Ng Jun Hao | 3 items | S$61.36
   🚨 OUT OF STOCK: LMT_SATE, MNL_RICE_BOWL, BEV_ORANGE_JUICE

📊 STATS:
   Total Sales: 3790
   Total Revenue: S$152732.12
   Avg Ticket: S$40.30
   Low Stock Alerts: 113
   Out of Stock: 3765
──────────────────────────────────────────────────
🛒 [4:18:00 PM] TXN-1787908680244-202-122585
   Outlet 202 | Staff: None | 3 items | S$49.56
   🚨 OUT OF STOCK: BEV_ICED_TEA, BEV_ICED_TEA, MNL_LAKSA
🛒 [4:18:06 PM] TXN-1787908686921-169-862417
   Outlet 169 | Staff: Tan Wei Ming | 5 items | S$65.49
   🚨 OUT OF STOCK: LMT_PRAWN_CRACKERS, BEV_MILO, BEV_KOPI_O, BEV_LATTE, BEV_ORANGE_JUICE
💰 [4:18:14 PM] TXN-1787908694217-201-618999
   Outlet 201 | Staff: None | 2 items | S$33.04
   🚨 OUT OF STOCK: MNL_CHICKEN_RICE, BEV_MILO
🛒 [4:18:20 PM] TXN-1787908700515-168-698227
   Outlet 168 | Staff: Ng Jun Hao | 3 items | S$50.74
   🚨 OUT OF STOCK: LMT_NASI_GORENG, BEV_MILO, LMT_NASI_GORENG
🛒 [4:18:27 PM] TXN-1787908707466-200-868505
   Outlet 200 | Staff: Priya D/O Mani | 5 items | S$38.94
   🚨 OUT OF STOCK: LMT_ROTI_CANAI, BEV_ICED_TEA, BEV_ORANGE_JUICE, BEV_KOPI_O, BEV_ICED_TEA
🛒 [4:18:34 PM] TXN-1787908714527-167-786790
   Outlet 167 | Staff: Ahmad Faiz Bin Hassan | 5 items | S$58.41
   🚨 OUT OF STOCK: BEV_MILO, BEV_MILO, BEV_MILO, LMT_ROTI_CANAI, BEV_ICED_TEA
🛒 [4:18:41 PM] TXN-1787908721690-201-353847
   Outlet 201 | Staff: None | 4 items | S$82.60
   🚨 OUT OF STOCK: MNL_RICE_BOWL, MNL_KWAY_TEOW, MNL_RICE_BOWL, BEV_ICED_TEA
🛒 [4:18:48 PM] TXN-1787908728546-200-941730
   Outlet 200 | Staff: Syaza Aina | 5 items | S$63.72
   🚨 OUT OF STOCK: MNL_LAKSA, BEV_ORANGE_JUICE, BEV_LATTE, LMT_MIE_GORENG, LMT_PRAWN_CRACKERS
🛒 [4:18:55 PM] TXN-1787908735652-169-728947
   Outlet 169 | Staff: Koh Jia Yi | 4 items | S$42.48
   🚨 OUT OF STOCK: MNL_LAKSA, BEV_KOPI_O, BEV_ICED_TEA, BEV_LATTE
💰 [4:19:02 PM] TXN-1787908742405-168-763572
   Outlet 168 | Staff: Lee Jia En | 1 items | S$8.85
   🚨 OUT OF STOCK: BEV_ORANGE_JUICE

📊 STATS:
   Total Sales: 3800
   Total Revenue: S$153225.95
   Avg Ticket: S$40.32
   Low Stock Alerts: 113
   Out of Stock: 3775
──────────────────────────────────────────────────
💰 [4:19:08 PM] TXN-1787908748609-171-661369
   Outlet 171 | Staff: Lee Jia En | 2 items | S$27.14
   🚨 OUT OF STOCK: BEV_ORANGE_JUICE, MNL_LAKSA
💰 [4:19:14 PM] TXN-1787908754872-169-897367
   Outlet 169 | Staff: Tan Wei Ming | 1 items | S$18.29
   🚨 OUT OF STOCK: MNL_LAKSA
🛒 [4:19:20 PM] TXN-1787908760868-202-494652
   Outlet 202 | Staff: None | 5 items | S$43.66
   🚨 OUT OF STOCK: BEV_ORANGE_JUICE, BEV_ORANGE_JUICE, BEV_ICED_TEA, BEV_ICED_TEA, BEV_ICED_TEA
🛒 [4:19:27 PM] TXN-1787908767988-164-562510
   Outlet 164 | Staff: Nurul Huda Bte Ali | 5 items | S$52.51
   ⚠️ LOW STOCK: LMT_PRAWN_CRACKERS
   🚨 OUT OF STOCK: BEV_MILO, BEV_KOPI_O, BEV_MILO, BEV_KOPI_O
🛒 [4:19:35 PM] TXN-1787908775025-169-963132
   Outlet 169 | Staff: Sanjay S/O Ramesh | 5 items | S$63.72
   🚨 OUT OF STOCK: LMT_PRAWN_CRACKERS, BEV_LATTE, LMT_PRAWN_CRACKERS, LMT_NASI_GORENG, BEV_LATTE
🛒 [4:19:42 PM] TXN-1787908782397-165-673986
   Outlet 165 | Staff: Muhd Danish Bin Razak | 3 items | S$40.71
   🚨 OUT OF STOCK: BEV_LATTE, BEV_ICED_TEA, BEV_ORANGE_JUICE
💰 [4:19:48 PM] TXN-1787908788911-169-407623
   Outlet 169 | Staff: Tan Wei Ming | 1 items | S$6.49
   🚨 OUT OF STOCK: BEV_ICED_TEA
🛒 [4:19:54 PM] TXN-1787908794934-169-540778
   Outlet 169 | Staff: Lee Jia En | 4 items | S$48.97
   🚨 OUT OF STOCK: LMT_SATE, BEV_ICED_TEA, BEV_ICED_TEA, LMT_MIE_GORENG
💰 [4:20:01 PM] TXN-1787908801670-164-703282
   Outlet 164 | Staff: Chua Kai Xin | 2 items | S$27.73
   🚨 OUT OF STOCK: LMT_SATE, BEV_LATTE
🛒 [4:20:08 PM] TXN-1787908808034-201-202704
   Outlet 201 | Staff: None | 3 items | S$54.87
   🚨 OUT OF STOCK: MNL_CHICKEN_RICE, BEV_LATTE, LMT_NASI_GORENG

📊 STATS:
   Total Sales: 3810
   Total Revenue: S$153610.04
   Avg Ticket: S$40.32
   Low Stock Alerts: 114
   Out of Stock: 3785
──────────────────────────────────────────────────
💰 [4:20:14 PM] TXN-1787908814522-170-340138
   Outlet 170 | Staff: Lim Pei Ling | 1 items | S$6.49
   🚨 OUT OF STOCK: BEV_ICED_TEA
🛒 [4:20:20 PM] TXN-1787908820626-167-874267
   Outlet 167 | Staff: Nurul Huda Bte Ali | 4 items | S$48.38
   🚨 OUT OF STOCK: BEV_KOPI_O, BEV_KOPI_O, BEV_MILO, BEV_MILO
🛒 [4:20:27 PM] TXN-1787908827600-171-173849
   Outlet 171 | Staff: Muhd Danish Bin Razak | 5 items | S$69.03
   🚨 OUT OF STOCK: LMT_PRAWN_CRACKERS, MNL_CHICKEN_RICE, MNL_KWAY_TEOW, BEV_MILO, BEV_ORANGE_JUICE
💰 [4:20:34 PM] TXN-1787908834627-200-789154
   Outlet 200 | Staff: Kumar Sanjay | 1 items | S$4.72
   🚨 OUT OF STOCK: LMT_PRAWN_CRACKERS
💰 [4:20:40 PM] TXN-1787908840632-169-740176
   Outlet 169 | Staff: Ng Jun Hao | 1 items | S$17.70
   🚨 OUT OF STOCK: LMT_SATE
🛒 [4:20:46 PM] TXN-1787908846670-164-994889
   Outlet 164 | Staff: Tan Jia Min | 4 items | S$46.61
   🚨 OUT OF STOCK: MNL_RICE_BOWL, BEV_KOPI_O, BEV_ICED_TEA, BEV_ICED_TEA
🛒 [4:20:53 PM] TXN-1787908853669-164-210767
   Outlet 164 | Staff: Priya D/O Mani | 4 items | S$35.40
   🚨 OUT OF STOCK: LMT_NASI_GORENG, BEV_ICED_TEA, BEV_MILO, BEV_ICED_TEA
💰 [4:21:00 PM] TXN-1787908860515-201-159872
   Outlet 201 | Staff: None | 1 items | S$9.44
   🚨 OUT OF STOCK: LMT_ROTI_CANAI
🛒 [4:21:06 PM] TXN-1787908866490-170-156718
   Outlet 170 | Staff: Tan Wei Ming | 3 items | S$30.68
   🚨 OUT OF STOCK: BEV_KOPI_O, BEV_LATTE, BEV_ICED_TEA
🛒 [4:21:13 PM] TXN-1787908873875-168-420879
   Outlet 168 | Staff: Sanjay S/O Ramesh | 4 items | S$46.02
   🚨 OUT OF STOCK: MNL_BEEG_HOON, BEV_ORANGE_JUICE, LMT_ROTI_CANAI, BEV_ORANGE_JUICE

📊 STATS:
   Total Sales: 3820
   Total Revenue: S$153924.51
   Avg Ticket: S$40.29
   Low Stock Alerts: 114
   Out of Stock: 3795
──────────────────────────────────────────────────
🛒 [4:21:20 PM] TXN-1787908880794-164-953895
   Outlet 164 | Staff: Ng Jun Hao | 4 items | S$64.90
   🚨 OUT OF STOCK: MNL_KWAY_TEOW, MNL_CHICKEN_RICE, BEV_LATTE, BEV_ICED_TEA
💰 [4:21:28 PM] TXN-1787908888086-170-196174
   Outlet 170 | Staff: Tan Wei Ming | 2 items | S$17.70
   🚨 OUT OF STOCK: BEV_LATTE, BEV_KOPI_O
🛒 [4:21:34 PM] TXN-1787908894331-201-286991
   Outlet 201 | Staff: None | 5 items | S$54.87
   🚨 OUT OF STOCK: LMT_PRAWN_CRACKERS, BEV_LATTE, LMT_MIE_GORENG, BEV_MILO, BEV_LATTE
💰 [4:21:41 PM] TXN-1787908901601-200-284862
   Outlet 200 | Staff: Kumar Sanjay | 2 items | S$26.55
   🚨 OUT OF STOCK: LMT_SATE, BEV_ORANGE_JUICE
🛒 [4:21:47 PM] TXN-1787908907876-202-865913
   Outlet 202 | Staff: None | 4 items | S$61.36
   🚨 OUT OF STOCK: LMT_NASI_GORENG, BEV_KOPI_O, MNL_BEEG_HOON, BEV_ICED_TEA
🛒 [4:21:54 PM] TXN-1787908914751-202-632651
   Outlet 202 | Staff: None | 5 items | S$63.13
   🚨 OUT OF STOCK: LMT_SATE, BEV_LATTE, BEV_LATTE, BEV_ICED_TEA, BEV_ORANGE_JUICE
🛒 [4:22:01 PM] TXN-1787908921906-202-901628
   Outlet 202 | Staff: None | 4 items | S$48.97
   🚨 OUT OF STOCK: BEV_ICED_TEA, BEV_ICED_TEA, BEV_MILO, BEV_ICED_TEA
🛒 [4:22:09 PM] TXN-1787908929248-164-140651
   Outlet 164 | Staff: Tan Wei Ming | 3 items | S$35.99
   🚨 OUT OF STOCK: LMT_MIE_GORENG, BEV_ICED_TEA, BEV_ORANGE_JUICE
🛒 [4:22:15 PM] TXN-1787908935707-200-776741
   Outlet 200 | Staff: Kumar Sanjay | 5 items | S$48.97
   🚨 OUT OF STOCK: LMT_ROTI_CANAI, BEV_ORANGE_JUICE, BEV_ORANGE_JUICE, BEV_ICED_TEA, BEV_KOPI_O
🛒 [4:22:23 PM] TXN-1787908943557-202-715089
   Outlet 202 | Staff: None | 4 items | S$53.10
   🚨 OUT OF STOCK: BEV_ORANGE_JUICE, MNL_CHICKEN_RICE, BEV_LATTE, BEV_ORANGE_JUICE

📊 STATS:
   Total Sales: 3830
   Total Revenue: S$154400.05
   Avg Ticket: S$40.31
   Low Stock Alerts: 114
   Out of Stock: 3805
──────────────────────────────────────────────────
🛒 [4:22:30 PM] TXN-1787908950292-169-398264
   Outlet 169 | Staff: Koh Jia Yi | 4 items | S$38.94
   🚨 OUT OF STOCK: BEV_LATTE, BEV_LATTE, BEV_ORANGE_JUICE, BEV_LATTE
🛒 [4:22:37 PM] TXN-1787908957199-171-546746
   Outlet 171 | Staff: Tan Wei Ming | 3 items | S$48.38
   🚨 OUT OF STOCK: MNL_KWAY_TEOW, BEV_KOPI_O, BEV_ORANGE_JUICE
💰 [4:22:43 PM] TXN-1787908963778-200-956212
   Outlet 200 | Staff: Kumar Sanjay | 1 items | S$17.70
   🚨 OUT OF STOCK: LMT_SATE
🛒 [4:22:49 PM] TXN-1787908969961-200-441205
   Outlet 200 | Staff: Syaza Aina | 5 items | S$61.36
   🚨 OUT OF STOCK: LMT_ROTI_CANAI, MNL_BEEG_HOON, BEV_MILO, BEV_ORANGE_JUICE, BEV_KOPI_O
🛒 [4:22:57 PM] TXN-1787908977086-170-168603
   Outlet 170 | Staff: Lim Pei Ling | 3 items | S$39.53
   🚨 OUT OF STOCK: MNL_LAKSA, BEV_ICED_TEA, BEV_MILO
🛒 [4:23:04 PM] TXN-1787908984138-169-525460
   Outlet 169 | Staff: Koh Jia Yi | 4 items | S$64.90
   🚨 OUT OF STOCK: LMT_NASI_GORENG, BEV_ORANGE_JUICE, BEV_MILO, BEV_MILO
🛒 [4:23:10 PM] TXN-1787908990839-167-842395
   Outlet 167 | Staff: Ng Jun Hao | 5 items | S$76.70
   🚨 OUT OF STOCK: BEV_ORANGE_JUICE, BEV_KOPI_O, BEV_LATTE, BEV_ICED_TEA, MNL_RICE_BOWL
💰 [4:23:17 PM] TXN-1787908997906-201-706686
   Outlet 201 | Staff: None | 1 items | S$4.72
   🚨 OUT OF STOCK: LMT_PRAWN_CRACKERS
🛒 [4:23:23 PM] TXN-1787909003911-202-743190
   Outlet 202 | Staff: None | 4 items | S$54.87
   🚨 OUT OF STOCK: MNL_RICE_BOWL, BEV_KOPI_O, BEV_KOPI_O, MNL_BEEG_HOON
🛒 [4:23:30 PM] TXN-1787909010772-168-546748
   Outlet 168 | Staff: Chua Kai Xin | 5 items | S$93.81
   🚨 OUT OF STOCK: MNL_BEEG_HOON, BEV_KOPI_O, BEV_LATTE, MNL_CHICKEN_RICE, MNL_CHICKEN_RICE

📊 STATS:
   Total Sales: 3840
   Total Revenue: S$154900.96
   Avg Ticket: S$40.34
   Low Stock Alerts: 114
   Out of Stock: 3815
──────────────────────────────────────────────────
💰 [4:23:37 PM] TXN-1787909017813-202-184466
   Outlet 202 | Staff: None | 1 items | S$11.80
   🚨 OUT OF STOCK: LMT_MIE_GORENG
🛒 [4:23:43 PM] TXN-1787909023791-200-574926
   Outlet 200 | Staff: Syaza Aina | 4 items | S$48.97
   🚨 OUT OF STOCK: MNL_LAKSA, BEV_MILO, BEV_KOPI_O, BEV_ICED_TEA
🛒 [4:23:50 PM] TXN-1787909030736-201-668062
   Outlet 201 | Staff: None | 4 items | S$50.74
   🚨 OUT OF STOCK: LMT_PRAWN_CRACKERS, BEV_KOPI_O, BEV_MILO, LMT_NASI_GORENG
🛒 [4:23:57 PM] TXN-1787909037886-164-743227
   Outlet 164 | Staff: Ahmad Faiz Bin Hassan | 4 items | S$68.44
   🚨 OUT OF STOCK: MNL_CHICKEN_RICE, BEV_KOPI_O, LMT_SATE, BEV_ORANGE_JUICE
🛒 [4:24:05 PM] TXN-1787909045181-167-480942
   Outlet 167 | Staff: Tan Wei Ming | 5 items | S$63.13
   🚨 OUT OF STOCK: LMT_SATE, BEV_ORANGE_JUICE, BEV_LATTE, LMT_SATE, BEV_ORANGE_JUICE
🛒 [4:24:12 PM] TXN-1787909052346-200-195345
   Outlet 200 | Staff: Priya D/O Mani | 4 items | S$57.82
   🚨 OUT OF STOCK: LMT_MIE_GORENG, BEV_MILO, BEV_LATTE, LMT_ROTI_CANAI
🛒 [4:24:19 PM] TXN-1787909059156-164-345625
   Outlet 164 | Staff: Nurul Huda Bte Ali | 4 items | S$61.95
   🚨 OUT OF STOCK: LMT_NASI_GORENG, BEV_ORANGE_JUICE, BEV_LATTE, BEV_LATTE
🛒 [4:24:26 PM] TXN-1787909066050-171-205633
   Outlet 171 | Staff: Lee Jia En | 4 items | S$55.46
   🚨 OUT OF STOCK: LMT_ROTI_CANAI, BEV_MILO, BEV_MILO, BEV_ICED_TEA
💰 [4:24:32 PM] TXN-1787909072979-201-527839
   Outlet 201 | Staff: None | 1 items | S$10.03
   🚨 OUT OF STOCK: BEV_LATTE
🛒 [4:24:39 PM] TXN-1787909079030-170-757489
   Outlet 170 | Staff: Muhd Danish Bin Razak | 3 items | S$48.38
   🚨 OUT OF STOCK: LMT_NASI_GORENG, BEV_MILO, LMT_SATE

📊 STATS:
   Total Sales: 3850
   Total Revenue: S$155377.68
   Avg Ticket: S$40.36
   Low Stock Alerts: 114
   Out of Stock: 3825
──────────────────────────────────────────────────
💰 [4:24:45 PM] TXN-1787909085770-200-299357
   Outlet 200 | Staff: Syaza Aina | 1 items | S$9.44
   🚨 OUT OF STOCK: LMT_ROTI_CANAI
🛒 [4:24:51 PM] TXN-1787909091996-164-561425
   Outlet 164 | Staff: Nurul Huda Bte Ali | 4 items | S$44.84
   🚨 OUT OF STOCK: BEV_MILO, BEV_MILO, LMT_MIE_GORENG, BEV_MILO
🛒 [4:24:58 PM] TXN-1787909098791-202-150994
   Outlet 202 | Staff: None | 4 items | S$92.63
   🚨 OUT OF STOCK: LMT_MIE_GORENG, BEV_KOPI_O, LMT_SATE, MNL_BEEG_HOON
💰 [4:25:05 PM] TXN-1787909105644-168-356338
   Outlet 168 | Staff: Nurul Huda Bte Ali | 1 items | S$14.16
   🚨 OUT OF STOCK: LMT_NASI_GORENG
🛒 [4:25:11 PM] TXN-1787909111631-165-857446
   Outlet 165 | Staff: Muhd Danish Bin Razak | 4 items | S$68.44
   🚨 OUT OF STOCK: MNL_CHICKEN_RICE, BEV_MILO, BEV_MILO, LMT_SATE
💰 [4:25:18 PM] TXN-1787909118462-202-173929
   Outlet 202 | Staff: None | 1 items | S$8.26
   🚨 OUT OF STOCK: BEV_MILO
💰 [4:25:24 PM] TXN-1787909124451-202-476976
   Outlet 202 | Staff: None | 2 items | S$19.47
   🚨 OUT OF STOCK: BEV_KOPI_O, LMT_MIE_GORENG
🛒 [4:25:31 PM] TXN-1787909131087-200-450742
   Outlet 200 | Staff: Priya D/O Mani | 5 items | S$90.27
   🚨 OUT OF STOCK: BEV_LATTE, BEV_KOPI_O, BEV_MILO, LMT_SATE, BEV_ICED_TEA
🛒 [4:25:38 PM] TXN-1787909138620-165-624042
   Outlet 165 | Staff: Tan Wei Ming | 3 items | S$44.84
   🚨 OUT OF STOCK: MNL_KWAY_TEOW, BEV_MILO, BEV_ICED_TEA
🛒 [4:25:45 PM] TXN-1787909145161-164-769647
   Outlet 164 | Staff: Priya D/O Mani | 5 items | S$77.88
   🚨 OUT OF STOCK: LMT_NASI_GORENG, MNL_CHICKEN_RICE, MNL_KWAY_TEOW, BEV_KOPI_O, BEV_KOPI_O

📊 STATS:
   Total Sales: 3860
   Total Revenue: S$155847.91
   Avg Ticket: S$40.38
   Low Stock Alerts: 114
   Out of Stock: 3835
──────────────────────────────────────────────────
🛒 [4:25:52 PM] TXN-1787909152235-201-617578
   Outlet 201 | Staff: None | 3 items | S$24.19
   🚨 OUT OF STOCK: BEV_KOPI_O, BEV_KOPI_O, BEV_ORANGE_JUICE
💰 [4:25:59 PM] TXN-1787909159126-167-435829
   Outlet 167 | Staff: Ng Jun Hao | 1 items | S$8.26
   🚨 OUT OF STOCK: BEV_MILO
🛒 [4:26:05 PM] TXN-1787909165218-168-114188
   Outlet 168 | Staff: Chua Kai Xin | 4 items | S$57.23
   🚨 OUT OF STOCK: LMT_MIE_GORENG, BEV_ORANGE_JUICE, BEV_MILO, BEV_LATTE
🛒 [4:26:12 PM] TXN-1787909172014-171-575838
   Outlet 171 | Staff: Ng Jun Hao | 4 items | S$63.13
   🚨 OUT OF STOCK: LMT_NASI_GORENG, LMT_MIE_GORENG, BEV_MILO, BEV_ORANGE_JUICE
🛒 [4:26:18 PM] TXN-1787909178823-165-620106
   Outlet 165 | Staff: Tan Wei Ming | 5 items | S$41.30
   🚨 OUT OF STOCK: BEV_MILO, BEV_LATTE, BEV_ORANGE_JUICE, BEV_ICED_TEA, BEV_KOPI_O
🛒 [4:26:26 PM] TXN-1787909186133-168-386911
   Outlet 168 | Staff: Nurul Huda Bte Ali | 5 items | S$56.05
   🚨 OUT OF STOCK: BEV_ICED_TEA, BEV_ICED_TEA, BEV_KOPI_O, BEV_LATTE, BEV_ORANGE_JUICE
💰 [4:26:33 PM] TXN-1787909193597-165-440726
   Outlet 165 | Staff: Ng Jun Hao | 1 items | S$10.03
   🚨 OUT OF STOCK: BEV_LATTE
💰 [4:26:39 PM] TXN-1787909199844-171-173622
   Outlet 171 | Staff: Tan Wei Ming | 2 items | S$28.32
   🚨 OUT OF STOCK: LMT_NASI_GORENG, LMT_NASI_GORENG
💰 [4:26:46 PM] TXN-1787909206132-202-534860
   Outlet 202 | Staff: None | 2 items | S$24.19
   🚨 OUT OF STOCK: MNL_KWAY_TEOW, BEV_ORANGE_JUICE
💰 [4:26:55 PM] TXN-1787909215776-202-273997
   Outlet 202 | Staff: None | 1 items | S$14.16
   🚨 OUT OF STOCK: LMT_NASI_GORENG

📊 STATS:
   Total Sales: 3870
   Total Revenue: S$156174.77
   Avg Ticket: S$40.36
   Low Stock Alerts: 114
   Out of Stock: 3845
──────────────────────────────────────────────────
💰 [4:27:01 PM] TXN-1787909221759-202-376009
   Outlet 202 | Staff: None | 1 items | S$7.67
   🚨 OUT OF STOCK: BEV_KOPI_O
💰 [4:27:07 PM] TXN-1787909227809-165-429276
   Outlet 165 | Staff: Tan Wei Ming | 1 items | S$17.70
   🚨 OUT OF STOCK: LMT_SATE
🛒 [4:27:13 PM] TXN-1787909233987-169-188216
   Outlet 169 | Staff: Muhd Danish Bin Razak | 3 items | S$29.50
   🚨 OUT OF STOCK: BEV_ICED_TEA, BEV_ICED_TEA, BEV_MILO
🛒 [4:27:20 PM] TXN-1787909240478-202-630765
   Outlet 202 | Staff: None | 4 items | S$38.35
   🚨 OUT OF STOCK: LMT_MIE_GORENG, BEV_ORANGE_JUICE, BEV_ORANGE_JUICE, BEV_ORANGE_JUICE
💰 [4:27:27 PM] TXN-1787909247261-165-876621
   Outlet 165 | Staff: Ng Jun Hao | 1 items | S$15.34
   🚨 OUT OF STOCK: MNL_KWAY_TEOW
🛒 [4:27:33 PM] TXN-1787909253190-167-761277
   Outlet 167 | Staff: Ng Jun Hao | 3 items | S$30.09
   🚨 OUT OF STOCK: LMT_NASI_GORENG, LMT_PRAWN_CRACKERS, BEV_ICED_TEA
💰 [4:27:39 PM] TXN-1787909259768-202-382188
   Outlet 202 | Staff: None | 2 items | S$34.22
   🚨 OUT OF STOCK: MNL_KWAY_TEOW, MNL_BEEG_HOON
🛒 [4:27:46 PM] TXN-1787909266095-169-709428
   Outlet 169 | Staff: Ng Jun Hao | 4 items | S$55.46
   🚨 OUT OF STOCK: BEV_LATTE, LMT_SATE, LMT_ROTI_CANAI, BEV_ORANGE_JUICE
🛒 [4:27:53 PM] TXN-1787909273090-170-620848
   Outlet 170 | Staff: Tan Wei Ming | 3 items | S$30.68
   🚨 OUT OF STOCK: MNL_RICE_BOWL, BEV_ORANGE_JUICE, BEV_ORANGE_JUICE
🛒 [4:27:59 PM] TXN-1787909279590-169-568033
   Outlet 169 | Staff: Ng Jun Hao | 3 items | S$47.20
   🚨 OUT OF STOCK: MNL_RICE_BOWL, LMT_ROTI_CANAI, BEV_KOPI_O

📊 STATS:
   Total Sales: 3880
   Total Revenue: S$156480.98
   Avg Ticket: S$40.33
   Low Stock Alerts: 114
   Out of Stock: 3855
──────────────────────────────────────────────────
🛒 [4:28:06 PM] TXN-1787909286209-202-358036
   Outlet 202 | Staff: None | 4 items | S$40.12
   🚨 OUT OF STOCK: LMT_NASI_GORENG, BEV_ICED_TEA, BEV_ICED_TEA, BEV_ICED_TEA
🛒 [4:28:13 PM] TXN-1787909293073-202-523732
   Outlet 202 | Staff: None | 5 items | S$100.89
   🚨 OUT OF STOCK: LMT_SATE, MNL_LAKSA, BEV_MILO, BEV_LATTE, BEV_LATTE
💰 [4:28:20 PM] TXN-1787909300402-165-334893
   Outlet 165 | Staff: Tan Wei Ming | 2 items | S$22.42
   🚨 OUT OF STOCK: LMT_ROTI_CANAI, BEV_ICED_TEA
🛒 [4:28:26 PM] TXN-1787909306691-168-496757
   Outlet 168 | Staff: Tan Wei Ming | 5 items | S$53.10
   🚨 OUT OF STOCK: BEV_ORANGE_JUICE, BEV_KOPI_O, BEV_LATTE, BEV_LATTE, BEV_ORANGE_JUICE
💰 [4:28:34 PM] TXN-1787909314313-201-152683
   Outlet 201 | Staff: None | 2 items | S$14.75
   🚨 OUT OF STOCK: BEV_ICED_TEA, BEV_MILO
🛒 [4:28:40 PM] TXN-1787909320627-169-249790
   Outlet 169 | Staff: Tan Wei Ming | 3 items | S$46.02
   🚨 OUT OF STOCK: LMT_MIE_GORENG, BEV_MILO, BEV_ORANGE_JUICE
🛒 [4:28:47 PM] TXN-1787909327173-202-655447
   Outlet 202 | Staff: None | 4 items | S$43.07
   🚨 OUT OF STOCK: BEV_LATTE, BEV_ICED_TEA, BEV_ORANGE_JUICE, BEV_ORANGE_JUICE
🛒 [4:28:53 PM] TXN-1787909333960-171-867772
   Outlet 171 | Staff: Chua Kai Xin | 5 items | S$55.46
   🚨 OUT OF STOCK: BEV_KOPI_O, LMT_PRAWN_CRACKERS, BEV_ICED_TEA, BEV_MILO, BEV_KOPI_O
🛒 [4:29:01 PM] TXN-1787909341060-164-848672
   Outlet 164 | Staff: Tan Wei Ming | 5 items | S$51.92
   ⚠️ LOW STOCK: LMT_PRAWN_CRACKERS
   🚨 OUT OF STOCK: BEV_MILO, BEV_KOPI_O, BEV_MILO, MNL_KWAY_TEOW
🛒 [4:29:08 PM] TXN-1787909348231-171-914953
   Outlet 171 | Staff: Chua Kai Xin | 5 items | S$63.13
   🚨 OUT OF STOCK: BEV_ORANGE_JUICE, BEV_LATTE, BEV_LATTE, MNL_KWAY_TEOW, BEV_ORANGE_JUICE

📊 STATS:
   Total Sales: 3890
   Total Revenue: S$156971.86
   Avg Ticket: S$40.35
   Low Stock Alerts: 115
   Out of Stock: 3865
──────────────────────────────────────────────────
💰 [4:29:15 PM] TXN-1787909355224-170-707051
   Outlet 170 | Staff: Tan Wei Ming | 2 items | S$14.75
   🚨 OUT OF STOCK: LMT_PRAWN_CRACKERS, BEV_LATTE
🛒 [4:29:21 PM] TXN-1787909361388-200-373132
   Outlet 200 | Staff: Priya D/O Mani | 5 items | S$59.00
   🚨 OUT OF STOCK: MNL_RICE_BOWL, LMT_ROTI_CANAI, BEV_KOPI_O, BEV_ICED_TEA, BEV_MILO
🛒 [4:29:28 PM] TXN-1787909368399-200-166758
   Outlet 200 | Staff: Kumar Sanjay | 3 items | S$35.40
   🚨 OUT OF STOCK: BEV_ORANGE_JUICE, BEV_ORANGE_JUICE, BEV_ORANGE_JUICE
🛒 [4:29:35 PM] TXN-1787909375119-164-831672
   Outlet 164 | Staff: Batch Staff 1 | 4 items | S$43.07
   🚨 OUT OF STOCK: LMT_ROTI_CANAI, LMT_SATE, BEV_KOPI_O, BEV_MILO
💰 [4:29:41 PM] TXN-1787909381885-202-775168
   Outlet 202 | Staff: None | 1 items | S$18.88
   🚨 OUT OF STOCK: MNL_BEEG_HOON
💰 [4:29:47 PM] TXN-1787909387992-168-813732
   Outlet 168 | Staff: Nurul Huda Bte Ali | 1 items | S$8.85
   🚨 OUT OF STOCK: BEV_ORANGE_JUICE
💰 [4:29:53 PM] TXN-1787909393903-164-487034
   Outlet 164 | Staff: Tan Jia Min | 1 items | S$15.34
   🚨 OUT OF STOCK: MNL_KWAY_TEOW
💰 [4:29:59 PM] TXN-1787909399930-169-950487
   Outlet 169 | Staff: Koh Jia Yi | 1 items | S$16.52
   🚨 OUT OF STOCK: MNL_CHICKEN_RICE
🛒 [4:30:06 PM] TXN-1787909406228-168-273605
   Outlet 168 | Staff: Chua Kai Xin | 3 items | S$41.89
   🚨 OUT OF STOCK: MNL_KWAY_TEOW, BEV_LATTE, BEV_ICED_TEA
💰 [4:30:13 PM] TXN-1787909413077-170-396475
   Outlet 170 | Staff: Ng Jun Hao | 1 items | S$9.44
   🚨 OUT OF STOCK: LMT_ROTI_CANAI

📊 STATS:
   Total Sales: 3900
   Total Revenue: S$157235.00
   Avg Ticket: S$40.32
   Low Stock Alerts: 115
   Out of Stock: 3875
──────────────────────────────────────────────────
💰 [4:30:19 PM] TXN-1787909419065-167-462077
   Outlet 167 | Staff: Ng Jun Hao | 2 items | S$29.50
   🚨 OUT OF STOCK: MNL_RICE_BOWL, BEV_MILO
🛒 [4:30:25 PM] TXN-1787909425610-170-930029
   Outlet 170 | Staff: Rajesh Kumar | 5 items | S$54.28
   🚨 OUT OF STOCK: LMT_PRAWN_CRACKERS, BEV_LATTE, BEV_ORANGE_JUICE, BEV_ORANGE_JUICE, BEV_ICED_TEA
🛒 [4:30:32 PM] TXN-1787909432794-164-963680
   Outlet 164 | Staff: Tan Jia Min | 3 items | S$38.35
   🚨 OUT OF STOCK: LMT_MIE_GORENG, BEV_ORANGE_JUICE, BEV_ORANGE_JUICE
🛒 [4:30:39 PM] TXN-1787909439438-167-404803
   Outlet 167 | Staff: Sanjay S/O Ramesh | 3 items | S$31.86
   🚨 OUT OF STOCK: BEV_MILO, BEV_KOPI_O, BEV_MILO
🛒 [4:30:45 PM] TXN-1787909445964-167-931437
   Outlet 167 | Staff: Tan Wei Ming | 4 items | S$40.71
   🚨 OUT OF STOCK: LMT_SATE, BEV_MILO, BEV_ICED_TEA, BEV_MILO
🛒 [4:30:52 PM] TXN-1787909452791-164-548972
   Outlet 164 | Staff: Tan Wei Ming | 4 items | S$63.72
   🚨 OUT OF STOCK: LMT_SATE, MNL_CHICKEN_RICE, BEV_ICED_TEA, BEV_ICED_TEA
💰 [4:30:59 PM] TXN-1787909459547-170-527348
   Outlet 170 | Staff: Rajesh Kumar | 1 items | S$10.03
   🚨 OUT OF STOCK: BEV_LATTE
🛒 [4:31:05 PM] TXN-1787909465513-168-356232
   Outlet 168 | Staff: Sanjay S/O Ramesh | 3 items | S$31.86
   🚨 OUT OF STOCK: BEV_KOPI_O, BEV_ICED_TEA, BEV_ORANGE_JUICE
🛒 [4:31:12 PM] TXN-1787909472073-202-421838
   Outlet 202 | Staff: None | 5 items | S$83.78
   🚨 OUT OF STOCK: BEV_LATTE, MNL_KWAY_TEOW, LMT_ROTI_CANAI, MNL_CHICKEN_RICE, BEV_ICED_TEA
🛒 [4:31:19 PM] TXN-1787909479264-167-234608
   Outlet 167 | Staff: Nurul Huda Bte Ali | 5 items | S$79.06
   🚨 OUT OF STOCK: LMT_SATE, BEV_LATTE, BEV_KOPI_O, BEV_ICED_TEA, MNL_KWAY_TEOW

📊 STATS:
   Total Sales: 3910
   Total Revenue: S$157698.15
   Avg Ticket: S$40.33
   Low Stock Alerts: 115
   Out of Stock: 3885
──────────────────────────────────────────────────
🛒 [4:31:26 PM] TXN-1787909486369-170-158266
   Outlet 170 | Staff: Tan Wei Ming | 5 items | S$67.26
   🚨 OUT OF STOCK: MNL_KWAY_TEOW, BEV_ORANGE_JUICE, BEV_LATTE, BEV_LATTE, BEV_ICED_TEA
🛒 [4:31:33 PM] TXN-1787909493470-200-212121
   Outlet 200 | Staff: Syaza Aina | 3 items | S$41.89
   🚨 OUT OF STOCK: LMT_SATE, BEV_KOPI_O, BEV_ORANGE_JUICE
💰 [4:31:40 PM] TXN-1787909500074-170-771876
   Outlet 170 | Staff: Tan Wei Ming | 1 items | S$8.26
   🚨 OUT OF STOCK: BEV_MILO
💰 [4:31:46 PM] TXN-1787909506026-168-879201
   Outlet 168 | Staff: Ng Jun Hao | 1 items | S$17.70
   🚨 OUT OF STOCK: LMT_SATE
🛒 [4:31:52 PM] TXN-1787909512067-168-550474
   Outlet 168 | Staff: Priya D/O Mani | 3 items | S$34.22
   🚨 OUT OF STOCK: LMT_ROTI_CANAI, BEV_ICED_TEA, LMT_MIE_GORENG
💰 [4:31:58 PM] TXN-1787909518673-169-896413
   Outlet 169 | Staff: Ng Jun Hao | 1 items | S$12.98
   🚨 OUT OF STOCK: MNL_RICE_BOWL
💰 [4:32:04 PM] TXN-1787909524680-200-200717
   Outlet 200 | Staff: Kumar Sanjay | 1 items | S$18.29
   🚨 OUT OF STOCK: MNL_LAKSA
🛒 [4:32:10 PM] TXN-1787909530785-200-809701
   Outlet 200 | Staff: Syaza Aina | 3 items | S$23.01
   🚨 OUT OF STOCK: BEV_KOPI_O, BEV_KOPI_O, BEV_KOPI_O
💰 [4:32:17 PM] TXN-1787909537317-201-390540
   Outlet 201 | Staff: None | 1 items | S$8.26
   🚨 OUT OF STOCK: BEV_MILO
🛒 [4:32:23 PM] TXN-1787909543267-168-119133
   Outlet 168 | Staff: Ng Jun Hao | 4 items | S$64.31
   🚨 OUT OF STOCK: LMT_PRAWN_CRACKERS, BEV_KOPI_O, LMT_SATE, BEV_ORANGE_JUICE

📊 STATS:
   Total Sales: 3920
   Total Revenue: S$157994.33
   Avg Ticket: S$40.30
   Low Stock Alerts: 115
   Out of Stock: 3895
──────────────────────────────────────────────────
🛒 [4:32:29 PM] TXN-1787909549994-201-717519
   Outlet 201 | Staff: None | 3 items | S$21.24
   🚨 OUT OF STOCK: LMT_PRAWN_CRACKERS, BEV_ORANGE_JUICE, BEV_KOPI_O
💰 [4:32:36 PM] TXN-1787909556645-165-507000
   Outlet 165 | Staff: Tan Wei Ming | 1 items | S$11.80
   🚨 OUT OF STOCK: LMT_MIE_GORENG
🛒 [4:32:42 PM] TXN-1787909562631-202-943193
   Outlet 202 | Staff: None | 4 items | S$38.35
   🚨 OUT OF STOCK: BEV_MILO, BEV_ICED_TEA, BEV_KOPI_O, BEV_MILO
🛒 [4:32:49 PM] TXN-1787909569468-171-362334
   Outlet 171 | Staff: Sanjay S/O Ramesh | 4 items | S$60.77
   🚨 OUT OF STOCK: BEV_LATTE, BEV_ORANGE_JUICE, BEV_LATTE, MNL_RICE_BOWL
🛒 [4:32:56 PM] TXN-1787909576321-169-413211
   Outlet 169 | Staff: Tan Wei Ming | 3 items | S$31.86
   🚨 OUT OF STOCK: BEV_ICED_TEA, BEV_ORANGE_JUICE, BEV_MILO
🛒 [4:33:02 PM] TXN-1787909582851-164-110081
   Outlet 164 | Staff: Ong Wei Jian | 4 items | S$52.51
   🚨 OUT OF STOCK: MNL_CHICKEN_RICE, BEV_KOPI_O, BEV_ICED_TEA, BEV_KOPI_O
🛒 [4:33:09 PM] TXN-1787909589687-171-943353
   Outlet 171 | Staff: Nur Aisyah | 5 items | S$76.70
   🚨 OUT OF STOCK: MNL_RICE_BOWL, BEV_ICED_TEA, MNL_LAKSA, MNL_RICE_BOWL, BEV_KOPI_O
🛒 [4:33:16 PM] TXN-1787909596919-202-755151
   Outlet 202 | Staff: None | 5 items | S$63.72
   🚨 OUT OF STOCK: MNL_CHICKEN_RICE, BEV_KOPI_O, BEV_LATTE, BEV_ICED_TEA, BEV_KOPI_O
🛒 [4:33:24 PM] TXN-1787909604109-168-234586
   Outlet 168 | Staff: Chua Kai Xin | 3 items | S$44.25
   🚨 OUT OF STOCK: MNL_BEEG_HOON, BEV_MILO, BEV_ORANGE_JUICE
💰 [4:33:30 PM] TXN-1787909610551-171-256500
   Outlet 171 | Staff: Nurul Huda Bte Ali | 2 items | S$12.39
   🚨 OUT OF STOCK: LMT_PRAWN_CRACKERS, BEV_KOPI_O

📊 STATS:
   Total Sales: 3930
   Total Revenue: S$158407.92
   Avg Ticket: S$40.31
   Low Stock Alerts: 115
   Out of Stock: 3905
──────────────────────────────────────────────────
🛒 [4:33:36 PM] TXN-1787909616953-167-255858
   Outlet 167 | Staff: Sanjay S/O Ramesh | 4 items | S$44.25
   🚨 OUT OF STOCK: BEV_ORANGE_JUICE, BEV_ORANGE_JUICE, BEV_ICED_TEA, BEV_LATTE
💰 [4:33:44 PM] TXN-1787909624231-171-747508
   Outlet 171 | Staff: Priya D/O Mani | 2 items | S$24.78
   🚨 OUT OF STOCK: LMT_ROTI_CANAI, BEV_KOPI_O
🛒 [4:33:50 PM] TXN-1787909630479-164-961430
   Outlet 164 | Staff: Rajesh Kumar | 3 items | S$40.71
   🚨 OUT OF STOCK: MNL_RICE_BOWL, BEV_KOPI_O, BEV_LATTE
🛒 [4:33:57 PM] TXN-1787909637099-169-267906
   Outlet 169 | Staff: Ng Jun Hao | 4 items | S$50.15
   🚨 OUT OF STOCK: LMT_ROTI_CANAI, BEV_ICED_TEA, BEV_KOPI_O, BEV_LATTE
💰 [4:34:03 PM] TXN-1787909643897-171-641214
   Outlet 171 | Staff: Nurul Huda Bte Ali | 1 items | S$16.52
   🚨 OUT OF STOCK: MNL_CHICKEN_RICE
🛒 [4:34:09 PM] TXN-1787909649930-170-746861
   Outlet 170 | Staff: Tan Wei Ming | 5 items | S$53.10
   🚨 OUT OF STOCK: BEV_KOPI_O, BEV_ICED_TEA, BEV_MILO, BEV_ORANGE_JUICE, BEV_ICED_TEA
🛒 [4:34:17 PM] TXN-1787909657482-168-568267
   Outlet 168 | Staff: Chua Kai Xin | 4 items | S$50.74
   🚨 OUT OF STOCK: BEV_KOPI_O, BEV_LATTE, BEV_ICED_TEA, MNL_CHICKEN_RICE
🛒 [4:34:24 PM] TXN-1787909664243-164-629710
   Outlet 164 | Staff: Nurul Huda Bte Ali | 3 items | S$34.22
   🚨 OUT OF STOCK: BEV_LATTE, BEV_ORANGE_JUICE, BEV_ICED_TEA
💰 [4:34:30 PM] TXN-1787909670816-169-474518
   Outlet 169 | Staff: Ng Jun Hao | 2 items | S$25.37
   🚨 OUT OF STOCK: MNL_BEEG_HOON, BEV_ICED_TEA
💰 [4:34:37 PM] TXN-1787909677135-171-884994
   Outlet 171 | Staff: Sanjay S/O Ramesh | 2 items | S$13.57
   🚨 OUT OF STOCK: LMT_PRAWN_CRACKERS, BEV_ORANGE_JUICE

📊 STATS:
   Total Sales: 3940
   Total Revenue: S$158761.33
   Avg Ticket: S$40.29
   Low Stock Alerts: 115
   Out of Stock: 3915
──────────────────────────────────────────────────
🛒 [4:34:43 PM] TXN-1787909683445-170-653913
   Outlet 170 | Staff: Lim Pei Ling | 3 items | S$50.15
   🚨 OUT OF STOCK: BEV_LATTE, LMT_NASI_GORENG, MNL_RICE_BOWL
💰 [4:34:50 PM] TXN-1787909690156-170-112132
   Outlet 170 | Staff: Lee Jia En | 2 items | S$25.37
   🚨 OUT OF STOCK: LMT_SATE, BEV_KOPI_O
🛒 [4:35:00 PM] TXN-1787909700042-168-159981
   Outlet 168 | Staff: Sanjay S/O Ramesh | 4 items | S$53.10
   🚨 OUT OF STOCK: LMT_PRAWN_CRACKERS, BEV_LATTE, BEV_LATTE, MNL_LAKSA
🛒 [4:35:07 PM] TXN-1787909707080-164-102738
   Outlet 164 | Staff: Ng Jun Hao | 4 items | S$50.15
   ⚠️ LOW STOCK: LMT_PRAWN_CRACKERS
   🚨 OUT OF STOCK: MNL_RICE_BOWL, BEV_ICED_TEA, MNL_RICE_BOWL
🛒 [4:35:14 PM] TXN-1787909714128-165-668450
   Outlet 165 | Staff: Tan Wei Ming | 5 items | S$95.58
   🚨 OUT OF STOCK: MNL_LAKSA, BEV_LATTE, BEV_ORANGE_JUICE, LMT_NASI_GORENG, BEV_LATTE
💰 [4:35:21 PM] TXN-1787909721146-201-625904
   Outlet 201 | Staff: None | 2 items | S$19.47
   🚨 OUT OF STOCK: LMT_MIE_GORENG, BEV_KOPI_O
💰 [4:35:27 PM] TXN-1787909727365-170-829660
   Outlet 170 | Staff: Tan Wei Ming | 1 items | S$9.44
   🚨 OUT OF STOCK: LMT_ROTI_CANAI
🛒 [4:35:33 PM] TXN-1787909733335-168-936576
   Outlet 168 | Staff: Ng Jun Hao | 3 items | S$30.09
   🚨 OUT OF STOCK: BEV_ORANGE_JUICE, BEV_ICED_TEA, BEV_MILO
🛒 [4:35:39 PM] TXN-1787909739909-164-960594
   Outlet 164 | Staff: Tan Jia Min | 3 items | S$33.63
   🚨 OUT OF STOCK: MNL_LAKSA, BEV_ORANGE_JUICE, BEV_ICED_TEA
🛒 [4:35:46 PM] TXN-1787909746509-202-212305
   Outlet 202 | Staff: None | 5 items | S$63.13
   🚨 OUT OF STOCK: LMT_ROTI_CANAI, BEV_ICED_TEA, BEV_ICED_TEA, BEV_ORANGE_JUICE, MNL_CHICKEN_RICE

📊 STATS:
   Total Sales: 3950
   Total Revenue: S$159191.44
   Avg Ticket: S$40.30
   Low Stock Alerts: 116
   Out of Stock: 3925
──────────────────────────────────────────────────
💰 [4:35:53 PM] TXN-1787909753657-165-536476
   Outlet 165 | Staff: Lee Jia En | 1 items | S$17.70
   🚨 OUT OF STOCK: LMT_SATE
🛒 [4:35:59 PM] TXN-1787909759685-169-750057
   Outlet 169 | Staff: Muhd Danish Bin Razak | 4 items | S$53.69
   🚨 OUT OF STOCK: LMT_NASI_GORENG, MNL_CHICKEN_RICE, BEV_KOPI_O, BEV_KOPI_O
💰 [4:36:06 PM] TXN-1787909766526-165-259479
   Outlet 165 | Staff: Lee Jia En | 1 items | S$18.29
   🚨 OUT OF STOCK: MNL_LAKSA
🛒 [4:36:13 PM] TXN-1787909773103-167-173648
   Outlet 167 | Staff: Rajesh Kumar | 5 items | S$56.05
   🚨 OUT OF STOCK: MNL_BEEG_HOON, BEV_ORANGE_JUICE, BEV_ORANGE_JUICE, BEV_KOPI_O, LMT_MIE_GORENG
🛒 [4:36:20 PM] TXN-1787909780466-164-664361
   Outlet 164 | Staff: Rajesh Kumar | 5 items | S$56.64
   🚨 OUT OF STOCK: BEV_MILO, LMT_SATE, BEV_KOPI_O, BEV_ICED_TEA, BEV_ORANGE_JUICE
🛒 [4:36:27 PM] TXN-1787909787755-170-859593
   Outlet 170 | Staff: Muhd Danish Bin Razak | 3 items | S$32.45
   🚨 OUT OF STOCK: MNL_LAKSA, BEV_KOPI_O, BEV_ICED_TEA
🛒 [4:36:34 PM] TXN-1787909794335-164-736730
   Outlet 164 | Staff: Tan Jia Min | 3 items | S$55.46
   🚨 OUT OF STOCK: LMT_NASI_GORENG, LMT_MIE_GORENG, BEV_ORANGE_JUICE
💰 [4:36:40 PM] TXN-1787909800891-165-726684
   Outlet 165 | Staff: Ahmad Faiz Bin Hassan | 1 items | S$18.88
   🚨 OUT OF STOCK: MNL_BEEG_HOON
🛒 [4:36:46 PM] TXN-1787909806992-200-217850
   Outlet 200 | Staff: Kumar Sanjay | 5 items | S$57.82
   🚨 OUT OF STOCK: LMT_NASI_GORENG, BEV_ICED_TEA, BEV_MILO, BEV_MILO, LMT_NASI_GORENG
💰 [4:36:53 PM] TXN-1787909813989-170-943512
   Outlet 170 | Staff: Muhd Danish Bin Razak | 1 items | S$16.52
   🚨 OUT OF STOCK: MNL_CHICKEN_RICE

📊 STATS:
   Total Sales: 3960
   Total Revenue: S$159574.94
   Avg Ticket: S$40.30
   Low Stock Alerts: 116
   Out of Stock: 3935
──────────────────────────────────────────────────
💰 [4:36:59 PM] TXN-1787909819978-168-578963
   Outlet 168 | Staff: Priya D/O Mani | 2 items | S$24.19
   🚨 OUT OF STOCK: LMT_NASI_GORENG, BEV_LATTE
🛒 [4:37:06 PM] TXN-1787909826349-164-476423
   Outlet 164 | Staff: Batch Staff 1 | 3 items | S$48.38
   🚨 OUT OF STOCK: BEV_MILO, BEV_LATTE, BEV_LATTE
🛒 [4:37:13 PM] TXN-1787909833503-169-530529
   Outlet 169 | Staff: Tan Wei Ming | 5 items | S$78.47
   🚨 OUT OF STOCK: MNL_RICE_BOWL, BEV_MILO, BEV_MILO, MNL_RICE_BOWL, BEV_ICED_TEA
💰 [4:37:20 PM] TXN-1787909840543-170-394785
   Outlet 170 | Staff: Muhd Danish Bin Razak | 1 items | S$8.26
   🚨 OUT OF STOCK: BEV_MILO
💰 [4:37:26 PM] TXN-1787909846528-170-202642
   Outlet 170 | Staff: Tan Wei Ming | 2 items | S$38.35
   🚨 OUT OF STOCK: MNL_LAKSA, BEV_LATTE
💰 [4:37:32 PM] TXN-1787909852749-170-130485
   Outlet 170 | Staff: Tan Wei Ming | 1 items | S$8.85
   🚨 OUT OF STOCK: BEV_ORANGE_JUICE
🛒 [4:37:38 PM] TXN-1787909858802-164-994721
   Outlet 164 | Staff: Nurul Huda Bte Ali | 5 items | S$61.36
   🚨 OUT OF STOCK: MNL_LAKSA, BEV_ICED_TEA, BEV_ORANGE_JUICE, BEV_ICED_TEA, BEV_MILO
💰 [4:37:46 PM] TXN-1787909866012-168-151192
   Outlet 168 | Staff: Priya D/O Mani | 2 items | S$14.75
   🚨 OUT OF STOCK: LMT_PRAWN_CRACKERS, BEV_LATTE
💰 [4:37:52 PM] TXN-1787909872250-168-335138
   Outlet 168 | Staff: Ng Jun Hao | 2 items | S$21.83
   🚨 OUT OF STOCK: LMT_NASI_GORENG, BEV_KOPI_O
🛒 [4:37:58 PM] TXN-1787909878528-168-920174
   Outlet 168 | Staff: Lee Jia En | 4 items | S$56.05
   🚨 OUT OF STOCK: LMT_SATE, BEV_ICED_TEA, BEV_LATTE, BEV_KOPI_O

📊 STATS:
   Total Sales: 3970
   Total Revenue: S$159935.43
   Avg Ticket: S$40.29
   Low Stock Alerts: 116
   Out of Stock: 3945
──────────────────────────────────────────────────
💰 [4:38:05 PM] TXN-1787909885843-201-335185
   Outlet 201 | Staff: None | 2 items | S$37.17
   🚨 OUT OF STOCK: MNL_LAKSA, LMT_ROTI_CANAI
🛒 [4:38:12 PM] TXN-1787909892123-170-671227
   Outlet 170 | Staff: Tan Wei Ming | 4 items | S$66.67
   🚨 OUT OF STOCK: BEV_MILO, BEV_LATTE, LMT_NASI_GORENG, BEV_LATTE
🛒 [4:38:19 PM] TXN-1787909899256-167-714186
   Outlet 167 | Staff: Lee Jia En | 5 items | S$62.54
   🚨 OUT OF STOCK: BEV_MILO, BEV_LATTE, BEV_LATTE, LMT_NASI_GORENG, BEV_LATTE
🛒 [4:38:26 PM] TXN-1787909906479-164-361901
   Outlet 164 | Staff: Tan Wei Ming | 4 items | S$60.18
   🚨 OUT OF STOCK: MNL_BEEG_HOON, MNL_RICE_BOWL, BEV_ICED_TEA, BEV_KOPI_O
💰 [4:38:33 PM] TXN-1787909913188-165-248980
   Outlet 165 | Staff: Muhd Danish Bin Razak | 2 items | S$23.01
   🚨 OUT OF STOCK: BEV_LATTE, BEV_ICED_TEA
💰 [4:38:39 PM] TXN-1787909919509-165-305583
   Outlet 165 | Staff: Lee Jia En | 2 items | S$25.37
   🚨 OUT OF STOCK: BEV_LATTE, BEV_KOPI_O
🛒 [4:38:45 PM] TXN-1787909925852-171-613210
   Outlet 171 | Staff: Tan Mei Hua | 3 items | S$33.04
   🚨 OUT OF STOCK: BEV_ORANGE_JUICE, BEV_ICED_TEA, BEV_ORANGE_JUICE
🛒 [4:38:52 PM] TXN-1787909932344-170-883081
   Outlet 170 | Staff: Tan Wei Ming | 5 items | S$88.50
   🚨 OUT OF STOCK: LMT_ROTI_CANAI, MNL_BEEG_HOON, BEV_MILO, LMT_SATE, MNL_KWAY_TEOW
💰 [4:38:59 PM] TXN-1787909939546-167-210492
   Outlet 167 | Staff: Nurul Huda Bte Ali | 1 items | S$6.49
   🚨 OUT OF STOCK: BEV_ICED_TEA
💰 [4:39:05 PM] TXN-1787909945568-164-263768
   Outlet 164 | Staff: Tan Jia Min | 2 items | S$17.11
   🚨 OUT OF STOCK: BEV_MILO, BEV_ORANGE_JUICE

📊 STATS:
   Total Sales: 3980
   Total Revenue: S$160355.51
   Avg Ticket: S$40.29
   Low Stock Alerts: 116
   Out of Stock: 3955
──────────────────────────────────────────────────
🛒 [4:39:12 PM] TXN-1787909952065-171-157797
   Outlet 171 | Staff: Sanjay S/O Ramesh | 3 items | S$56.05
   🚨 OUT OF STOCK: MNL_RICE_BOWL, BEV_LATTE, MNL_CHICKEN_RICE
🛒 [4:39:19 PM] TXN-1787909959573-201-846652
   Outlet 201 | Staff: None | 5 items | S$86.73
   🚨 OUT OF STOCK: LMT_SATE, BEV_LATTE, MNL_BEEG_HOON, BEV_ICED_TEA, LMT_MIE_GORENG
🛒 [4:39:26 PM] TXN-1787909966760-164-605236
   Outlet 164 | Staff: Nurul Huda Bte Ali | 3 items | S$27.73
   ⚠️ LOW STOCK: LMT_PRAWN_CRACKERS
   🚨 OUT OF STOCK: BEV_KOPI_O, BEV_KOPI_O
🛒 [4:39:33 PM] TXN-1787909973270-202-937172
   Outlet 202 | Staff: None | 5 items | S$61.95
   🚨 OUT OF STOCK: BEV_KOPI_O, BEV_MILO, LMT_ROTI_CANAI, BEV_LATTE, BEV_ORANGE_JUICE
🛒 [4:39:40 PM] TXN-1787909980381-164-780174
   Outlet 164 | Staff: Rajesh Kumar | 4 items | S$29.50
   🚨 OUT OF STOCK: BEV_LATTE, BEV_ICED_TEA, BEV_ICED_TEA, BEV_ICED_TEA
💰 [4:39:47 PM] TXN-1787909987140-201-168403
   Outlet 201 | Staff: None | 1 items | S$16.52
   🚨 OUT OF STOCK: MNL_CHICKEN_RICE
🛒 [4:39:53 PM] TXN-1787909993314-200-129903
   Outlet 200 | Staff: Syaza Aina | 3 items | S$28.91
   🚨 OUT OF STOCK: BEV_MILO, BEV_KOPI_O, BEV_ICED_TEA
🛒 [4:39:59 PM] TXN-1787909999809-167-776441
   Outlet 167 | Staff: Ahmad Faiz Bin Hassan | 3 items | S$46.02
   🚨 OUT OF STOCK: MNL_CHICKEN_RICE, BEV_MILO, BEV_ICED_TEA
🛒 [4:40:06 PM] TXN-1787910006481-169-389646
   Outlet 169 | Staff: Sanjay S/O Ramesh | 4 items | S$46.02
   🚨 OUT OF STOCK: BEV_MILO, MNL_RICE_BOWL, BEV_MILO, BEV_MILO
💰 [4:40:13 PM] TXN-1787910013296-168-982149
   Outlet 168 | Staff: Ng Jun Hao | 1 items | S$17.70
   🚨 OUT OF STOCK: LMT_SATE

📊 STATS:
   Total Sales: 3990
   Total Revenue: S$160772.64
   Avg Ticket: S$40.29
   Low Stock Alerts: 117
   Out of Stock: 3965
──────────────────────────────────────────────────
🛒 [4:40:19 PM] TXN-1787910019293-202-139209
   Outlet 202 | Staff: None | 5 items | S$54.87
   🚨 OUT OF STOCK: MNL_LAKSA, BEV_ORANGE_JUICE, BEV_ORANGE_JUICE, BEV_ORANGE_JUICE, BEV_LATTE
🛒 [4:40:26 PM] TXN-1787910026689-171-891910
   Outlet 171 | Staff: Tan Wei Ming | 5 items | S$76.11
   🚨 OUT OF STOCK: LMT_NASI_GORENG, BEV_ORANGE_JUICE, BEV_ORANGE_JUICE, MNL_LAKSA, BEV_MILO
💰 [4:40:33 PM] TXN-1787910033783-165-691074
   Outlet 165 | Staff: Ng Jun Hao | 1 items | S$18.29
   🚨 OUT OF STOCK: MNL_LAKSA
🛒 [4:40:39 PM] TXN-1787910039827-201-566584
   Outlet 201 | Staff: None | 4 items | S$53.69
   🚨 OUT OF STOCK: MNL_BEEG_HOON, BEV_ICED_TEA, BEV_ICED_TEA, BEV_KOPI_O
💰 [4:40:46 PM] TXN-1787910046623-168-687547
   Outlet 168 | Staff: Priya D/O Mani | 2 items | S$17.70
   🚨 OUT OF STOCK: BEV_LATTE, BEV_KOPI_O
🛒 [4:40:52 PM] TXN-1787910052898-202-336345
   Outlet 202 | Staff: None | 3 items | S$39.53
   🚨 OUT OF STOCK: BEV_ICED_TEA, BEV_LATTE, BEV_ICED_TEA
🛒 [4:40:59 PM] TXN-1787910059638-202-213914
   Outlet 202 | Staff: None | 3 items | S$43.66
   🚨 OUT OF STOCK: BEV_ORANGE_JUICE, BEV_ICED_TEA, LMT_NASI_GORENG
💰 [4:41:06 PM] TXN-1787910066067-168-157476
   Outlet 168 | Staff: Tan Wei Ming | 1 items | S$8.85
   🚨 OUT OF STOCK: BEV_ORANGE_JUICE
💰 [4:41:12 PM] TXN-1787910072186-170-266926
   Outlet 170 | Staff: Tan Wei Ming | 1 items | S$4.72
   🚨 OUT OF STOCK: LMT_PRAWN_CRACKERS
💰 [4:41:18 PM] TXN-1787910078238-170-750448
   Outlet 170 | Staff: Muhd Danish Bin Razak | 2 items | S$29.50
   🚨 OUT OF STOCK: LMT_MIE_GORENG, BEV_ORANGE_JUICE

📊 STATS:
   Total Sales: 4000
   Total Revenue: S$161119.56
   Avg Ticket: S$40.28
   Low Stock Alerts: 117
   Out of Stock: 3975
──────────────────────────────────────────────────
💰 [4:41:24 PM] TXN-1787910084578-165-896427
   Outlet 165 | Staff: Lee Jia En | 2 items | S$21.83
   🚨 OUT OF STOCK: MNL_RICE_BOWL, BEV_ORANGE_JUICE
🛒 [4:41:30 PM] TXN-1787910090903-201-455950
   Outlet 201 | Staff: None | 4 items | S$45.43
   🚨 OUT OF STOCK: BEV_ICED_TEA, LMT_MIE_GORENG, LMT_ROTI_CANAI, BEV_MILO
🛒 [4:41:37 PM] TXN-1787910097700-167-194125
   Outlet 167 | Staff: Rajesh Kumar | 4 items | S$33.63
   🚨 OUT OF STOCK: BEV_ICED_TEA, BEV_ICED_TEA, BEV_ICED_TEA, BEV_KOPI_O
💰 [4:41:44 PM] TXN-1787910104470-167-354240
   Outlet 167 | Staff: Ng Jun Hao | 2 items | S$27.14
   🚨 OUT OF STOCK: MNL_BEEG_HOON, BEV_MILO
🛒 [4:41:50 PM] TXN-1787910110782-165-102826
   Outlet 165 | Staff: Ahmad Faiz Bin Hassan | 5 items | S$69.62
   🚨 OUT OF STOCK: LMT_SATE, BEV_LATTE, MNL_LAKSA, BEV_MILO, BEV_KOPI_O
🛒 [4:41:57 PM] TXN-1787910117806-202-506414
   Outlet 202 | Staff: None | 4 items | S$49.56
   🚨 OUT OF STOCK: MNL_KWAY_TEOW, BEV_KOPI_O, BEV_ORANGE_JUICE, BEV_ORANGE_JUICE
🛒 [4:42:04 PM] TXN-1787910124516-201-751389
   Outlet 201 | Staff: None | 5 items | S$57.23
   🚨 OUT OF STOCK: BEV_ICED_TEA, BEV_ORANGE_JUICE, BEV_MILO, MNL_CHICKEN_RICE, BEV_ORANGE_JUICE
🛒 [4:42:11 PM] TXN-1787910131759-201-451640
   Outlet 201 | Staff: None | 5 items | S$55.46
   🚨 OUT OF STOCK: LMT_PRAWN_CRACKERS, BEV_LATTE, BEV_KOPI_O, BEV_KOPI_O, BEV_KOPI_O
💰 [4:42:18 PM] TXN-1787910138854-164-785626
   Outlet 164 | Staff: Ahmad Faiz Bin Hassan | 1 items | S$10.03
   🚨 OUT OF STOCK: BEV_LATTE
🛒 [4:42:24 PM] TXN-1787910144856-167-175953
   Outlet 167 | Staff: Ng Jun Hao | 3 items | S$51.92
   🚨 OUT OF STOCK: BEV_MILO, BEV_ICED_TEA, MNL_KWAY_TEOW

📊 STATS:
   Total Sales: 4010
   Total Revenue: S$161541.41
   Avg Ticket: S$40.28
   Low Stock Alerts: 117
   Out of Stock: 3985
──────────────────────────────────────────────────
🛒 [4:42:31 PM] TXN-1787910151571-200-940267
   Outlet 200 | Staff: Kumar Sanjay | 5 items | S$89.09
   🚨 OUT OF STOCK: MNL_RICE_BOWL, MNL_CHICKEN_RICE, LMT_ROTI_CANAI, BEV_MILO, BEV_KOPI_O
🛒 [4:42:38 PM] TXN-1787910158613-169-183962
   Outlet 169 | Staff: Tan Wei Ming | 4 items | S$35.99
   🚨 OUT OF STOCK: MNL_KWAY_TEOW, BEV_KOPI_O, BEV_ICED_TEA, BEV_ICED_TEA
🛒 [4:42:45 PM] TXN-1787910165547-200-400127
   Outlet 200 | Staff: Kumar Sanjay | 4 items | S$57.23
   🚨 OUT OF STOCK: MNL_CHICKEN_RICE, BEV_KOPI_O, BEV_KOPI_O, BEV_ORANGE_JUICE
💰 [4:42:52 PM] TXN-1787910172319-171-224492
   Outlet 171 | Staff: Lee Jia En | 1 items | S$15.34
   🚨 OUT OF STOCK: MNL_KWAY_TEOW
🛒 [4:42:58 PM] TXN-1787910178264-168-729887
   Outlet 168 | Staff: Nurul Huda Bte Ali | 4 items | S$61.95
   🚨 OUT OF STOCK: LMT_PRAWN_CRACKERS, BEV_MILO, BEV_KOPI_O, MNL_CHICKEN_RICE
🛒 [4:43:05 PM] TXN-1787910185025-171-418723
   Outlet 171 | Staff: Tan Mei Hua | 4 items | S$48.97
   🚨 OUT OF STOCK: LMT_NASI_GORENG, BEV_LATTE, BEV_MILO, BEV_ICED_TEA
💰 [4:43:11 PM] TXN-1787910191903-201-396271
   Outlet 201 | Staff: None | 1 items | S$8.85
   🚨 OUT OF STOCK: BEV_ORANGE_JUICE
💰 [4:43:17 PM] TXN-1787910197906-170-905772
   Outlet 170 | Staff: Tan Wei Ming | 1 items | S$14.16
   🚨 OUT OF STOCK: LMT_NASI_GORENG
💰 [4:43:23 PM] TXN-1787910203877-200-345844
   Outlet 200 | Staff: Priya D/O Mani | 1 items | S$17.70
   🚨 OUT OF STOCK: LMT_SATE
🛒 [4:43:30 PM] TXN-1787910210037-202-836947
   Outlet 202 | Staff: None | 3 items | S$34.22
   🚨 OUT OF STOCK: LMT_PRAWN_CRACKERS, BEV_MILO, BEV_ICED_TEA

📊 STATS:
   Total Sales: 4020
   Total Revenue: S$161924.91
   Avg Ticket: S$40.28
   Low Stock Alerts: 117
   Out of Stock: 3995
──────────────────────────────────────────────────
💰 [4:43:36 PM] TXN-1787910216649-201-248894
   Outlet 201 | Staff: None | 2 items | S$29.50
   🚨 OUT OF STOCK: LMT_MIE_GORENG, BEV_ORANGE_JUICE
🛒 [4:43:42 PM] TXN-1787910222888-169-853127
   Outlet 169 | Staff: Ng Jun Hao | 4 items | S$40.71
   🚨 OUT OF STOCK: MNL_KWAY_TEOW, BEV_ORANGE_JUICE, BEV_LATTE, BEV_ICED_TEA
🛒 [4:43:49 PM] TXN-1787910229718-170-676666
   Outlet 170 | Staff: Tan Wei Ming | 3 items | S$34.81
   🚨 OUT OF STOCK: BEV_MILO, BEV_LATTE, BEV_MILO
💰 [4:43:56 PM] TXN-1787910236249-168-822277
   Outlet 168 | Staff: Priya D/O Mani | 1 items | S$14.16
   🚨 OUT OF STOCK: LMT_NASI_GORENG
🛒 [4:44:02 PM] TXN-1787910242230-168-638350
   Outlet 168 | Staff: Li Ying Zhi | 4 items | S$50.15
   🚨 OUT OF STOCK: LMT_SATE, BEV_KOPI_O, BEV_KOPI_O, LMT_PRAWN_CRACKERS
💰 [4:44:09 PM] TXN-1787910249017-169-321089
   Outlet 169 | Staff: Muhd Danish Bin Razak | 1 items | S$12.98
   🚨 OUT OF STOCK: MNL_RICE_BOWL
🛒 [4:44:15 PM] TXN-1787910255066-169-778109
   Outlet 169 | Staff: Tan Wei Ming | 5 items | S$83.19
   🚨 OUT OF STOCK: BEV_LATTE, BEV_ORANGE_JUICE, MNL_CHICKEN_RICE, MNL_RICE_BOWL, MNL_RICE_BOWL
🛒 [4:44:22 PM] TXN-1787910262061-170-741588
   Outlet 170 | Staff: Muhd Danish Bin Razak | 3 items | S$41.89
   🚨 OUT OF STOCK: BEV_ORANGE_JUICE, BEV_ORANGE_JUICE, BEV_KOPI_O
🛒 [4:44:28 PM] TXN-1787910268707-167-299553
   Outlet 167 | Staff: Lee Jia En | 5 items | S$124.49
   🚨 OUT OF STOCK: MNL_LAKSA, MNL_LAKSA, BEV_LATTE, BEV_MILO, MNL_CHICKEN_RICE
💰 [4:44:35 PM] TXN-1787910275908-170-515133
   Outlet 170 | Staff: Tan Wei Ming | 2 items | S$16.52
   🚨 OUT OF STOCK: BEV_MILO, BEV_MILO

📊 STATS:
   Total Sales: 4030
   Total Revenue: S$162373.31
   Avg Ticket: S$40.29
   Low Stock Alerts: 117
   Out of Stock: 4005
──────────────────────────────────────────────────
🛒 [4:44:42 PM] TXN-1787910282089-170-716363
   Outlet 170 | Staff: Tan Wei Ming | 4 items | S$60.77
   🚨 OUT OF STOCK: MNL_KWAY_TEOW, MNL_BEEG_HOON, BEV_MILO, BEV_LATTE
🛒 [4:44:48 PM] TXN-1787910288886-168-813362
   Outlet 168 | Staff: Lee Jia En | 5 items | S$77.29
   🚨 OUT OF STOCK: BEV_KOPI_O, LMT_MIE_GORENG, LMT_ROTI_CANAI, MNL_RICE_BOWL, MNL_RICE_BOWL
🛒 [4:44:55 PM] TXN-1787910295919-170-630221
   Outlet 170 | Staff: Tan Wei Ming | 4 items | S$51.92
   🚨 OUT OF STOCK: MNL_LAKSA, LMT_PRAWN_CRACKERS, BEV_ORANGE_JUICE, BEV_LATTE
🛒 [4:45:03 PM] TXN-1787910303058-202-750403
   Outlet 202 | Staff: None | 3 items | S$42.48
   🚨 OUT OF STOCK: BEV_MILO, BEV_MILO, BEV_ORANGE_JUICE
🛒 [4:45:10 PM] TXN-1787910310234-168-358970
   Outlet 168 | Staff: Priya D/O Mani | 5 items | S$81.42
   🚨 OUT OF STOCK: MNL_CHICKEN_RICE, LMT_MIE_GORENG, BEV_MILO, MNL_RICE_BOWL, LMT_ROTI_CANAI
🛒 [4:45:17 PM] TXN-1787910317525-165-541440
   Outlet 165 | Staff: Tan Wei Ming | 3 items | S$41.30
   🚨 OUT OF STOCK: LMT_MIE_GORENG, BEV_MILO, BEV_ICED_TEA
💰 [4:45:24 PM] TXN-1787910324351-168-100838
   Outlet 168 | Staff: Ng Jun Hao | 2 items | S$24.78
   🚨 OUT OF STOCK: LMT_PRAWN_CRACKERS, BEV_LATTE
💰 [4:45:30 PM] TXN-1787910330920-200-766594
   Outlet 200 | Staff: Kumar Sanjay | 1 items | S$18.88
   🚨 OUT OF STOCK: MNL_BEEG_HOON
🛒 [4:45:36 PM] TXN-1787910336891-168-484691
   Outlet 168 | Staff: Nurul Huda Bte Ali | 4 items | S$71.98
   🚨 OUT OF STOCK: MNL_RICE_BOWL, LMT_NASI_GORENG, BEV_KOPI_O, MNL_KWAY_TEOW
🛒 [4:45:43 PM] TXN-1787910343688-200-148240
   Outlet 200 | Staff: Kumar Sanjay | 4 items | S$48.97
   🚨 OUT OF STOCK: MNL_RICE_BOWL, LMT_NASI_GORENG, BEV_ICED_TEA, BEV_ORANGE_JUICE

📊 STATS:
   Total Sales: 4040
   Total Revenue: S$162893.10
   Avg Ticket: S$40.32
   Low Stock Alerts: 117
   Out of Stock: 4015
──────────────────────────────────────────────────
🛒 [4:45:50 PM] TXN-1787910350486-170-190128
   Outlet 170 | Staff: Lim Pei Ling | 5 items | S$76.70
   🚨 OUT OF STOCK: LMT_SATE, BEV_MILO, LMT_NASI_GORENG, MNL_CHICKEN_RICE, BEV_LATTE
💰 [4:45:57 PM] TXN-1787910357548-202-255990
   Outlet 202 | Staff: None | 1 items | S$9.44
   🚨 OUT OF STOCK: LMT_ROTI_CANAI
💰 [4:46:03 PM] TXN-1787910363568-168-864255
   Outlet 168 | Staff: Chua Kai Xin | 1 items | S$18.29
   🚨 OUT OF STOCK: MNL_LAKSA
🛒 [4:46:09 PM] TXN-1787910369534-169-503749
   Outlet 169 | Staff: Tan Wei Ming | 3 items | S$30.09
   🚨 OUT OF STOCK: BEV_ICED_TEA, BEV_KOPI_O, BEV_MILO
🛒 [4:46:16 PM] TXN-1787910376426-167-686974
   Outlet 167 | Staff: Ahmad Faiz Bin Hassan | 3 items | S$31.86
   🚨 OUT OF STOCK: BEV_ICED_TEA, BEV_KOPI_O, LMT_SATE
💰 [4:46:24 PM] TXN-1787910384045-167-631101
   Outlet 167 | Staff: Muhd Danish Bin Razak | 2 items | S$29.50
   🚨 OUT OF STOCK: LMT_NASI_GORENG, MNL_KWAY_TEOW
🛒 [4:46:30 PM] TXN-1787910390401-168-175934
   Outlet 168 | Staff: Priya D/O Mani | 5 items | S$51.33
   🚨 OUT OF STOCK: BEV_MILO, BEV_KOPI_O, BEV_ORANGE_JUICE, BEV_LATTE, BEV_KOPI_O
🛒 [4:46:37 PM] TXN-1787910397919-170-364227
   Outlet 170 | Staff: Ng Jun Hao | 3 items | S$26.55
   🚨 OUT OF STOCK: LMT_ROTI_CANAI, BEV_MILO, BEV_ORANGE_JUICE
💰 [4:46:44 PM] TXN-1787910404621-171-418151
   Outlet 171 | Staff: Tan Mei Hua | 1 items | S$6.49
   🚨 OUT OF STOCK: BEV_ICED_TEA
🛒 [4:46:50 PM] TXN-1787910410632-200-219866
   Outlet 200 | Staff: Priya D/O Mani | 5 items | S$77.29
   🚨 OUT OF STOCK: MNL_CHICKEN_RICE, LMT_NASI_GORENG, BEV_KOPI_O, BEV_MILO, BEV_MILO

📊 STATS:
   Total Sales: 4050
   Total Revenue: S$163250.64
   Avg Ticket: S$40.31
   Low Stock Alerts: 117
   Out of Stock: 4025
──────────────────────────────────────────────────
🛒 [4:46:57 PM] TXN-1787910417755-165-302258
   Outlet 165 | Staff: Lee Jia En | 4 items | S$46.61
   🚨 OUT OF STOCK: BEV_ICED_TEA, BEV_KOPI_O, LMT_MIE_GORENG, BEV_ICED_TEA
🛒 [4:47:04 PM] TXN-1787910424667-169-513070
   Outlet 169 | Staff: Muhd Danish Bin Razak | 4 items | S$63.13
   🚨 OUT OF STOCK: LMT_SATE, BEV_KOPI_O, BEV_LATTE, BEV_LATTE
💰 [4:47:11 PM] TXN-1787910431588-202-971795
   Outlet 202 | Staff: None | 1 items | S$12.98
   🚨 OUT OF STOCK: MNL_RICE_BOWL
💰 [4:47:17 PM] TXN-1787910437631-170-996768
   Outlet 170 | Staff: Lee Jia En | 2 items | S$21.83
   🚨 OUT OF STOCK: BEV_ORANGE_JUICE, BEV_ICED_TEA
💰 [4:47:23 PM] TXN-1787910443859-164-135832
   Outlet 164 | Staff: Nurul Huda Bte Ali | 1 items | S$4.72
   ⚠️ LOW STOCK: LMT_PRAWN_CRACKERS
💰 [4:47:29 PM] TXN-1787910449910-200-358146
   Outlet 200 | Staff: Syaza Aina | 1 items | S$15.34
   🚨 OUT OF STOCK: MNL_KWAY_TEOW
🛒 [4:47:35 PM] TXN-1787910455889-200-915815
   Outlet 200 | Staff: Kumar Sanjay | 3 items | S$48.38
   🚨 OUT OF STOCK: LMT_MIE_GORENG, BEV_LATTE, BEV_MILO
🛒 [4:47:42 PM] TXN-1787910462539-201-706780
   Outlet 201 | Staff: None | 4 items | S$41.30
   🚨 OUT OF STOCK: LMT_ROTI_CANAI, MNL_CHICKEN_RICE, BEV_ORANGE_JUICE, BEV_ICED_TEA
💰 [4:47:49 PM] TXN-1787910469346-165-693244
   Outlet 165 | Staff: Muhd Danish Bin Razak | 2 items | S$33.04
   🚨 OUT OF STOCK: MNL_KWAY_TEOW, BEV_ORANGE_JUICE
🛒 [4:47:55 PM] TXN-1787910475629-200-134860
   Outlet 200 | Staff: Priya D/O Mani | 3 items | S$28.91
   🚨 OUT OF STOCK: LMT_ROTI_CANAI, BEV_ICED_TEA, BEV_ICED_TEA

📊 STATS:
   Total Sales: 4060
   Total Revenue: S$163566.88
   Avg Ticket: S$40.29
   Low Stock Alerts: 118
   Out of Stock: 4034
──────────────────────────────────────────────────
🛒 [4:48:02 PM] TXN-1787910482169-201-568036
   Outlet 201 | Staff: None | 5 items | S$74.93
   🚨 OUT OF STOCK: MNL_CHICKEN_RICE, BEV_ICED_TEA, BEV_LATTE, BEV_MILO, LMT_ROTI_CANAI
💰 [4:48:09 PM] TXN-1787910489227-201-297948
   Outlet 201 | Staff: None | 1 items | S$9.44
   🚨 OUT OF STOCK: LMT_ROTI_CANAI
🛒 [4:48:15 PM] TXN-1787910495295-200-692029
   Outlet 200 | Staff: Priya D/O Mani | 3 items | S$31.86
   🚨 OUT OF STOCK: BEV_KOPI_O, BEV_ORANGE_JUICE, BEV_KOPI_O
🛒 [4:48:21 PM] TXN-1787910501846-200-104543
   Outlet 200 | Staff: Kumar Sanjay | 5 items | S$49.56
   🚨 OUT OF STOCK: BEV_ORANGE_JUICE, BEV_ICED_TEA, BEV_LATTE, BEV_ORANGE_JUICE, BEV_ORANGE_JUICE
🛒 [4:48:28 PM] TXN-1787910508845-201-288166
   Outlet 201 | Staff: None | 3 items | S$57.23
   🚨 OUT OF STOCK: BEV_ORANGE_JUICE, BEV_KOPI_O, MNL_CHICKEN_RICE
🛒 [4:48:35 PM] TXN-1787910515504-169-396137
   Outlet 169 | Staff: Tan Wei Ming | 3 items | S$40.12
   🚨 OUT OF STOCK: MNL_CHICKEN_RICE, BEV_MILO, BEV_KOPI_O
💰 [4:48:42 PM] TXN-1787910522403-168-527801
   Outlet 168 | Staff: Chua Kai Xin | 2 items | S$27.73
   🚨 OUT OF STOCK: BEV_ORANGE_JUICE, MNL_BEEG_HOON
🛒 [4:48:48 PM] TXN-1787910528811-171-250073
   Outlet 171 | Staff: Rajesh Kumar | 3 items | S$29.50
   🚨 OUT OF STOCK: BEV_ICED_TEA, BEV_ICED_TEA, BEV_LATTE
🛒 [4:48:55 PM] TXN-1787910535441-168-975539
   Outlet 168 | Staff: Nurul Huda Bte Ali | 4 items | S$57.82
   🚨 OUT OF STOCK: MNL_CHICKEN_RICE, BEV_ICED_TEA, LMT_NASI_GORENG, LMT_NASI_GORENG
🛒 [4:49:02 PM] TXN-1787910542445-164-948440
   Outlet 164 | Staff: Priya D/O Mani | 4 items | S$49.56
   ⚠️ LOW STOCK: LMT_PRAWN_CRACKERS
   🚨 OUT OF STOCK: LMT_NASI_GORENG, BEV_MILO, BEV_ORANGE_JUICE

📊 STATS:
   Total Sales: 4070
   Total Revenue: S$163994.63
   Avg Ticket: S$40.29
   Low Stock Alerts: 119
   Out of Stock: 4044
──────────────────────────────────────────────────
💰 [4:49:09 PM] TXN-1787910549369-169-868163
   Outlet 169 | Staff: Ng Jun Hao | 2 items | S$33.04
   🚨 OUT OF STOCK: MNL_RICE_BOWL, BEV_LATTE
🛒 [4:49:15 PM] TXN-1787910555711-171-835953
   Outlet 171 | Staff: Sanjay S/O Ramesh | 4 items | S$52.51
   🚨 OUT OF STOCK: MNL_KWAY_TEOW, BEV_ICED_TEA, LMT_NASI_GORENG, BEV_LATTE
🛒 [4:49:22 PM] TXN-1787910562589-202-697819
   Outlet 202 | Staff: None | 4 items | S$53.10
   🚨 OUT OF STOCK: LMT_SATE, BEV_LATTE, BEV_ICED_TEA, BEV_ORANGE_JUICE
💰 [4:49:29 PM] TXN-1787910569332-200-813995
   Outlet 200 | Staff: Syaza Aina | 2 items | S$14.75
   🚨 OUT OF STOCK: BEV_LATTE, LMT_PRAWN_CRACKERS
🛒 [4:49:35 PM] TXN-1787910575761-164-986671
   Outlet 164 | Staff: Chua Kai Xin | 5 items | S$64.90
   🚨 OUT OF STOCK: BEV_KOPI_O, BEV_MILO, LMT_ROTI_CANAI, BEV_ICED_TEA, BEV_KOPI_O
🛒 [4:49:42 PM] TXN-1787910582930-171-212792
   Outlet 171 | Staff: Muhd Danish Bin Razak | 4 items | S$31.27
   🚨 OUT OF STOCK: LMT_PRAWN_CRACKERS, BEV_ORANGE_JUICE, LMT_PRAWN_CRACKERS, BEV_ICED_TEA
🛒 [4:49:49 PM] TXN-1787910589825-200-705824
   Outlet 200 | Staff: Priya D/O Mani | 4 items | S$35.99
   🚨 OUT OF STOCK: BEV_MILO, BEV_ORANGE_JUICE, BEV_LATTE, BEV_ORANGE_JUICE
🛒 [4:49:56 PM] TXN-1787910596635-170-858449
   Outlet 170 | Staff: Tan Wei Ming | 4 items | S$58.41
   🚨 OUT OF STOCK: BEV_ORANGE_JUICE, BEV_MILO, BEV_KOPI_O, BEV_ORANGE_JUICE
🛒 [4:50:03 PM] TXN-1787910603742-170-578946
   Outlet 170 | Staff: Tan Wei Ming | 4 items | S$56.05
   🚨 OUT OF STOCK: BEV_KOPI_O, BEV_ORANGE_JUICE, BEV_ORANGE_JUICE, MNL_RICE_BOWL
🛒 [4:50:10 PM] TXN-1787910610707-168-227729
   Outlet 168 | Staff: Chua Kai Xin | 4 items | S$55.46
   🚨 OUT OF STOCK: LMT_ROTI_CANAI, BEV_ICED_TEA, BEV_ORANGE_JUICE, BEV_KOPI_O

📊 STATS:
   Total Sales: 4080
   Total Revenue: S$164450.11
   Avg Ticket: S$40.31
   Low Stock Alerts: 119
   Out of Stock: 4054
──────────────────────────────────────────────────
🛒 [4:50:17 PM] TXN-1787910617932-170-785807
   Outlet 170 | Staff: Ng Jun Hao | 3 items | S$48.97
   🚨 OUT OF STOCK: BEV_ORANGE_JUICE, LMT_MIE_GORENG, BEV_MILO
💰 [4:50:24 PM] TXN-1787910624530-164-879068
   Outlet 164 | Staff: Chua Kai Xin | 2 items | S$21.24
   ⚠️ LOW STOCK: LMT_PRAWN_CRACKERS
   🚨 OUT OF STOCK: BEV_MILO
💰 [4:50:31 PM] TXN-1787910631356-167-640550
   Outlet 167 | Staff: Tan Wei Ming | 1 items | S$10.03
   🚨 OUT OF STOCK: BEV_LATTE
💰 [4:50:37 PM] TXN-1787910637341-164-742994
   Outlet 164 | Staff: Ng Jun Hao | 1 items | S$18.88
   🚨 OUT OF STOCK: MNL_BEEG_HOON
🛒 [4:50:43 PM] TXN-1787910643555-169-930756
   Outlet 169 | Staff: Muhd Danish Bin Razak | 3 items | S$38.35
   🚨 OUT OF STOCK: BEV_LATTE, BEV_KOPI_O, BEV_ICED_TEA
💰 [4:50:50 PM] TXN-1787910650324-200-963895
   Outlet 200 | Staff: Kumar Sanjay | 1 items | S$10.03
   🚨 OUT OF STOCK: BEV_LATTE
💰 [4:50:56 PM] TXN-1787910656523-169-789567
   Outlet 169 | Staff: Tan Wei Ming | 2 items | S$29.50
   🚨 OUT OF STOCK: LMT_NASI_GORENG, BEV_KOPI_O
💰 [4:51:02 PM] TXN-1787910662774-164-632670
   Outlet 164 | Staff: Tan Jia Min | 2 items | S$24.19
   🚨 OUT OF STOCK: BEV_ORANGE_JUICE, BEV_KOPI_O
🛒 [4:51:09 PM] TXN-1787910669628-168-385594
   Outlet 168 | Staff: Sanjay S/O Ramesh | 3 items | S$67.26
   🚨 OUT OF STOCK: LMT_NASI_GORENG, MNL_CHICKEN_RICE, BEV_LATTE
🛒 [4:51:16 PM] TXN-1787910676442-167-708644
   Outlet 167 | Staff: Rajesh Kumar | 5 items | S$59.59
   🚨 OUT OF STOCK: BEV_KOPI_O, BEV_MILO, BEV_ORANGE_JUICE, LMT_SATE, BEV_MILO

📊 STATS:
   Total Sales: 4090
   Total Revenue: S$164778.15
   Avg Ticket: S$40.29
   Low Stock Alerts: 120
   Out of Stock: 4064
──────────────────────────────────────────────────
🛒 [4:51:23 PM] TXN-1787910683808-200-639536
   Outlet 200 | Staff: Priya D/O Mani | 4 items | S$50.15
   🚨 OUT OF STOCK: MNL_KWAY_TEOW, BEV_LATTE, BEV_MILO, BEV_MILO
🛒 [4:51:30 PM] TXN-1787910690739-164-769546
   Outlet 164 | Staff: Priya D/O Mani | 4 items | S$67.85
   🚨 OUT OF STOCK: BEV_KOPI_O, MNL_LAKSA, BEV_ORANGE_JUICE, MNL_CHICKEN_RICE
🛒 [4:51:38 PM] TXN-1787910698272-165-674225
   Outlet 165 | Staff: Muhd Danish Bin Razak | 4 items | S$54.87
   🚨 OUT OF STOCK: BEV_ORANGE_JUICE, LMT_ROTI_CANAI, BEV_KOPI_O, LMT_MIE_GORENG
🛒 [4:51:45 PM] TXN-1787910705068-165-155132
   Outlet 165 | Staff: Tan Wei Ming | 5 items | S$67.26
   🚨 OUT OF STOCK: LMT_ROTI_CANAI, BEV_ORANGE_JUICE, BEV_ORANGE_JUICE, MNL_LAKSA, BEV_ICED_TEA
💰 [4:51:52 PM] TXN-1787910712100-171-469376
   Outlet 171 | Staff: Chua Kai Xin | 1 items | S$14.16
   🚨 OUT OF STOCK: LMT_NASI_GORENG
🛒 [4:51:58 PM] TXN-1787910718158-167-351935
   Outlet 167 | Staff: Sanjay S/O Ramesh | 5 items | S$64.90
   🚨 OUT OF STOCK: MNL_CHICKEN_RICE, BEV_KOPI_O, BEV_ORANGE_JUICE, BEV_ICED_TEA, BEV_MILO
🛒 [4:52:05 PM] TXN-1787910725248-169-568181
   Outlet 169 | Staff: Tan Wei Ming | 5 items | S$88.50
   🚨 OUT OF STOCK: LMT_SATE, BEV_MILO, BEV_KOPI_O, BEV_LATTE, MNL_BEEG_HOON
🛒 [4:52:12 PM] TXN-1787910732694-200-632917
   Outlet 200 | Staff: Priya D/O Mani | 3 items | S$41.89
   🚨 OUT OF STOCK: MNL_BEEG_HOON, LMT_NASI_GORENG, BEV_ORANGE_JUICE
🛒 [4:52:19 PM] TXN-1787910739314-164-443543
   Outlet 164 | Staff: Batch Staff 1 | 5 items | S$59.00
   🚨 OUT OF STOCK: LMT_ROTI_CANAI, BEV_LATTE, BEV_KOPI_O, BEV_KOPI_O, BEV_ICED_TEA
🛒 [4:52:26 PM] TXN-1787910746330-202-246287
   Outlet 202 | Staff: None | 4 items | S$51.92
   🚨 OUT OF STOCK: MNL_RICE_BOWL, BEV_MILO, LMT_PRAWN_CRACKERS, BEV_ICED_TEA

📊 STATS:
   Total Sales: 4100
   Total Revenue: S$165338.65
   Avg Ticket: S$40.33
   Low Stock Alerts: 120
   Out of Stock: 4074
──────────────────────────────────────────────────
🛒 [4:52:33 PM] TXN-1787910753205-200-532445
   Outlet 200 | Staff: Priya D/O Mani | 3 items | S$46.61
   🚨 OUT OF STOCK: LMT_SATE, BEV_ORANGE_JUICE, BEV_LATTE
🛒 [4:52:39 PM] TXN-1787910759773-169-424042
   Outlet 169 | Staff: Muhd Danish Bin Razak | 5 items | S$83.19
   🚨 OUT OF STOCK: MNL_BEEG_HOON, MNL_CHICKEN_RICE, BEV_ICED_TEA, BEV_MILO, BEV_MILO
🛒 [4:52:46 PM] TXN-1787910766764-171-519255
   Outlet 171 | Staff: Muhd Danish Bin Razak | 3 items | S$67.26
   🚨 OUT OF STOCK: MNL_RICE_BOWL, BEV_ORANGE_JUICE, MNL_LAKSA
💰 [4:52:53 PM] TXN-1787910773317-171-218430
   Outlet 171 | Staff: Rajesh Kumar | 1 items | S$7.67
   🚨 OUT OF STOCK: BEV_KOPI_O
🛒 [4:52:59 PM] TXN-1787910779531-202-821518
   Outlet 202 | Staff: None | 4 items | S$66.08
   🚨 OUT OF STOCK: MNL_RICE_BOWL, LMT_ROTI_CANAI, BEV_KOPI_O, LMT_ROTI_CANAI
🛒 [4:53:06 PM] TXN-1787910786321-200-332144
   Outlet 200 | Staff: Syaza Aina | 5 items | S$78.47
   🚨 OUT OF STOCK: MNL_BEEG_HOON, BEV_MILO, BEV_KOPI_O, BEV_LATTE, BEV_KOPI_O
💰 [4:53:13 PM] TXN-1787910793468-201-577337
   Outlet 201 | Staff: None | 1 items | S$18.88
   🚨 OUT OF STOCK: MNL_BEEG_HOON
🛒 [4:53:19 PM] TXN-1787910799487-171-216260
   Outlet 171 | Staff: Chua Kai Xin | 5 items | S$60.18
   🚨 OUT OF STOCK: MNL_CHICKEN_RICE, BEV_ICED_TEA, BEV_KOPI_O, BEV_ICED_TEA, BEV_MILO
🛒 [4:53:26 PM] TXN-1787910806734-165-775245
   Outlet 165 | Staff: Lee Jia En | 5 items | S$66.67
   🚨 OUT OF STOCK: LMT_SATE, BEV_KOPI_O, BEV_KOPI_O, BEV_ICED_TEA, LMT_MIE_GORENG
💰 [4:53:33 PM] TXN-1787910813855-168-648526
   Outlet 168 | Staff: Nurul Huda Bte Ali | 1 items | S$11.80
   🚨 OUT OF STOCK: LMT_MIE_GORENG

📊 STATS:
   Total Sales: 4110
   Total Revenue: S$165845.46
   Avg Ticket: S$40.35
   Low Stock Alerts: 120
   Out of Stock: 4084
──────────────────────────────────────────────────
🛒 [4:53:40 PM] TXN-1787910820172-202-987160
   Outlet 202 | Staff: None | 3 items | S$38.35
   🚨 OUT OF STOCK: LMT_PRAWN_CRACKERS, BEV_LATTE, LMT_MIE_GORENG
🛒 [4:53:46 PM] TXN-1787910826843-168-205366
   Outlet 168 | Staff: Chua Kai Xin | 3 items | S$40.71
   🚨 OUT OF STOCK: MNL_BEEG_HOON, BEV_LATTE, LMT_MIE_GORENG
💰 [4:53:53 PM] TXN-1787910833401-169-636309
   Outlet 169 | Staff: Lee Jia En | 2 items | S$17.11
   🚨 OUT OF STOCK: BEV_MILO, BEV_ORANGE_JUICE
🛒 [4:53:59 PM] TXN-1787910839998-202-856637
   Outlet 202 | Staff: None | 3 items | S$40.71
   🚨 OUT OF STOCK: LMT_NASI_GORENG, BEV_ICED_TEA, BEV_LATTE
💰 [4:54:06 PM] TXN-1787910846531-168-775951
   Outlet 168 | Staff: Nurul Huda Bte Ali | 1 items | S$8.85
   🚨 OUT OF STOCK: BEV_ORANGE_JUICE
💰 [4:54:12 PM] TXN-1787910852508-165-491724
   Outlet 165 | Staff: Tan Wei Ming | 1 items | S$4.72
   🚨 OUT OF STOCK: LMT_PRAWN_CRACKERS
🛒 [4:54:18 PM] TXN-1787910858585-170-252297
   Outlet 170 | Staff: Lee Jia En | 3 items | S$24.78
   🚨 OUT OF STOCK: LMT_ROTI_CANAI, BEV_ICED_TEA, BEV_ORANGE_JUICE
🛒 [4:54:25 PM] TXN-1787910865080-167-573178
   Outlet 167 | Staff: Sanjay S/O Ramesh | 5 items | S$83.19
   🚨 OUT OF STOCK: MNL_CHICKEN_RICE, BEV_LATTE, BEV_LATTE, LMT_MIE_GORENG, MNL_RICE_BOWL
🛒 [4:54:32 PM] TXN-1787910872611-169-881574
   Outlet 169 | Staff: Ng Jun Hao | 3 items | S$23.01
   🚨 OUT OF STOCK: BEV_ICED_TEA, BEV_MILO, BEV_MILO
🛒 [4:54:39 PM] TXN-1787910879202-202-212674
   Outlet 202 | Staff: None | 5 items | S$53.10
   🚨 OUT OF STOCK: BEV_KOPI_O, BEV_ORANGE_JUICE, LMT_PRAWN_CRACKERS, BEV_KOPI_O, BEV_KOPI_O

📊 STATS:
   Total Sales: 4120
   Total Revenue: S$166179.99
   Avg Ticket: S$40.33
   Low Stock Alerts: 120
   Out of Stock: 4094
──────────────────────────────────────────────────
🛒 [4:54:46 PM] TXN-1787910886273-165-349104
   Outlet 165 | Staff: Lee Jia En | 4 items | S$56.05
   🚨 OUT OF STOCK: MNL_RICE_BOWL, BEV_ORANGE_JUICE, BEV_ORANGE_JUICE, BEV_MILO
🛒 [4:54:53 PM] TXN-1787910893230-164-138756
   Outlet 164 | Staff: Tan Jia Min | 5 items | S$95.58
   🚨 OUT OF STOCK: MNL_LAKSA, MNL_LAKSA, BEV_ORANGE_JUICE, BEV_MILO, BEV_KOPI_O
💰 [4:55:00 PM] TXN-1787910900229-170-346394
   Outlet 170 | Staff: Muhd Danish Bin Razak | 2 items | S$30.68
   🚨 OUT OF STOCK: LMT_MIE_GORENG, MNL_BEEG_HOON
🛒 [4:55:06 PM] TXN-1787910906554-168-503712
   Outlet 168 | Staff: Li Ying Zhi | 4 items | S$47.20
   🚨 OUT OF STOCK: BEV_KOPI_O, BEV_ORANGE_JUICE, MNL_RICE_BOWL, BEV_ORANGE_JUICE
🛒 [4:55:13 PM] TXN-1787910913363-201-198868
   Outlet 201 | Staff: None | 4 items | S$41.30
   🚨 OUT OF STOCK: MNL_KWAY_TEOW, BEV_KOPI_O, BEV_MILO, BEV_LATTE
🛒 [4:55:20 PM] TXN-1787910920282-169-483742
   Outlet 169 | Staff: Sanjay S/O Ramesh | 3 items | S$33.04
   🚨 OUT OF STOCK: MNL_KWAY_TEOW, BEV_LATTE, BEV_KOPI_O
💰 [4:55:26 PM] TXN-1787910926850-165-844490
   Outlet 165 | Staff: Lee Jia En | 2 items | S$17.11
   🚨 OUT OF STOCK: BEV_ORANGE_JUICE, BEV_MILO
🛒 [4:55:33 PM] TXN-1787910933128-168-768199
   Outlet 168 | Staff: Lee Jia En | 4 items | S$61.36
   🚨 OUT OF STOCK: MNL_LAKSA, BEV_LATTE, BEV_MILO, BEV_ICED_TEA
🛒 [4:55:40 PM] TXN-1787910940097-200-101505
   Outlet 200 | Staff: Syaza Aina | 5 items | S$69.03
   🚨 OUT OF STOCK: MNL_KWAY_TEOW, BEV_ICED_TEA, BEV_LATTE, BEV_ICED_TEA, BEV_ORANGE_JUICE
🛒 [4:55:47 PM] TXN-1787910947472-165-287358
   Outlet 165 | Staff: Tan Wei Ming | 3 items | S$48.97
   🚨 OUT OF STOCK: LMT_NASI_GORENG, BEV_MILO, MNL_LAKSA

📊 STATS:
   Total Sales: 4130
   Total Revenue: S$166680.31
   Avg Ticket: S$40.36
   Low Stock Alerts: 120
   Out of Stock: 4104
──────────────────────────────────────────────────
💰 [4:55:54 PM] TXN-1787910954019-168-435649
   Outlet 168 | Staff: Priya D/O Mani | 2 items | S$16.52
   🚨 OUT OF STOCK: BEV_ICED_TEA, BEV_LATTE
💰 [4:56:00 PM] TXN-1787910960326-201-646623
   Outlet 201 | Staff: None | 2 items | S$34.22
   🚨 OUT OF STOCK: LMT_SATE, BEV_MILO
🛒 [4:56:07 PM] TXN-1787910967004-169-624194
   Outlet 169 | Staff: Koh Jia Yi | 5 items | S$51.92
   🚨 OUT OF STOCK: LMT_ROTI_CANAI, BEV_LATTE, BEV_MILO, BEV_ICED_TEA, BEV_ORANGE_JUICE
🛒 [4:56:14 PM] TXN-1787910974532-167-941203
   Outlet 167 | Staff: Lee Jia En | 3 items | S$51.92
   🚨 OUT OF STOCK: MNL_CHICKEN_RICE, BEV_KOPI_O, BEV_LATTE
💰 [4:56:21 PM] TXN-1787910981376-168-974039
   Outlet 168 | Staff: Priya D/O Mani | 2 items | S$21.83
   🚨 OUT OF STOCK: MNL_RICE_BOWL, BEV_ORANGE_JUICE
🛒 [4:56:27 PM] TXN-1787910987818-165-546588
   Outlet 165 | Staff: Lee Jia En | 3 items | S$41.89
   🚨 OUT OF STOCK: BEV_KOPI_O, MNL_BEEG_HOON, BEV_KOPI_O
🛒 [4:56:34 PM] TXN-1787910994567-201-929052
   Outlet 201 | Staff: None | 3 items | S$26.55
   🚨 OUT OF STOCK: BEV_ORANGE_JUICE, BEV_LATTE, BEV_KOPI_O
🛒 [4:56:41 PM] TXN-1787911001371-170-947906
   Outlet 170 | Staff: Tan Wei Ming | 4 items | S$34.22
   🚨 OUT OF STOCK: BEV_MILO, BEV_ICED_TEA, BEV_ICED_TEA, BEV_ICED_TEA
🛒 [4:56:48 PM] TXN-1787911008234-165-526818
   Outlet 165 | Staff: Lee Jia En | 3 items | S$31.27
   🚨 OUT OF STOCK: LMT_PRAWN_CRACKERS, BEV_ORANGE_JUICE, BEV_ORANGE_JUICE
🛒 [4:56:54 PM] TXN-1787911014935-171-768879
   Outlet 171 | Staff: Muhd Danish Bin Razak | 4 items | S$51.92
   🚨 OUT OF STOCK: MNL_KWAY_TEOW, BEV_KOPI_O, BEV_ORANGE_JUICE, BEV_LATTE

📊 STATS:
   Total Sales: 4140
   Total Revenue: S$167042.57
   Avg Ticket: S$40.35
   Low Stock Alerts: 120
   Out of Stock: 4114
──────────────────────────────────────────────────
🛒 [4:57:01 PM] TXN-1787911021696-170-359082
   Outlet 170 | Staff: Tan Wei Ming | 5 items | S$81.42
   🚨 OUT OF STOCK: MNL_RICE_BOWL, BEV_LATTE, BEV_KOPI_O, BEV_LATTE, BEV_ICED_TEA
🛒 [4:57:08 PM] TXN-1787911028768-164-501362
   Outlet 164 | Staff: Chua Kai Xin | 3 items | S$40.71
   🚨 OUT OF STOCK: MNL_BEEG_HOON, MNL_KWAY_TEOW, BEV_ICED_TEA
🛒 [4:57:15 PM] TXN-1787911035335-171-556351
   Outlet 171 | Staff: Sanjay S/O Ramesh | 4 items | S$44.25
   🚨 OUT OF STOCK: LMT_PRAWN_CRACKERS, BEV_ORANGE_JUICE, BEV_ORANGE_JUICE, BEV_ICED_TEA
🛒 [4:57:22 PM] TXN-1787911042545-164-994409
   Outlet 164 | Staff: Ahmad Faiz Bin Hassan | 3 items | S$25.96
   🚨 OUT OF STOCK: LMT_ROTI_CANAI, BEV_MILO, BEV_MILO
💰 [4:57:29 PM] TXN-1787911049147-168-911854
   Outlet 168 | Staff: Chua Kai Xin | 2 items | S$25.96
   🚨 OUT OF STOCK: LMT_ROTI_CANAI, BEV_MILO
🛒 [4:57:35 PM] TXN-1787911055563-201-229201
   Outlet 201 | Staff: None | 5 items | S$70.80
   🚨 OUT OF STOCK: MNL_BEEG_HOON, BEV_ICED_TEA, MNL_BEEG_HOON, BEV_LATTE, BEV_MILO
💰 [4:57:42 PM] TXN-1787911062636-165-324428
   Outlet 165 | Staff: Ahmad Faiz Bin Hassan | 1 items | S$11.80
   🚨 OUT OF STOCK: LMT_MIE_GORENG
💰 [4:57:48 PM] TXN-1787911068662-171-952710
   Outlet 171 | Staff: Lee Jia En | 2 items | S$23.01
   🚨 OUT OF STOCK: BEV_LATTE, BEV_ICED_TEA
🛒 [4:57:54 PM] TXN-1787911074893-164-298140
   Outlet 164 | Staff: Rajesh Kumar | 3 items | S$31.27
   🚨 OUT OF STOCK: MNL_KWAY_TEOW, BEV_MILO, BEV_KOPI_O
🛒 [4:58:01 PM] TXN-1787911081575-170-980648
   Outlet 170 | Staff: Lee Jia En | 5 items | S$78.47
   🚨 OUT OF STOCK: LMT_MIE_GORENG, BEV_LATTE, BEV_MILO, BEV_LATTE, BEV_LATTE

📊 STATS:
   Total Sales: 4150
   Total Revenue: S$167476.22
   Avg Ticket: S$40.36
   Low Stock Alerts: 120
   Out of Stock: 4124
──────────────────────────────────────────────────
💰 [4:58:08 PM] TXN-1787911088956-169-676764
   Outlet 169 | Staff: Tan Wei Ming | 1 items | S$11.80
   🚨 OUT OF STOCK: LMT_MIE_GORENG
🛒 [4:58:14 PM] TXN-1787911094997-201-744631
   Outlet 201 | Staff: None | 3 items | S$40.71
   🚨 OUT OF STOCK: LMT_MIE_GORENG, BEV_ORANGE_JUICE, BEV_LATTE
💰 [4:58:21 PM] TXN-1787911101613-164-923676
   Outlet 164 | Staff: Rajesh Kumar | 1 items | S$10.03
   🚨 OUT OF STOCK: BEV_LATTE
💰 [4:58:27 PM] TXN-1787911107683-201-606124
   Outlet 201 | Staff: None | 1 items | S$8.85
   🚨 OUT OF STOCK: BEV_ORANGE_JUICE
🛒 [4:58:33 PM] TXN-1787911113732-164-927810
   Outlet 164 | Staff: Ong Wei Jian | 4 items | S$41.89
   🚨 OUT OF STOCK: BEV_MILO, LMT_MIE_GORENG, BEV_LATTE, LMT_MIE_GORENG
🛒 [4:58:40 PM] TXN-1787911120541-202-292920
   Outlet 202 | Staff: None | 5 items | S$91.45
   🚨 OUT OF STOCK: BEV_LATTE, MNL_KWAY_TEOW, LMT_MIE_GORENG, MNL_CHICKEN_RICE, LMT_ROTI_CANAI
💰 [4:58:47 PM] TXN-1787911127848-168-389241
   Outlet 168 | Staff: Ng Jun Hao | 2 items | S$20.06
   🚨 OUT OF STOCK: MNL_KWAY_TEOW, LMT_PRAWN_CRACKERS
🛒 [4:58:54 PM] TXN-1787911134227-169-410294
   Outlet 169 | Staff: Koh Jia Yi | 4 items | S$46.02
   🚨 OUT OF STOCK: MNL_RICE_BOWL, BEV_KOPI_O, BEV_ORANGE_JUICE, BEV_ORANGE_JUICE
💰 [4:59:01 PM] TXN-1787911141231-200-617835
   Outlet 200 | Staff: Priya D/O Mani | 2 items | S$16.52
   🚨 OUT OF STOCK: BEV_LATTE, BEV_ICED_TEA
🛒 [4:59:07 PM] TXN-1787911147643-171-392682
   Outlet 171 | Staff: Nur Aisyah | 3 items | S$48.38
   🚨 OUT OF STOCK: MNL_BEEG_HOON, LMT_NASI_GORENG, BEV_KOPI_O

📊 STATS:
   Total Sales: 4160
   Total Revenue: S$167811.93
   Avg Ticket: S$40.34
   Low Stock Alerts: 120
   Out of Stock: 4134
──────────────────────────────────────────────────
💰 [4:59:14 PM] TXN-1787911154127-167-181650
   Outlet 167 | Staff: Ng Jun Hao | 2 items | S$35.40
   🚨 OUT OF STOCK: MNL_BEEG_HOON, BEV_MILO
🛒 [4:59:20 PM] TXN-1787911160460-168-287625
   Outlet 168 | Staff: Ng Jun Hao | 5 items | S$101.48
   🚨 OUT OF STOCK: LMT_NASI_GORENG, BEV_ICED_TEA, BEV_LATTE, MNL_LAKSA, BEV_ORANGE_JUICE
🛒 [4:59:27 PM] TXN-1787911167495-168-877977
   Outlet 168 | Staff: Priya D/O Mani | 5 items | S$63.13
   🚨 OUT OF STOCK: MNL_LAKSA, LMT_ROTI_CANAI, BEV_MILO, BEV_KOPI_O, BEV_LATTE
🛒 [4:59:34 PM] TXN-1787911174651-165-825220
   Outlet 165 | Staff: Ahmad Faiz Bin Hassan | 5 items | S$74.34
   🚨 OUT OF STOCK: LMT_NASI_GORENG, BEV_KOPI_O, BEV_MILO, LMT_ROTI_CANAI, BEV_ORANGE_JUICE
💰 [4:59:42 PM] TXN-1787911182173-169-576971
   Outlet 169 | Staff: Tan Wei Ming | 2 items | S$20.65
   🚨 OUT OF STOCK: LMT_NASI_GORENG, BEV_ICED_TEA
🛒 [4:59:48 PM] TXN-1787911188395-165-731166
   Outlet 165 | Staff: Tan Wei Ming | 4 items | S$51.33
   🚨 OUT OF STOCK: LMT_NASI_GORENG, BEV_ORANGE_JUICE, BEV_ICED_TEA, BEV_ICED_TEA
🛒 [4:59:55 PM] TXN-1787911195407-164-969353
   Outlet 164 | Staff: Tan Wei Ming | 3 items | S$60.18
   🚨 OUT OF STOCK: MNL_CHICKEN_RICE, BEV_ORANGE_JUICE, MNL_RICE_BOWL
🛒 [5:00:01 PM] TXN-1787911201953-170-682384
   Outlet 170 | Staff: Tan Wei Ming | 3 items | S$48.38
   🚨 OUT OF STOCK: MNL_BEEG_HOON, BEV_MILO, BEV_ICED_TEA
💰 [5:00:08 PM] TXN-1787911208906-200-443200
   Outlet 200 | Staff: Kumar Sanjay | 1 items | S$17.70
   🚨 OUT OF STOCK: LMT_SATE
💰 [5:00:14 PM] TXN-1787911214963-164-896770
   Outlet 164 | Staff: Chua Kai Xin | 1 items | S$18.29
   ❌ Webhook failed: 503

📊 STATS:
   Total Sales: 4170
   Total Revenue: S$168302.81
   Avg Ticket: S$40.36
   Low Stock Alerts: 120
   Out of Stock: 4143
──────────────────────────────────────────────────
💰 [5:00:20 PM] TXN-1787911220111-201-640073
   Outlet 201 | Staff: None | 1 items | S$12.98
   🚨 OUT OF STOCK: MNL_RICE_BOWL
🛒 [5:00:26 PM] TXN-1787911226575-170-454205
   Outlet 170 | Staff: Muhd Danish Bin Razak | 4 items | S$46.61
   🚨 OUT OF STOCK: LMT_ROTI_CANAI, BEV_ICED_TEA, BEV_MILO, BEV_KOPI_O
🛒 [5:00:33 PM] TXN-1787911233485-169-929105
   Outlet 169 | Staff: Ng Jun Hao | 3 items | S$45.43
   🚨 OUT OF STOCK: BEV_KOPI_O, BEV_LATTE, BEV_ORANGE_JUICE
💰 [5:00:40 PM] TXN-1787911240086-171-795012
   Outlet 171 | Staff: Ng Jun Hao | 1 items | S$16.52
   🚨 OUT OF STOCK: MNL_CHICKEN_RICE
💰 [5:00:46 PM] TXN-1787911246098-164-481563
   Outlet 164 | Staff: Batch Staff 1 | 1 items | S$12.98
   🚨 OUT OF STOCK: MNL_RICE_BOWL
💰 [5:00:52 PM] TXN-1787911252173-167-428175
   Outlet 167 | Staff: Ng Jun Hao | 2 items | S$23.60
   🚨 OUT OF STOCK: LMT_NASI_GORENG, LMT_PRAWN_CRACKERS
💰 [5:00:58 PM] TXN-1787911258572-202-448893
   Outlet 202 | Staff: None | 2 items | S$15.93
   🚨 OUT OF STOCK: BEV_MILO, BEV_KOPI_O
🛒 [5:01:04 PM] TXN-1787911264859-168-948916
   Outlet 168 | Staff: Nurul Huda Bte Ali | 5 items | S$87.91
   🚨 OUT OF STOCK: MNL_KWAY_TEOW, MNL_BEEG_HOON, LMT_ROTI_CANAI, BEV_KOPI_O, BEV_ORANGE_JUICE
💰 [5:01:12 PM] TXN-1787911272386-202-601567
   Outlet 202 | Staff: None | 2 items | S$21.83
   🚨 OUT OF STOCK: MNL_KWAY_TEOW, BEV_ICED_TEA
💰 [5:01:19 PM] TXN-1787911279008-164-666240
   Outlet 164 | Staff: Ong Wei Jian | 2 items | S$37.76
   🚨 OUT OF STOCK: LMT_SATE, BEV_LATTE

📊 STATS:
   Total Sales: 4180
   Total Revenue: S$168624.36
   Avg Ticket: S$40.34
   Low Stock Alerts: 120
   Out of Stock: 4153
──────────────────────────────────────────────────
💰 [5:01:25 PM] TXN-1787911285305-171-492266
   Outlet 171 | Staff: Ng Jun Hao | 1 items | S$18.29
   🚨 OUT OF STOCK: MNL_LAKSA
🛒 [5:01:31 PM] TXN-1787911291305-168-521766
   Outlet 168 | Staff: Priya D/O Mani | 4 items | S$76.70
   🚨 OUT OF STOCK: LMT_SATE, BEV_LATTE, BEV_LATTE, LMT_ROTI_CANAI
🛒 [5:01:38 PM] TXN-1787911298386-169-602036
   Outlet 169 | Staff: Ng Jun Hao | 4 items | S$86.73
   🚨 OUT OF STOCK: BEV_MILO, BEV_ICED_TEA, LMT_SATE, MNL_LAKSA
🛒 [5:01:45 PM] TXN-1787911305517-169-864537
   Outlet 169 | Staff: Tan Wei Ming | 3 items | S$49.56
   🚨 OUT OF STOCK: MNL_RICE_BOWL, BEV_LATTE, BEV_MILO
🛒 [5:01:52 PM] TXN-1787911312240-202-321597
   Outlet 202 | Staff: None | 3 items | S$45.43
   🚨 OUT OF STOCK: MNL_LAKSA, MNL_LAKSA, BEV_ORANGE_JUICE
🛒 [5:01:58 PM] TXN-1787911318981-170-249391
   Outlet 170 | Staff: Tan Wei Ming | 5 items | S$50.15
   🚨 OUT OF STOCK: BEV_MILO, LMT_PRAWN_CRACKERS, BEV_ICED_TEA, BEV_ORANGE_JUICE, BEV_MILO
🛒 [5:02:06 PM] TXN-1787911326970-202-180953
   Outlet 202 | Staff: None | 3 items | S$33.04
   🚨 OUT OF STOCK: BEV_KOPI_O, LMT_SATE, BEV_KOPI_O
🛒 [5:02:13 PM] TXN-1787911333680-202-207322
   Outlet 202 | Staff: None | 5 items | S$90.27
   🚨 OUT OF STOCK: MNL_RICE_BOWL, MNL_CHICKEN_RICE, LMT_SATE, BEV_ORANGE_JUICE, MNL_CHICKEN_RICE
💰 [5:02:20 PM] TXN-1787911340828-168-398601
   Outlet 168 | Staff: Chua Kai Xin | 2 items | S$25.37
   🚨 OUT OF STOCK: MNL_BEEG_HOON, BEV_ICED_TEA
🛒 [5:02:27 PM] TXN-1787911347208-202-374881
   Outlet 202 | Staff: None | 5 items | S$61.36
   🚨 OUT OF STOCK: MNL_RICE_BOWL, BEV_MILO, BEV_MILO, BEV_ICED_TEA, BEV_ORANGE_JUICE

📊 STATS:
   Total Sales: 4190
   Total Revenue: S$169161.26
   Avg Ticket: S$40.37
   Low Stock Alerts: 120
   Out of Stock: 4163
──────────────────────────────────────────────────
🛒 [5:02:34 PM] TXN-1787911354275-164-736793
   Outlet 164 | Staff: Batch Staff 1 | 4 items | S$66.08
   🚨 OUT OF STOCK: MNL_RICE_BOWL, LMT_ROTI_CANAI, LMT_NASI_GORENG, BEV_KOPI_O
💰 [5:02:41 PM] TXN-1787911361199-202-410099
   Outlet 202 | Staff: None | 1 items | S$10.03
   🚨 OUT OF STOCK: BEV_LATTE
💰 [5:02:47 PM] TXN-1787911367212-169-434652
   Outlet 169 | Staff: Sanjay S/O Ramesh | 1 items | S$6.49
   🚨 OUT OF STOCK: BEV_ICED_TEA
🛒 [5:02:53 PM] TXN-1787911373246-171-595348
   Outlet 171 | Staff: Sanjay S/O Ramesh | 3 items | S$41.89
   🚨 OUT OF STOCK: MNL_LAKSA, BEV_MILO, BEV_KOPI_O
💰 [5:02:59 PM] TXN-1787911379812-202-175528
   Outlet 202 | Staff: None | 1 items | S$10.03
   🚨 OUT OF STOCK: BEV_LATTE
🛒 [5:03:06 PM] TXN-1787911386004-165-799599
   Outlet 165 | Staff: Tan Wei Ming | 3 items | S$39.53
   🚨 OUT OF STOCK: MNL_RICE_BOWL, BEV_ORANGE_JUICE, BEV_ORANGE_JUICE
🛒 [5:03:12 PM] TXN-1787911392620-201-978422
   Outlet 201 | Staff: None | 5 items | S$60.77
   🚨 OUT OF STOCK: LMT_SATE, BEV_MILO, BEV_MILO, BEV_ORANGE_JUICE, BEV_ORANGE_JUICE
💰 [5:03:19 PM] TXN-1787911399963-164-288015
   Outlet 164 | Staff: Rajesh Kumar | 2 items | S$24.19
   🚨 OUT OF STOCK: BEV_ORANGE_JUICE, BEV_KOPI_O
💰 [5:03:26 PM] TXN-1787911406274-202-862449
   Outlet 202 | Staff: None | 1 items | S$4.72
   🚨 OUT OF STOCK: LMT_PRAWN_CRACKERS
🛒 [5:03:32 PM] TXN-1787911412318-200-913091
   Outlet 200 | Staff: Syaza Aina | 3 items | S$29.50
   🚨 OUT OF STOCK: LMT_NASI_GORENG, BEV_ICED_TEA, BEV_ORANGE_JUICE

📊 STATS:
   Total Sales: 4200
   Total Revenue: S$169454.49
   Avg Ticket: S$40.35
   Low Stock Alerts: 120
   Out of Stock: 4173
──────────────────────────────────────────────────
🛒 [5:03:38 PM] TXN-1787911418826-169-730014
   Outlet 169 | Staff: Tan Wei Ming | 5 items | S$75.52
   🚨 OUT OF STOCK: MNL_RICE_BOWL, BEV_ICED_TEA, BEV_ICED_TEA, MNL_LAKSA, BEV_ICED_TEA
💰 [5:03:45 PM] TXN-1787911425935-164-513759
   Outlet 164 | Staff: Chua Kai Xin | 2 items | S$16.52
   🚨 OUT OF STOCK: BEV_ICED_TEA, BEV_LATTE
💰 [5:03:52 PM] TXN-1787911432454-168-171227
   Outlet 168 | Staff: Priya D/O Mani | 2 items | S$21.83
   🚨 OUT OF STOCK: BEV_ORANGE_JUICE, BEV_ICED_TEA
💰 [5:03:58 PM] TXN-1787911438778-201-670934
   Outlet 201 | Staff: None | 1 items | S$4.72
   🚨 OUT OF STOCK: LMT_PRAWN_CRACKERS
🛒 [5:04:04 PM] TXN-1787911444736-200-670364
   Outlet 200 | Staff: Priya D/O Mani | 3 items | S$41.89
   🚨 OUT OF STOCK: BEV_LATTE, BEV_ORANGE_JUICE, LMT_NASI_GORENG
💰 [5:04:11 PM] TXN-1787911451305-201-805898
   Outlet 201 | Staff: None | 2 items | S$17.70
   🚨 OUT OF STOCK: BEV_KOPI_O, BEV_LATTE
🛒 [5:04:17 PM] TXN-1787911457542-171-776812
   Outlet 171 | Staff: Sanjay S/O Ramesh | 3 items | S$41.89
   🚨 OUT OF STOCK: LMT_SATE, BEV_ICED_TEA, BEV_ORANGE_JUICE
🛒 [5:04:24 PM] TXN-1787911464247-165-451126
   Outlet 165 | Staff: Muhd Danish Bin Razak | 4 items | S$69.62
   🚨 OUT OF STOCK: LMT_SATE, BEV_ORANGE_JUICE, BEV_MILO, MNL_RICE_BOWL
🛒 [5:04:31 PM] TXN-1787911471034-201-473182
   Outlet 201 | Staff: None | 4 items | S$48.97
   🚨 OUT OF STOCK: BEV_ORANGE_JUICE, LMT_ROTI_CANAI, BEV_ICED_TEA, BEV_ORANGE_JUICE
🛒 [5:04:37 PM] TXN-1787911477858-200-847022
   Outlet 200 | Staff: Syaza Aina | 3 items | S$26.55
   🚨 OUT OF STOCK: LMT_PRAWN_CRACKERS, BEV_ICED_TEA, BEV_KOPI_O

📊 STATS:
   Total Sales: 4210
   Total Revenue: S$169819.70
   Avg Ticket: S$40.34
   Low Stock Alerts: 120
   Out of Stock: 4183
──────────────────────────────────────────────────
🛒 [5:04:44 PM] TXN-1787911484403-170-176917
   Outlet 170 | Staff: Muhd Danish Bin Razak | 4 items | S$30.68
   🚨 OUT OF STOCK: BEV_MILO, BEV_ICED_TEA, LMT_ROTI_CANAI, BEV_ICED_TEA
🛒 [5:04:51 PM] TXN-1787911491630-201-535148
   Outlet 201 | Staff: None | 4 items | S$54.87
   🚨 OUT OF STOCK: LMT_NASI_GORENG, BEV_KOPI_O, BEV_LATTE, BEV_KOPI_O
🛒 [5:04:58 PM] TXN-1787911498588-168-519584
   Outlet 168 | Staff: Ng Jun Hao | 4 items | S$73.75
   🚨 OUT OF STOCK: MNL_LAKSA, MNL_CHICKEN_RICE, MNL_KWAY_TEOW, BEV_MILO
🛒 [5:05:05 PM] TXN-1787911505372-170-653956
   Outlet 170 | Staff: Ng Jun Hao | 3 items | S$40.71
   🚨 OUT OF STOCK: LMT_NASI_GORENG, BEV_ICED_TEA, BEV_LATTE
💰 [5:05:11 PM] TXN-1787911511905-167-761931
   Outlet 167 | Staff: Lee Jia En | 2 items | S$17.70
   🚨 OUT OF STOCK: BEV_ORANGE_JUICE, BEV_ORANGE_JUICE
🛒 [5:05:18 PM] TXN-1787911518313-202-559068
   Outlet 202 | Staff: None | 3 items | S$38.94
   🚨 OUT OF STOCK: MNL_RICE_BOWL, BEV_ICED_TEA, BEV_ICED_TEA
🛒 [5:05:24 PM] TXN-1787911524854-170-925875
   Outlet 170 | Staff: Ng Jun Hao | 4 items | S$41.89
   🚨 OUT OF STOCK: BEV_ORANGE_JUICE, BEV_MILO, BEV_ORANGE_JUICE, BEV_KOPI_O
💰 [5:05:31 PM] TXN-1787911531677-165-917214
   Outlet 165 | Staff: Muhd Danish Bin Razak | 1 items | S$18.88
   🚨 OUT OF STOCK: MNL_BEEG_HOON
🛒 [5:05:37 PM] TXN-1787911537692-169-224252
   Outlet 169 | Staff: Muhd Danish Bin Razak | 3 items | S$47.79
   🚨 OUT OF STOCK: LMT_MIE_GORENG, BEV_ORANGE_JUICE, MNL_LAKSA
💰 [5:05:44 PM] TXN-1787911544721-171-896484
   Outlet 171 | Staff: Tan Mei Hua | 2 items | S$18.88
   🚨 OUT OF STOCK: BEV_LATTE, BEV_ORANGE_JUICE

📊 STATS:
   Total Sales: 4220
   Total Revenue: S$170203.79
   Avg Ticket: S$40.33
   Low Stock Alerts: 120
   Out of Stock: 4193
──────────────────────────────────────────────────
🛒 [5:05:51 PM] TXN-1787911551028-201-340817
   Outlet 201 | Staff: None | 4 items | S$46.02
   🚨 OUT OF STOCK: MNL_RICE_BOWL, BEV_KOPI_O, BEV_KOPI_O, BEV_LATTE
🛒 [5:05:57 PM] TXN-1787911557769-171-269765
   Outlet 171 | Staff: Chua Kai Xin | 5 items | S$50.74
   🚨 OUT OF STOCK: BEV_KOPI_O, LMT_NASI_GORENG, BEV_MILO, BEV_ICED_TEA, BEV_KOPI_O
💰 [5:06:04 PM] TXN-1787911564870-170-552639
   Outlet 170 | Staff: Tan Wei Ming | 2 items | S$37.76
   🚨 OUT OF STOCK: LMT_SATE, BEV_LATTE
🛒 [5:06:11 PM] TXN-1787911571229-170-226253
   Outlet 170 | Staff: Rajesh Kumar | 4 items | S$52.51
   🚨 OUT OF STOCK: BEV_ICED_TEA, BEV_ORANGE_JUICE, BEV_LATTE, BEV_MILO
🛒 [5:06:18 PM] TXN-1787911578050-200-191644
   Outlet 200 | Staff: Syaza Aina | 4 items | S$55.46
   🚨 OUT OF STOCK: LMT_PRAWN_CRACKERS, BEV_ICED_TEA, BEV_LATTE, BEV_ORANGE_JUICE
💰 [5:06:24 PM] TXN-1787911584961-168-766708
   Outlet 168 | Staff: Nurul Huda Bte Ali | 2 items | S$24.19
   🚨 OUT OF STOCK: MNL_CHICKEN_RICE, BEV_KOPI_O
💰 [5:06:31 PM] TXN-1787911591379-200-903722
   Outlet 200 | Staff: Priya D/O Mani | 2 items | S$40.71
   🚨 OUT OF STOCK: BEV_KOPI_O, MNL_CHICKEN_RICE
🛒 [5:06:37 PM] TXN-1787911597623-165-742764
   Outlet 165 | Staff: Tan Wei Ming | 5 items | S$83.19
   🚨 OUT OF STOCK: LMT_SATE, BEV_KOPI_O, BEV_LATTE, BEV_LATTE, BEV_LATTE
🛒 [5:06:44 PM] TXN-1787911604611-202-645102
   Outlet 202 | Staff: None | 4 items | S$59.59
   🚨 OUT OF STOCK: MNL_RICE_BOWL, BEV_ICED_TEA, MNL_KWAY_TEOW, LMT_ROTI_CANAI
🛒 [5:06:51 PM] TXN-1787911611651-201-984070
   Outlet 201 | Staff: None | 4 items | S$42.48
   🚨 OUT OF STOCK: LMT_SATE, BEV_ICED_TEA, BEV_MILO, BEV_LATTE

📊 STATS:
   Total Sales: 4230
   Total Revenue: S$170696.44
   Avg Ticket: S$40.35
   Low Stock Alerts: 120
   Out of Stock: 4203
──────────────────────────────────────────────────
💰 [5:06:58 PM] TXN-1787911618499-165-128591
   Outlet 165 | Staff: Tan Wei Ming | 1 items | S$17.70
   🚨 OUT OF STOCK: LMT_SATE
🛒 [5:07:04 PM] TXN-1787911624686-167-761121
   Outlet 167 | Staff: Ng Jun Hao | 4 items | S$38.94
   🚨 OUT OF STOCK: BEV_ICED_TEA, BEV_MILO, BEV_MILO, BEV_KOPI_O
🛒 [5:07:12 PM] TXN-1787911632029-167-588401
   Outlet 167 | Staff: Ng Jun Hao | 3 items | S$40.71
   🚨 OUT OF STOCK: MNL_KWAY_TEOW, BEV_MILO, BEV_ORANGE_JUICE
🛒 [5:07:18 PM] TXN-1787911638617-165-161619
   Outlet 165 | Staff: Tan Wei Ming | 4 items | S$64.31
   🚨 OUT OF STOCK: LMT_SATE, BEV_LATTE, BEV_ICED_TEA, BEV_LATTE
💰 [5:07:25 PM] TXN-1787911645514-165-138501
   Outlet 165 | Staff: Lee Jia En | 2 items | S$15.93
   🚨 OUT OF STOCK: LMT_ROTI_CANAI, BEV_ICED_TEA
💰 [5:07:31 PM] TXN-1787911651784-167-499856
   Outlet 167 | Staff: Chong Wei Sheng | 2 items | S$53.10
   🚨 OUT OF STOCK: MNL_KWAY_TEOW, MNL_BEEG_HOON
💰 [5:07:38 PM] TXN-1787911658204-169-826473
   Outlet 169 | Staff: Sanjay S/O Ramesh | 2 items | S$18.88
   🚨 OUT OF STOCK: BEV_LATTE, BEV_ORANGE_JUICE
🛒 [5:07:44 PM] TXN-1787911664484-164-247604
   Outlet 164 | Staff: Rajesh Kumar | 4 items | S$75.52
   🚨 OUT OF STOCK: MNL_LAKSA, BEV_KOPI_O, BEV_MILO, MNL_CHICKEN_RICE
💰 [5:07:51 PM] TXN-1787911671461-201-291346
   Outlet 201 | Staff: None | 2 items | S$23.01
   🚨 OUT OF STOCK: MNL_CHICKEN_RICE, BEV_ICED_TEA
🛒 [5:07:58 PM] TXN-1787911678062-170-929399
   Outlet 170 | Staff: Tan Wei Ming | 4 items | S$54.28
   🚨 OUT OF STOCK: MNL_BEEG_HOON, BEV_LATTE, BEV_ICED_TEA, BEV_ORANGE_JUICE

📊 STATS:
   Total Sales: 4240
   Total Revenue: S$171098.82
   Avg Ticket: S$40.35
   Low Stock Alerts: 120
   Out of Stock: 4213
──────────────────────────────────────────────────
🛒 [5:08:05 PM] TXN-1787911685094-202-576449
   Outlet 202 | Staff: None | 3 items | S$43.66
   🚨 OUT OF STOCK: LMT_PRAWN_CRACKERS, BEV_MILO, MNL_KWAY_TEOW
🛒 [5:08:11 PM] TXN-1787911691701-201-353302
   Outlet 201 | Staff: None | 3 items | S$58.41
   🚨 OUT OF STOCK: BEV_KOPI_O, LMT_SATE, BEV_KOPI_O
🛒 [5:08:18 PM] TXN-1787911698298-200-441783
   Outlet 200 | Staff: Kumar Sanjay | 4 items | S$73.75
   🚨 OUT OF STOCK: LMT_SATE, MNL_BEEG_HOON, LMT_MIE_GORENG, BEV_ICED_TEA
💰 [5:08:25 PM] TXN-1787911705100-202-886944
   Outlet 202 | Staff: None | 2 items | S$45.43
   🚨 OUT OF STOCK: BEV_LATTE, LMT_SATE
🛒 [5:08:31 PM] TXN-1787911711367-170-274493
   Outlet 170 | Staff: Lee Jia En | 5 items | S$90.86
   🚨 OUT OF STOCK: LMT_SATE, MNL_RICE_BOWL, MNL_CHICKEN_RICE, BEV_KOPI_O, BEV_ICED_TEA
🛒 [5:08:38 PM] TXN-1787911718559-169-709264
   Outlet 169 | Staff: Tan Wei Ming | 5 items | S$71.39
   🚨 OUT OF STOCK: LMT_SATE, MNL_KWAY_TEOW, BEV_KOPI_O, MNL_KWAY_TEOW, BEV_KOPI_O
💰 [5:08:45 PM] TXN-1787911725870-201-653075
   Outlet 201 | Staff: None | 2 items | S$24.78
   🚨 OUT OF STOCK: LMT_ROTI_CANAI, MNL_KWAY_TEOW
💰 [5:08:52 PM] TXN-1787911732160-165-637641
   Outlet 165 | Staff: Muhd Danish Bin Razak | 1 items | S$9.44
   🚨 OUT OF STOCK: LMT_ROTI_CANAI
💰 [5:08:58 PM] TXN-1787911738122-170-481141
   Outlet 170 | Staff: Tan Wei Ming | 1 items | S$10.03
   🚨 OUT OF STOCK: BEV_LATTE
🛒 [5:09:04 PM] TXN-1787911744164-167-610996
   Outlet 167 | Staff: Tan Wei Ming | 3 items | S$24.19
   🚨 OUT OF STOCK: BEV_ORANGE_JUICE, BEV_KOPI_O, BEV_KOPI_O

📊 STATS:
   Total Sales: 4250
   Total Revenue: S$171550.76
   Avg Ticket: S$40.36
   Low Stock Alerts: 120
   Out of Stock: 4223
──────────────────────────────────────────────────
💰 [5:09:10 PM] TXN-1787911750758-167-112426
   Outlet 167 | Staff: Lee Jia En | 1 items | S$16.52
   🚨 OUT OF STOCK: MNL_CHICKEN_RICE
🛒 [5:09:16 PM] TXN-1787911756756-200-644754
   Outlet 200 | Staff: Syaza Aina | 3 items | S$37.76
   🚨 OUT OF STOCK: LMT_ROTI_CANAI, MNL_RICE_BOWL, MNL_KWAY_TEOW
💰 [5:09:23 PM] TXN-1787911763438-165-765646
   Outlet 165 | Staff: Tan Wei Ming | 1 items | S$11.80
   🚨 OUT OF STOCK: LMT_MIE_GORENG
🛒 [5:09:29 PM] TXN-1787911769415-167-624691
   Outlet 167 | Staff: Tan Wei Ming | 5 items | S$56.64
   🚨 OUT OF STOCK: LMT_ROTI_CANAI, BEV_LATTE, BEV_LATTE, BEV_MILO, BEV_ORANGE_JUICE
💰 [5:09:36 PM] TXN-1787911776610-164-660512
   Outlet 164 | Staff: Priya D/O Mani | 2 items | S$25.37
   🚨 OUT OF STOCK: LMT_SATE, BEV_KOPI_O
💰 [5:09:42 PM] TXN-1787911782959-169-734711
   Outlet 169 | Staff: Sanjay S/O Ramesh | 1 items | S$7.67
   🚨 OUT OF STOCK: BEV_KOPI_O
🛒 [5:09:48 PM] TXN-1787911788917-165-612950
   Outlet 165 | Staff: Lee Jia En | 5 items | S$83.78
   🚨 OUT OF STOCK: LMT_SATE, BEV_MILO, BEV_MILO, BEV_ICED_TEA, BEV_LATTE
🛒 [5:09:56 PM] TXN-1787911796041-170-571679
   Outlet 170 | Staff: Tan Wei Ming | 4 items | S$54.87
   🚨 OUT OF STOCK: LMT_ROTI_CANAI, BEV_MILO, BEV_LATTE, BEV_ORANGE_JUICE
🛒 [5:10:02 PM] TXN-1787911802811-201-995415
   Outlet 201 | Staff: None | 3 items | S$32.45
   🚨 OUT OF STOCK: BEV_KOPI_O, BEV_ICED_TEA, LMT_MIE_GORENG
💰 [5:10:09 PM] TXN-1787911809455-200-265168
   Outlet 200 | Staff: Kumar Sanjay | 2 items | S$20.65
   🚨 OUT OF STOCK: BEV_KOPI_O, BEV_ICED_TEA

📊 STATS:
   Total Sales: 4260
   Total Revenue: S$171898.27
   Avg Ticket: S$40.35
   Low Stock Alerts: 120
   Out of Stock: 4233
──────────────────────────────────────────────────
🛒 [5:10:15 PM] TXN-1787911815741-169-678700
   Outlet 169 | Staff: Sanjay S/O Ramesh | 3 items | S$39.53
   🚨 OUT OF STOCK: BEV_LATTE, BEV_ICED_TEA, BEV_MILO
💰 [5:10:22 PM] TXN-1787911822282-170-261826
   Outlet 170 | Staff: Tan Wei Ming | 1 items | S$14.16
   🚨 OUT OF STOCK: LMT_NASI_GORENG
💰 [5:10:28 PM] TXN-1787911828285-167-489266
   Outlet 167 | Staff: Ahmad Faiz Bin Hassan | 2 items | S$30.68
   🚨 OUT OF STOCK: LMT_MIE_GORENG, LMT_ROTI_CANAI
🛒 [5:10:34 PM] TXN-1787911834540-165-416686
   Outlet 165 | Staff: Lee Jia En | 3 items | S$25.37
   🚨 OUT OF STOCK: BEV_KOPI_O, BEV_KOPI_O, BEV_LATTE
🛒 [5:10:41 PM] TXN-1787911841073-165-353631
   Outlet 165 | Staff: Tan Wei Ming | 3 items | S$37.17
   🚨 OUT OF STOCK: MNL_LAKSA, BEV_LATTE, BEV_ORANGE_JUICE
🛒 [5:10:47 PM] TXN-1787911847639-164-747168
   Outlet 164 | Staff: Rajesh Kumar | 4 items | S$40.12
   🚨 OUT OF STOCK: BEV_LATTE, LMT_MIE_GORENG, LMT_ROTI_CANAI, BEV_ORANGE_JUICE
🛒 [5:10:54 PM] TXN-1787911854441-171-644070
   Outlet 171 | Staff: Nur Aisyah | 3 items | S$35.99
   🚨 OUT OF STOCK: LMT_ROTI_CANAI, BEV_ORANGE_JUICE, BEV_ORANGE_JUICE
🛒 [5:11:00 PM] TXN-1787911860917-200-356658
   Outlet 200 | Staff: Priya D/O Mani | 5 items | S$73.75
   🚨 OUT OF STOCK: MNL_CHICKEN_RICE, BEV_MILO, BEV_KOPI_O, BEV_MILO, BEV_ORANGE_JUICE
🛒 [5:11:08 PM] TXN-1787911868036-165-513252
   Outlet 165 | Staff: Tan Wei Ming | 4 items | S$57.23
   🚨 OUT OF STOCK: MNL_KWAY_TEOW, BEV_ICED_TEA, BEV_LATTE, MNL_BEEG_HOON
🛒 [5:11:14 PM] TXN-1787911874990-171-221629
   Outlet 171 | Staff: Chua Kai Xin | 4 items | S$48.97
   🚨 OUT OF STOCK: LMT_NASI_GORENG, BEV_KOPI_O, BEV_ICED_TEA, BEV_ICED_TEA

📊 STATS:
   Total Sales: 4270
   Total Revenue: S$172301.24
   Avg Ticket: S$40.35
   Low Stock Alerts: 120
   Out of Stock: 4243
──────────────────────────────────────────────────
🛒 [5:11:21 PM] TXN-1787911881843-202-172842
   Outlet 202 | Staff: None | 5 items | S$90.27
   🚨 OUT OF STOCK: LMT_PRAWN_CRACKERS, MNL_BEEG_HOON, BEV_KOPI_O, LMT_MIE_GORENG, LMT_NASI_GORENG
🛒 [5:11:29 PM] TXN-1787911889174-165-116666
   Outlet 165 | Staff: Lee Jia En | 3 items | S$34.22
   🚨 OUT OF STOCK: BEV_ICED_TEA, BEV_KOPI_O, BEV_LATTE
🛒 [5:11:35 PM] TXN-1787911895734-165-814889
   Outlet 165 | Staff: Tan Wei Ming | 5 items | S$40.12
   🚨 OUT OF STOCK: LMT_MIE_GORENG, BEV_ICED_TEA, BEV_ORANGE_JUICE, BEV_ICED_TEA, BEV_ICED_TEA
🛒 [5:11:42 PM] TXN-1787911902902-171-705716
   Outlet 171 | Staff: Muhd Danish Bin Razak | 3 items | S$36.58
   🚨 OUT OF STOCK: LMT_MIE_GORENG, MNL_CHICKEN_RICE, BEV_MILO
💰 [5:11:49 PM] TXN-1787911909651-171-544277
   Outlet 171 | Staff: Sanjay S/O Ramesh | 1 items | S$15.34
   🚨 OUT OF STOCK: MNL_KWAY_TEOW
💰 [5:11:55 PM] TXN-1787911915697-165-850018
   Outlet 165 | Staff: Lee Jia En | 2 items | S$25.37
   🚨 OUT OF STOCK: BEV_ORANGE_JUICE, BEV_MILO
🛒 [5:12:02 PM] TXN-1787911922013-171-708856
   Outlet 171 | Staff: Nur Aisyah | 4 items | S$36.58
   🚨 OUT OF STOCK: LMT_MIE_GORENG, BEV_MILO, BEV_ORANGE_JUICE, BEV_KOPI_O
🛒 [5:12:08 PM] TXN-1787911928841-202-851059
   Outlet 202 | Staff: None | 3 items | S$47.79
   🚨 OUT OF STOCK: LMT_MIE_GORENG, MNL_RICE_BOWL, BEV_LATTE
🛒 [5:12:15 PM] TXN-1787911935325-169-974036
   Outlet 169 | Staff: Tan Wei Ming | 4 items | S$65.49
   🚨 OUT OF STOCK: MNL_RICE_BOWL, LMT_ROTI_CANAI, BEV_ICED_TEA, MNL_LAKSA
🛒 [5:12:22 PM] TXN-1787911942167-202-223794
   Outlet 202 | Staff: None | 5 items | S$58.41
   🚨 OUT OF STOCK: LMT_PRAWN_CRACKERS, LMT_SATE, BEV_MILO, LMT_PRAWN_CRACKERS, BEV_LATTE

📊 STATS:
   Total Sales: 4280
   Total Revenue: S$172751.41
   Avg Ticket: S$40.36
   Low Stock Alerts: 120
   Out of Stock: 4253
──────────────────────────────────────────────────
🛒 [5:12:29 PM] TXN-1787911949279-202-338851
   Outlet 202 | Staff: None | 3 items | S$33.63
   🚨 OUT OF STOCK: MNL_LAKSA, BEV_ORANGE_JUICE, BEV_ICED_TEA
🛒 [5:12:36 PM] TXN-1787911956030-167-129188
   Outlet 167 | Staff: Chong Wei Sheng | 3 items | S$38.35
   🚨 OUT OF STOCK: BEV_LATTE, BEV_MILO, BEV_LATTE
🛒 [5:12:42 PM] TXN-1787911962642-202-782791
   Outlet 202 | Staff: None | 4 items | S$42.48
   🚨 OUT OF STOCK: LMT_SATE, BEV_ICED_TEA, BEV_ORANGE_JUICE, LMT_ROTI_CANAI
💰 [5:12:49 PM] TXN-1787911969631-201-787951
   Outlet 201 | Staff: None | 2 items | S$16.52
   🚨 OUT OF STOCK: BEV_ORANGE_JUICE, BEV_KOPI_O
🛒 [5:12:56 PM] TXN-1787911976148-167-451667
   Outlet 167 | Staff: Tan Wei Ming | 5 items | S$41.30
   🚨 OUT OF STOCK: BEV_KOPI_O, BEV_KOPI_O, BEV_ICED_TEA, BEV_KOPI_O, LMT_MIE_GORENG
💰 [5:13:03 PM] TXN-1787911983266-201-960450
   Outlet 201 | Staff: None | 2 items | S$31.86
   🚨 OUT OF STOCK: LMT_NASI_GORENG, BEV_ORANGE_JUICE
🛒 [5:13:09 PM] TXN-1787911989520-164-516931
   Outlet 164 | Staff: Rajesh Kumar | 5 items | S$63.72
   ⚠️ LOW STOCK: LMT_PRAWN_CRACKERS, LMT_PRAWN_CRACKERS
   🚨 OUT OF STOCK: BEV_LATTE, BEV_MILO, BEV_ICED_TEA
🛒 [5:13:16 PM] TXN-1787911996581-200-758049
   Outlet 200 | Staff: Priya D/O Mani | 5 items | S$69.62
   🚨 OUT OF STOCK: BEV_ORANGE_JUICE, BEV_LATTE, BEV_ICED_TEA, BEV_KOPI_O, MNL_LAKSA
🛒 [5:13:23 PM] TXN-1787912003836-164-238082
   Outlet 164 | Staff: Nurul Huda Bte Ali | 3 items | S$34.81
   🚨 OUT OF STOCK: BEV_KOPI_O, BEV_KOPI_O, LMT_MIE_GORENG
💰 [5:13:30 PM] TXN-1787912010434-170-741971
   Outlet 170 | Staff: Tan Wei Ming | 1 items | S$9.44
   🚨 OUT OF STOCK: LMT_ROTI_CANAI

📊 STATS:
   Total Sales: 4290
   Total Revenue: S$173133.14
   Avg Ticket: S$40.36
   Low Stock Alerts: 121
   Out of Stock: 4263
──────────────────────────────────────────────────
💰 [5:13:36 PM] TXN-1787912016596-202-341870
   Outlet 202 | Staff: None | 2 items | S$20.06
   🚨 OUT OF STOCK: LMT_MIE_GORENG, BEV_MILO
💰 [5:13:43 PM] TXN-1787912023159-201-642623
   Outlet 201 | Staff: None | 1 items | S$11.80
   🚨 OUT OF STOCK: LMT_MIE_GORENG
🛒 [5:13:49 PM] TXN-1787912029160-167-609123
   Outlet 167 | Staff: Ahmad Faiz Bin Hassan | 4 items | S$50.74
   🚨 OUT OF STOCK: BEV_ORANGE_JUICE, MNL_BEEG_HOON, BEV_KOPI_O, BEV_KOPI_O
🛒 [5:13:56 PM] TXN-1787912036106-202-550480
   Outlet 202 | Staff: None | 4 items | S$43.66
   🚨 OUT OF STOCK: MNL_CHICKEN_RICE, BEV_MILO, LMT_PRAWN_CRACKERS, LMT_NASI_GORENG
🛒 [5:14:02 PM] TXN-1787912042942-167-586144
   Outlet 167 | Staff: Ng Jun Hao | 4 items | S$39.53
   🚨 OUT OF STOCK: LMT_NASI_GORENG, BEV_ORANGE_JUICE, BEV_ICED_TEA, BEV_LATTE
🛒 [5:14:09 PM] TXN-1787912049794-165-202979
   Outlet 165 | Staff: Lee Jia En | 5 items | S$70.80
   🚨 OUT OF STOCK: LMT_NASI_GORENG, BEV_ORANGE_JUICE, BEV_ORANGE_JUICE, BEV_LATTE, BEV_LATTE
💰 [5:14:17 PM] TXN-1787912057280-167-963762
   Outlet 167 | Staff: Muhd Danish Bin Razak | 1 items | S$15.34
   🚨 OUT OF STOCK: MNL_KWAY_TEOW
🛒 [5:14:23 PM] TXN-1787912063281-200-220264
   Outlet 200 | Staff: Priya D/O Mani | 3 items | S$56.64
   🚨 OUT OF STOCK: LMT_SATE, LMT_MIE_GORENG, BEV_KOPI_O
💰 [5:14:29 PM] TXN-1787912069811-170-276767
   Outlet 170 | Staff: Rajesh Kumar | 1 items | S$11.80
   🚨 OUT OF STOCK: LMT_MIE_GORENG
💰 [5:14:35 PM] TXN-1787912075758-169-968185
   Outlet 169 | Staff: Koh Jia Yi | 1 items | S$18.29
   🚨 OUT OF STOCK: MNL_LAKSA

📊 STATS:
   Total Sales: 4300
   Total Revenue: S$173471.80
   Avg Ticket: S$40.34
   Low Stock Alerts: 121
   Out of Stock: 4273
──────────────────────────────────────────────────
🛒 [5:14:42 PM] TXN-1787912082079-164-359408
   Outlet 164 | Staff: Ahmad Faiz Bin Hassan | 4 items | S$48.97
   🚨 OUT OF STOCK: MNL_KWAY_TEOW, BEV_LATTE, BEV_KOPI_O, BEV_MILO
💰 [5:14:49 PM] TXN-1787912089025-164-603248
   Outlet 164 | Staff: Tan Wei Ming | 1 items | S$8.85
   🚨 OUT OF STOCK: BEV_ORANGE_JUICE
🛒 [5:14:55 PM] TXN-1787912095045-168-339523
   Outlet 168 | Staff: Ng Jun Hao | 5 items | S$67.26
   🚨 OUT OF STOCK: BEV_LATTE, BEV_KOPI_O, BEV_LATTE, BEV_LATTE, LMT_ROTI_CANAI
🛒 [5:15:02 PM] TXN-1787912102055-164-831587
   Outlet 164 | Staff: Nurul Huda Bte Ali | 3 items | S$35.40
   🚨 OUT OF STOCK: LMT_NASI_GORENG, MNL_RICE_BOWL, BEV_MILO
💰 [5:15:08 PM] TXN-1787912108895-171-780249
   Outlet 171 | Staff: Chua Kai Xin | 1 items | S$9.44
   🚨 OUT OF STOCK: LMT_ROTI_CANAI
🛒 [5:15:14 PM] TXN-1787912114989-201-596276
   Outlet 201 | Staff: None | 4 items | S$50.74
   🚨 OUT OF STOCK: BEV_ICED_TEA, BEV_LATTE, BEV_KOPI_O, LMT_ROTI_CANAI
🛒 [5:15:22 PM] TXN-1787912122048-165-277511
   Outlet 165 | Staff: Lee Jia En | 3 items | S$37.76
   🚨 OUT OF STOCK: BEV_KOPI_O, BEV_LATTE, BEV_LATTE
💰 [5:15:28 PM] TXN-1787912128816-167-216370
   Outlet 167 | Staff: Ng Jun Hao | 1 items | S$18.88
   🚨 OUT OF STOCK: MNL_BEEG_HOON
💰 [5:15:34 PM] TXN-1787912134794-201-583391
   Outlet 201 | Staff: None | 1 items | S$8.85
   🚨 OUT OF STOCK: BEV_ORANGE_JUICE
🛒 [5:15:40 PM] TXN-1787912140879-200-462031
   Outlet 200 | Staff: Syaza Aina | 5 items | S$55.46
   🚨 OUT OF STOCK: BEV_ICED_TEA, BEV_KOPI_O, BEV_MILO, MNL_CHICKEN_RICE, BEV_MILO

📊 STATS:
   Total Sales: 4310
   Total Revenue: S$173813.41
   Avg Ticket: S$40.33
   Low Stock Alerts: 121
   Out of Stock: 4283
──────────────────────────────────────────────────
🛒 [5:15:48 PM] TXN-1787912148220-165-446176
   Outlet 165 | Staff: Tan Wei Ming | 3 items | S$48.38
   🚨 OUT OF STOCK: MNL_KWAY_TEOW, BEV_ORANGE_JUICE, MNL_KWAY_TEOW
💰 [5:15:54 PM] TXN-1787912154764-164-953878
   Outlet 164 | Staff: Ahmad Faiz Bin Hassan | 1 items | S$15.34
   🚨 OUT OF STOCK: MNL_KWAY_TEOW
🛒 [5:16:00 PM] TXN-1787912160742-202-707740
   Outlet 202 | Staff: None | 3 items | S$46.02
   🚨 OUT OF STOCK: LMT_ROTI_CANAI, BEV_LATTE, BEV_MILO
💰 [5:16:07 PM] TXN-1787912167427-200-817255
   Outlet 200 | Staff: Syaza Aina | 1 items | S$15.34
   🚨 OUT OF STOCK: MNL_KWAY_TEOW
💰 [5:16:13 PM] TXN-1787912173458-202-465732
   Outlet 202 | Staff: None | 2 items | S$35.40
   🚨 OUT OF STOCK: MNL_BEEG_HOON, BEV_MILO
🛒 [5:16:20 PM] TXN-1787912180059-170-198314
   Outlet 170 | Staff: Ng Jun Hao | 5 items | S$69.62
   🚨 OUT OF STOCK: MNL_CHICKEN_RICE, BEV_ORANGE_JUICE, BEV_ORANGE_JUICE, MNL_CHICKEN_RICE, BEV_LATTE
💰 [5:16:27 PM] TXN-1787912187328-165-403825
   Outlet 165 | Staff: Lee Jia En | 1 items | S$7.67
   🚨 OUT OF STOCK: BEV_KOPI_O
💰 [5:16:33 PM] TXN-1787912193487-168-284160
   Outlet 168 | Staff: Priya D/O Mani | 1 items | S$7.67
   🚨 OUT OF STOCK: BEV_KOPI_O
🛒 [5:16:39 PM] TXN-1787912199475-171-216375
   Outlet 171 | Staff: Rajesh Kumar | 5 items | S$71.98
   🚨 OUT OF STOCK: LMT_MIE_GORENG, BEV_LATTE, LMT_MIE_GORENG, BEV_MILO, BEV_LATTE
💰 [5:16:46 PM] TXN-1787912206553-164-529452
   Outlet 164 | Staff: Rajesh Kumar | 2 items | S$45.43
   🚨 OUT OF STOCK: BEV_LATTE, LMT_SATE

📊 STATS:
   Total Sales: 4320
   Total Revenue: S$174176.26
   Avg Ticket: S$40.32
   Low Stock Alerts: 121
   Out of Stock: 4293
──────────────────────────────────────────────────
💰 [5:16:52 PM] TXN-1787912212908-170-626470
   Outlet 170 | Staff: Tan Wei Ming | 1 items | S$18.88
   🚨 OUT OF STOCK: MNL_BEEG_HOON
💰 [5:16:58 PM] TXN-1787912218959-169-294834
   Outlet 169 | Staff: Lee Jia En | 1 items | S$15.34
   🚨 OUT OF STOCK: MNL_KWAY_TEOW
🛒 [5:17:05 PM] TXN-1787912225059-202-149162
   Outlet 202 | Staff: None | 4 items | S$59.59
   🚨 OUT OF STOCK: MNL_CHICKEN_RICE, MNL_BEEG_HOON, BEV_KOPI_O, BEV_MILO
💰 [5:17:12 PM] TXN-1787912232283-200-517852
   Outlet 200 | Staff: Syaza Aina | 1 items | S$8.26
   🚨 OUT OF STOCK: BEV_MILO
💰 [5:17:18 PM] TXN-1787912238279-200-991597
   Outlet 200 | Staff: Syaza Aina | 2 items | S$19.47
   🚨 OUT OF STOCK: LMT_ROTI_CANAI, BEV_LATTE
🛒 [5:17:24 PM] TXN-1787912244515-171-154673
   Outlet 171 | Staff: Nur Aisyah | 3 items | S$37.76
   🚨 OUT OF STOCK: LMT_MIE_GORENG, BEV_MILO, BEV_ORANGE_JUICE
🛒 [5:17:31 PM] TXN-1787912251176-170-780081
   Outlet 170 | Staff: Tan Wei Ming | 4 items | S$84.37
   🚨 OUT OF STOCK: MNL_BEEG_HOON, MNL_KWAY_TEOW, LMT_NASI_GORENG, BEV_ICED_TEA
🛒 [5:17:38 PM] TXN-1787912258159-200-978034
   Outlet 200 | Staff: Syaza Aina | 4 items | S$58.41
   🚨 OUT OF STOCK: LMT_SATE, BEV_LATTE, MNL_RICE_BOWL, BEV_KOPI_O
💰 [5:17:45 PM] TXN-1787912265070-170-133887
   Outlet 170 | Staff: Tan Wei Ming | 1 items | S$10.03
   🚨 OUT OF STOCK: BEV_LATTE
🛒 [5:17:51 PM] TXN-1787912271085-169-189861
   Outlet 169 | Staff: Sanjay S/O Ramesh | 5 items | S$76.70
   🚨 OUT OF STOCK: LMT_SATE, LMT_SATE, BEV_KOPI_O, BEV_ICED_TEA, LMT_PRAWN_CRACKERS

📊 STATS:
   Total Sales: 4330
   Total Revenue: S$174565.07
   Avg Ticket: S$40.32
   Low Stock Alerts: 121
   Out of Stock: 4303
──────────────────────────────────────────────────
🛒 [5:17:58 PM] TXN-1787912278341-201-457601
   Outlet 201 | Staff: None | 5 items | S$40.12
   🚨 OUT OF STOCK: BEV_KOPI_O, BEV_KOPI_O, BEV_MILO, BEV_KOPI_O, BEV_ORANGE_JUICE
🛒 [5:18:05 PM] TXN-1787912285465-202-467951
   Outlet 202 | Staff: None | 4 items | S$66.08
   🚨 OUT OF STOCK: BEV_ORANGE_JUICE, BEV_ICED_TEA, BEV_KOPI_O, MNL_LAKSA
🛒 [5:18:12 PM] TXN-1787912292296-201-360869
   Outlet 201 | Staff: None | 3 items | S$31.27
   🚨 OUT OF STOCK: MNL_RICE_BOWL, BEV_LATTE, BEV_MILO
💰 [5:18:19 PM] TXN-1787912299201-202-616221
   Outlet 202 | Staff: None | 2 items | S$25.96
   🚨 OUT OF STOCK: LMT_SATE, BEV_MILO
🛒 [5:18:25 PM] TXN-1787912305455-200-486762
   Outlet 200 | Staff: Kumar Sanjay | 3 items | S$33.63
   🚨 OUT OF STOCK: LMT_MIE_GORENG, BEV_KOPI_O, BEV_ICED_TEA
💰 [5:18:31 PM] TXN-1787912311951-201-808530
   Outlet 201 | Staff: None | 2 items | S$22.42
   🚨 OUT OF STOCK: LMT_NASI_GORENG, BEV_MILO
💰 [5:18:38 PM] TXN-1787912318233-171-652846
   Outlet 171 | Staff: Nur Aisyah | 2 items | S$19.47
   🚨 OUT OF STOCK: LMT_MIE_GORENG, BEV_KOPI_O
🛒 [5:18:44 PM] TXN-1787912324665-169-942643
   Outlet 169 | Staff: Muhd Danish Bin Razak | 3 items | S$59.00
   🚨 OUT OF STOCK: MNL_RICE_BOWL, MNL_CHICKEN_RICE, BEV_ICED_TEA
🛒 [5:18:51 PM] TXN-1787912331186-164-203631
   Outlet 164 | Staff: Tan Jia Min | 4 items | S$54.87
   🚨 OUT OF STOCK: LMT_SATE, LMT_NASI_GORENG, BEV_KOPI_O, BEV_KOPI_O
🛒 [5:18:57 PM] TXN-1787912337990-165-846141
   Outlet 165 | Staff: Lee Jia En | 5 items | S$76.70
   🚨 OUT OF STOCK: MNL_BEEG_HOON, LMT_NASI_GORENG, BEV_KOPI_O, BEV_ICED_TEA, BEV_ORANGE_JUICE

📊 STATS:
   Total Sales: 4340
   Total Revenue: S$174994.59
   Avg Ticket: S$40.32
   Low Stock Alerts: 121
   Out of Stock: 4313
──────────────────────────────────────────────────
🛒 [5:19:04 PM] TXN-1787912344944-165-625212
   Outlet 165 | Staff: Tan Wei Ming | 3 items | S$25.96
   🚨 OUT OF STOCK: BEV_LATTE, BEV_KOPI_O, BEV_MILO
💰 [5:19:11 PM] TXN-1787912351571-171-356846
   Outlet 171 | Staff: Ng Jun Hao | 1 items | S$10.03
   🚨 OUT OF STOCK: BEV_LATTE
🛒 [5:19:17 PM] TXN-1787912357527-167-908936
   Outlet 167 | Staff: Ahmad Faiz Bin Hassan | 5 items | S$81.42
   🚨 OUT OF STOCK: MNL_LAKSA, MNL_BEEG_HOON, BEV_LATTE, BEV_KOPI_O, BEV_ORANGE_JUICE
🛒 [5:19:24 PM] TXN-1787912364858-164-967154
   Outlet 164 | Staff: Rajesh Kumar | 3 items | S$34.22
   🚨 OUT OF STOCK: BEV_MILO, BEV_ORANGE_JUICE, BEV_MILO
💰 [5:19:31 PM] TXN-1787912371426-165-212027
   Outlet 165 | Staff: Tan Wei Ming | 1 items | S$12.98
   🚨 OUT OF STOCK: MNL_RICE_BOWL
💰 [5:19:37 PM] TXN-1787912377412-171-366007
   Outlet 171 | Staff: Tan Wei Ming | 2 items | S$17.11
   🚨 OUT OF STOCK: LMT_ROTI_CANAI, BEV_KOPI_O
🛒 [5:19:43 PM] TXN-1787912383814-171-425566
   Outlet 171 | Staff: Nurul Huda Bte Ali | 3 items | S$61.36
   🚨 OUT OF STOCK: MNL_RICE_BOWL, BEV_ORANGE_JUICE, MNL_KWAY_TEOW
🛒 [5:19:50 PM] TXN-1787912390641-169-926878
   Outlet 169 | Staff: Lee Jia En | 4 items | S$107.97
   🚨 OUT OF STOCK: MNL_LAKSA, MNL_LAKSA, MNL_LAKSA, BEV_MILO
💰 [5:19:57 PM] TXN-1787912397648-168-845847
   Outlet 168 | Staff: Chua Kai Xin | 1 items | S$14.16
   🚨 OUT OF STOCK: LMT_NASI_GORENG
🛒 [5:20:03 PM] TXN-1787912403739-169-770149
   Outlet 169 | Staff: Tan Wei Ming | 5 items | S$57.23
   ❌ Webhook failed: 408

📊 STATS:
   Total Sales: 4350
   Total Revenue: S$175417.03
   Avg Ticket: S$40.33
   Low Stock Alerts: 121
   Out of Stock: 4322
──────────────────────────────────────────────────
🛒 [5:20:13 PM] TXN-1787912413839-170-933283
   Outlet 170 | Staff: Ng Jun Hao | 5 items | S$64.31
   🚨 OUT OF STOCK: LMT_NASI_GORENG, BEV_MILO, MNL_CHICKEN_RICE, BEV_LATTE, BEV_KOPI_O
🛒 [5:20:21 PM] TXN-1787912421251-167-502938
   Outlet 167 | Staff: Ahmad Faiz Bin Hassan | 3 items | S$27.73
   🚨 OUT OF STOCK: LMT_ROTI_CANAI, BEV_MILO, BEV_LATTE
🛒 [5:20:31 PM] TXN-1787912431559-164-280488
   Outlet 164 | Staff: Ahmad Faiz Bin Hassan | 5 items | S$47.20
   🚨 OUT OF STOCK: BEV_KOPI_O, BEV_KOPI_O, BEV_ICED_TEA, BEV_LATTE, BEV_KOPI_O
💰 [5:20:41 PM] TXN-1787912441836-171-835324
   Outlet 171 | Staff: Lee Jia En | 1 items | S$7.67
   🚨 OUT OF STOCK: BEV_KOPI_O
🛒 [5:20:53 PM] TXN-1787912453044-200-137404
   Outlet 200 | Staff: Priya D/O Mani | 4 items | S$54.87
   🚨 OUT OF STOCK: MNL_CHICKEN_RICE, BEV_KOPI_O, BEV_ICED_TEA, BEV_MILO
💰 [5:21:00 PM] TXN-1787912460936-171-630969
   Outlet 171 | Staff: Ng Jun Hao | 2 items | S$29.50
   🚨 OUT OF STOCK: MNL_CHICKEN_RICE, MNL_RICE_BOWL
💰 [5:21:08 PM] TXN-1787912468527-167-839993
   Outlet 167 | Staff: Tan Wei Ming | 2 items | S$43.66
   🚨 OUT OF STOCK: MNL_KWAY_TEOW, LMT_NASI_GORENG
🛒 [5:21:16 PM] TXN-1787912476528-202-539676
   Outlet 202 | Staff: None | 4 items | S$49.56
   🚨 OUT OF STOCK: MNL_CHICKEN_RICE, BEV_ORANGE_JUICE, BEV_KOPI_O, BEV_KOPI_O
🛒 [5:21:25 PM] TXN-1787912485123-165-590485
   Outlet 165 | Staff: Ng Jun Hao | 4 items | S$36.58
   🚨 OUT OF STOCK: LMT_NASI_GORENG, BEV_ICED_TEA, BEV_KOPI_O, BEV_MILO
💰 [5:21:33 PM] TXN-1787912493940-164-465524
   Outlet 164 | Staff: Chua Kai Xin | 1 items | S$8.26
   🚨 OUT OF STOCK: BEV_MILO

📊 STATS:
   Total Sales: 4360
   Total Revenue: S$175786.37
   Avg Ticket: S$40.32
   Low Stock Alerts: 121
   Out of Stock: 4332
──────────────────────────────────────────────────
💰 [5:21:40 PM] TXN-1787912500603-170-160032
   Outlet 170 | Staff: Muhd Danish Bin Razak | 1 items | S$7.67
   🚨 OUT OF STOCK: BEV_KOPI_O
🛒 [5:21:47 PM] TXN-1787912507504-165-792178
   Outlet 165 | Staff: Tan Wei Ming | 5 items | S$69.62
   🚨 OUT OF STOCK: BEV_LATTE, BEV_KOPI_O, BEV_KOPI_O, BEV_ORANGE_JUICE, MNL_BEEG_HOON
💰 [5:21:54 PM] TXN-1787912514935-164-114191
   Outlet 164 | Staff: Rajesh Kumar | 1 items | S$8.85
   🚨 OUT OF STOCK: BEV_ORANGE_JUICE
💰 [5:22:01 PM] TXN-1787912521457-164-122072
   Outlet 164 | Staff: Nurul Huda Bte Ali | 1 items | S$14.16
   🚨 OUT OF STOCK: LMT_NASI_GORENG
💰 [5:22:08 PM] TXN-1787912528000-165-883225
   Outlet 165 | Staff: Lee Jia En | 1 items | S$10.03
   🚨 OUT OF STOCK: BEV_LATTE
🛒 [5:22:14 PM] TXN-1787912534534-168-705150
   Outlet 168 | Staff: Nurul Huda Bte Ali | 3 items | S$43.66
   🚨 OUT OF STOCK: MNL_LAKSA, BEV_LATTE, BEV_KOPI_O
🛒 [5:22:22 PM] TXN-1787912542008-171-402732
   Outlet 171 | Staff: Priya D/O Mani | 3 items | S$40.12
   🚨 OUT OF STOCK: LMT_SATE, BEV_ICED_TEA, LMT_ROTI_CANAI
🛒 [5:22:28 PM] TXN-1787912548826-170-697405
   Outlet 170 | Staff: Lim Pei Ling | 4 items | S$50.74
   🚨 OUT OF STOCK: BEV_MILO, BEV_MILO, LMT_SATE, BEV_MILO
🛒 [5:22:35 PM] TXN-1787912555846-201-456359
   Outlet 201 | Staff: None | 3 items | S$24.78
   🚨 OUT OF STOCK: BEV_ICED_TEA, BEV_MILO, BEV_LATTE
💰 [5:22:42 PM] TXN-1787912562471-168-583092
   Outlet 168 | Staff: Chua Kai Xin | 2 items | S$21.83
   🚨 OUT OF STOCK: BEV_ORANGE_JUICE, BEV_ICED_TEA

📊 STATS:
   Total Sales: 4370
   Total Revenue: S$176077.83
   Avg Ticket: S$40.29
   Low Stock Alerts: 121
   Out of Stock: 4342
──────────────────────────────────────────────────
🛒 [5:22:48 PM] TXN-1787912568843-171-464042
   Outlet 171 | Staff: Lee Jia En | 4 items | S$57.82
   🚨 OUT OF STOCK: LMT_PRAWN_CRACKERS, BEV_ICED_TEA, BEV_LATTE, BEV_LATTE
🛒 [5:22:56 PM] TXN-1787912576199-200-874089
   Outlet 200 | Staff: Priya D/O Mani | 4 items | S$41.30
   🚨 OUT OF STOCK: LMT_PRAWN_CRACKERS, MNL_RICE_BOWL, BEV_KOPI_O, BEV_MILO
💰 [5:23:03 PM] TXN-1787912583000-169-330490
   Outlet 169 | Staff: Tan Wei Ming | 1 items | S$18.88
   🚨 OUT OF STOCK: MNL_BEEG_HOON
💰 [5:23:09 PM] TXN-1787912589057-168-674859
   Outlet 168 | Staff: Priya D/O Mani | 1 items | S$8.85
   🚨 OUT OF STOCK: BEV_ORANGE_JUICE
🛒 [5:23:15 PM] TXN-1787912595289-168-274567
   Outlet 168 | Staff: Lee Jia En | 4 items | S$67.85
   🚨 OUT OF STOCK: BEV_LATTE, BEV_LATTE, MNL_BEEG_HOON, BEV_LATTE
🛒 [5:23:22 PM] TXN-1787912602212-171-384016
   Outlet 171 | Staff: Lee Jia En | 4 items | S$60.18
   🚨 OUT OF STOCK: BEV_MILO, BEV_LATTE, BEV_LATTE, LMT_MIE_GORENG
🛒 [5:23:29 PM] TXN-1787912609018-164-567503
   Outlet 164 | Staff: Nurul Huda Bte Ali | 5 items | S$73.75
   ⚠️ LOW STOCK: LMT_PRAWN_CRACKERS
   🚨 OUT OF STOCK: MNL_LAKSA, BEV_ICED_TEA, BEV_ICED_TEA, BEV_LATTE
💰 [5:23:36 PM] TXN-1787912616488-168-274983
   Outlet 168 | Staff: Li Ying Zhi | 1 items | S$18.29
   🚨 OUT OF STOCK: MNL_LAKSA
💰 [5:23:42 PM] TXN-1787912622536-201-382248
   Outlet 201 | Staff: None | 1 items | S$7.67
   🚨 OUT OF STOCK: BEV_KOPI_O
💰 [5:23:48 PM] TXN-1787912628463-167-577378
   Outlet 167 | Staff: Tan Wei Ming | 2 items | S$28.91
   🚨 OUT OF STOCK: BEV_ORANGE_JUICE, BEV_LATTE

📊 STATS:
   Total Sales: 4380
   Total Revenue: S$176461.33
   Avg Ticket: S$40.29
   Low Stock Alerts: 122
   Out of Stock: 4352
──────────────────────────────────────────────────
🛒 [5:23:54 PM] TXN-1787912634738-171-381907
   Outlet 171 | Staff: Nur Aisyah | 3 items | S$27.73
   🚨 OUT OF STOCK: BEV_LATTE, BEV_KOPI_O, BEV_LATTE
🛒 [5:24:01 PM] TXN-1787912641253-168-329590
   Outlet 168 | Staff: Chua Kai Xin | 5 items | S$88.50
   🚨 OUT OF STOCK: MNL_LAKSA, BEV_KOPI_O, BEV_LATTE, MNL_LAKSA, MNL_CHICKEN_RICE
💰 [5:24:09 PM] TXN-1787912649309-171-270200
   Outlet 171 | Staff: Lee Jia En | 1 items | S$8.85
   🚨 OUT OF STOCK: BEV_ORANGE_JUICE
💰 [5:24:15 PM] TXN-1787912655318-167-761109
   Outlet 167 | Staff: Ahmad Faiz Bin Hassan | 2 items | S$34.22
   🚨 OUT OF STOCK: MNL_CHICKEN_RICE, BEV_ORANGE_JUICE
🛒 [5:24:21 PM] TXN-1787912661611-202-785938
   Outlet 202 | Staff: None | 5 items | S$81.42
   🚨 OUT OF STOCK: LMT_MIE_GORENG, LMT_SATE, BEV_ORANGE_JUICE, BEV_MILO, BEV_ORANGE_JUICE
🛒 [5:24:28 PM] TXN-1787912668788-200-662895
   Outlet 200 | Staff: Kumar Sanjay | 4 items | S$46.02
   🚨 OUT OF STOCK: BEV_LATTE, BEV_MILO, BEV_KOPI_O, BEV_LATTE
🛒 [5:24:35 PM] TXN-1787912675609-167-528514
   Outlet 167 | Staff: Nurul Huda Bte Ali | 4 items | S$53.69
   🚨 OUT OF STOCK: MNL_KWAY_TEOW, MNL_CHICKEN_RICE, BEV_ICED_TEA, BEV_ORANGE_JUICE
🛒 [5:24:42 PM] TXN-1787912682363-171-514018
   Outlet 171 | Staff: Priya D/O Mani | 4 items | S$48.38
   🚨 OUT OF STOCK: LMT_MIE_GORENG, LMT_MIE_GORENG, BEV_MILO, BEV_MILO
💰 [5:24:49 PM] TXN-1787912689157-167-629234
   Outlet 167 | Staff: Lee Jia En | 1 items | S$17.70
   🚨 OUT OF STOCK: LMT_SATE
💰 [5:24:55 PM] TXN-1787912695130-165-859261
   Outlet 165 | Staff: Lee Jia En | 1 items | S$14.16
   🚨 OUT OF STOCK: LMT_NASI_GORENG

📊 STATS:
   Total Sales: 4390
   Total Revenue: S$176882.00
   Avg Ticket: S$40.29
   Low Stock Alerts: 122
   Out of Stock: 4362
──────────────────────────────────────────────────
💰 [5:25:01 PM] TXN-1787912701165-171-577704
   Outlet 171 | Staff: Rajesh Kumar | 1 items | S$8.85
   🚨 OUT OF STOCK: BEV_ORANGE_JUICE
🛒 [5:25:07 PM] TXN-1787912707211-164-814565
   Outlet 164 | Staff: Rajesh Kumar | 3 items | S$21.83
   🚨 OUT OF STOCK: BEV_KOPI_O, BEV_ICED_TEA, BEV_KOPI_O
💰 [5:25:14 PM] TXN-1787912714092-164-897148
   Outlet 164 | Staff: Ng Jun Hao | 2 items | S$15.93
   ⚠️ LOW STOCK: LMT_PRAWN_CRACKERS
   🚨 OUT OF STOCK: BEV_ICED_TEA
💰 [5:25:20 PM] TXN-1787912720293-164-169573
   Outlet 164 | Staff: Ng Jun Hao | 2 items | S$12.98
   🚨 OUT OF STOCK: BEV_ICED_TEA, BEV_ICED_TEA
🛒 [5:25:26 PM] TXN-1787912726598-167-962002
   Outlet 167 | Staff: Rajesh Kumar | 4 items | S$69.62
   🚨 OUT OF STOCK: BEV_MILO, BEV_LATTE, BEV_MILO, MNL_CHICKEN_RICE
🛒 [5:25:33 PM] TXN-1787912733443-167-799533
   Outlet 167 | Staff: Nurul Huda Bte Ali | 3 items | S$41.30
   🚨 OUT OF STOCK: MNL_BEEG_HOON, BEV_MILO, LMT_NASI_GORENG
💰 [5:25:39 PM] TXN-1787912739984-200-552896
   Outlet 200 | Staff: Syaza Aina | 2 items | S$14.16
   🚨 OUT OF STOCK: BEV_KOPI_O, BEV_ICED_TEA
🛒 [5:25:46 PM] TXN-1787912746185-200-609060
   Outlet 200 | Staff: Syaza Aina | 4 items | S$62.54
   🚨 OUT OF STOCK: BEV_ICED_TEA, MNL_CHICKEN_RICE, BEV_KOPI_O, BEV_KOPI_O
🛒 [5:25:52 PM] TXN-1787912752931-167-391467
   Outlet 167 | Staff: Ng Jun Hao | 4 items | S$37.76
   🚨 OUT OF STOCK: LMT_SATE, BEV_ICED_TEA, LMT_PRAWN_CRACKERS, BEV_ORANGE_JUICE
🛒 [5:25:59 PM] TXN-1787912759681-167-524781
   Outlet 167 | Staff: Nurul Huda Bte Ali | 4 items | S$60.77
   🚨 OUT OF STOCK: BEV_ICED_TEA, BEV_ORANGE_JUICE, BEV_KOPI_O, MNL_BEEG_HOON

📊 STATS:
   Total Sales: 4400
   Total Revenue: S$177227.74
   Avg Ticket: S$40.28
   Low Stock Alerts: 123
   Out of Stock: 4372
──────────────────────────────────────────────────
🛒 [5:26:06 PM] TXN-1787912766448-171-423109
   Outlet 171 | Staff: Tan Mei Hua | 5 items | S$106.20
   🚨 OUT OF STOCK: LMT_SATE, MNL_LAKSA, BEV_KOPI_O, BEV_LATTE, BEV_MILO
🛒 [5:26:13 PM] TXN-1787912773581-170-547663
   Outlet 170 | Staff: Tan Wei Ming | 5 items | S$82.60
   🚨 OUT OF STOCK: BEV_ORANGE_JUICE, BEV_ORANGE_JUICE, BEV_ICED_TEA, LMT_MIE_GORENG, MNL_BEEG_HOON
🛒 [5:26:20 PM] TXN-1787912780672-169-635476
   Outlet 169 | Staff: Ng Jun Hao | 5 items | S$81.42
   🚨 OUT OF STOCK: BEV_LATTE, BEV_ORANGE_JUICE, BEV_ICED_TEA, MNL_RICE_BOWL, MNL_LAKSA
🛒 [5:26:27 PM] TXN-1787912787806-167-713378
   Outlet 167 | Staff: Rajesh Kumar | 3 items | S$34.81
   🚨 OUT OF STOCK: BEV_ICED_TEA, BEV_LATTE, MNL_LAKSA
🛒 [5:26:34 PM] TXN-1787912794359-171-636456
   Outlet 171 | Staff: Nur Aisyah | 3 items | S$44.25
   🚨 OUT OF STOCK: LMT_SATE, BEV_LATTE, BEV_MILO
💰 [5:26:40 PM] TXN-1787912800950-164-686377
   Outlet 164 | Staff: Ng Jun Hao | 2 items | S$33.04
   🚨 OUT OF STOCK: MNL_RICE_BOWL, BEV_LATTE
🛒 [5:26:47 PM] TXN-1787912807398-167-742681
   Outlet 167 | Staff: Lee Jia En | 5 items | S$67.26
   🚨 OUT OF STOCK: LMT_ROTI_CANAI, BEV_KOPI_O, MNL_LAKSA, BEV_MILO, MNL_KWAY_TEOW
💰 [5:26:54 PM] TXN-1787912814503-201-940671
   Outlet 201 | Staff: None | 1 items | S$8.26
   🚨 OUT OF STOCK: BEV_MILO
🛒 [5:27:00 PM] TXN-1787912820472-167-536063
   Outlet 167 | Staff: Tan Wei Ming | 5 items | S$79.06
   🚨 OUT OF STOCK: LMT_ROTI_CANAI, BEV_LATTE, BEV_ORANGE_JUICE, MNL_BEEG_HOON, BEV_ICED_TEA
💰 [5:27:07 PM] TXN-1787912827785-200-190499
   Outlet 200 | Staff: Syaza Aina | 1 items | S$11.80
   🚨 OUT OF STOCK: LMT_MIE_GORENG

📊 STATS:
   Total Sales: 4410
   Total Revenue: S$177776.44
   Avg Ticket: S$40.31
   Low Stock Alerts: 123
   Out of Stock: 4382
──────────────────────────────────────────────────
🛒 [5:27:13 PM] TXN-1787912833933-169-747118
   Outlet 169 | Staff: Sanjay S/O Ramesh | 5 items | S$43.66
   🚨 OUT OF STOCK: LMT_PRAWN_CRACKERS, BEV_MILO, LMT_ROTI_CANAI, BEV_MILO, BEV_ICED_TEA
🛒 [5:27:22 PM] TXN-1787912842211-165-323281
   Outlet 165 | Staff: Tan Wei Ming | 3 items | S$23.60
   🚨 OUT OF STOCK: BEV_MILO, BEV_KOPI_O, BEV_KOPI_O
🛒 [5:27:29 PM] TXN-1787912849421-171-585797
   Outlet 171 | Staff: Rajesh Kumar | 3 items | S$25.37
   🚨 OUT OF STOCK: LMT_MIE_GORENG, BEV_ORANGE_JUICE, LMT_PRAWN_CRACKERS
💰 [5:27:37 PM] TXN-1787912857080-171-359430
   Outlet 171 | Staff: Chua Kai Xin | 2 items | S$11.21
   🚨 OUT OF STOCK: LMT_PRAWN_CRACKERS, BEV_ICED_TEA
💰 [5:27:43 PM] TXN-1787912863475-164-917375
   Outlet 164 | Staff: Tan Wei Ming | 2 items | S$25.96
   🚨 OUT OF STOCK: MNL_LAKSA, BEV_KOPI_O
💰 [5:27:49 PM] TXN-1787912869730-164-135003
   Outlet 164 | Staff: Rajesh Kumar | 2 items | S$27.73
   🚨 OUT OF STOCK: LMT_SATE, BEV_LATTE
🛒 [5:27:56 PM] TXN-1787912876082-202-976222
   Outlet 202 | Staff: None | 4 items | S$40.12
   🚨 OUT OF STOCK: MNL_KWAY_TEOW, LMT_ROTI_CANAI, BEV_ORANGE_JUICE, BEV_ICED_TEA
💰 [5:28:03 PM] TXN-1787912883380-169-401692
   Outlet 169 | Staff: Ng Jun Hao | 2 items | S$25.96
   🚨 OUT OF STOCK: BEV_MILO, BEV_ORANGE_JUICE
